ExperimentID,FrameID,Timestamp,CurrentFrameID,ReferenceFrameID,MiddleFrameID,Similarity,SimilarityType,MatchingPoints,Confidence,Decision,MemoryState,MemoryID,MemorySize,ReplaceCount,KeepCount,Runtime,CPUTime,GPUTime,VRAM,FPS,GeometryScore,DepthConsistency,CameraMotion,ActionEmbedding,ActionType,ActionMagnitude,FusionWeight,FusionEntropy,FusionDecision,SemanticScore,SemanticConfidence,PhysicalScore,PhysicalConfidence,EvidenceType,PolicyConfidence,DecisionConfidence,ExtraFields
Experiment002,9,1785641266.1515772,9,2,5,0.9850013367831707,depth,225280,0.9850013367831707,physmem_keep,0 1 2 6 7 8 9 10 11,stableworld_tri_9,9,1,6,667.7630171179771,,,,,0.9850013367831707,,,,Viewpoint Locomotion,0.6666666865348816,0.6515129442205996,,KEEP,0.7692466974258423,,,,depth,0.9850013367831707,0.9850013367831707,"{""frame_id"": 9, ""current_frame_id"": 9, ""similarity"": 0.9850013367831707, ""similarity_type"": ""depth"", ""matching_points"": 225280, ""confidence"": 0.9850013367831707, ""decision"": ""physmem_keep"", ""memory_state"": [0, 1, 2, 6, 7, 8, 9, 10, 11], ""memory_id"": ""stableworld_tri_9"", ""memory_size"": 9, ""replace_count"": 1, ""keep_count"": 6, ""runtime"": 667.7630171179771, ""pose_event"": """", ""use_pose_memory"": true, ""view_intent"": ""Turn Left"", ""move_intent"": ""Right"", ""has_view_motion"": true, ""has_move_motion"": true, ""action_explanation"": ""viewpoint_locomotion"", ""pose_delta_position"": 0.6666666865348816, ""view_state"": ""Novel View"", ""view_confidence"": 0.0, ""view_pose_distance"": Infinity, ""view_yaw_delta"": Infinity, ""nearest_view_frame_id"": null, ""memory_selection_mode"": ""protect_current"", ""memory_selection_target"": null, ""memory_selection_anchor_type"": """", ""memory_selection_reason"": ""move=0.6667:view=0.0599:Viewpoint Locomotion"", ""source_anchor_frame_id"": 2, ""source_anchor_locked"": true, ""protected_anchor_ids"": ""2"", ""loop_closure_detected"": false, ""turn_result"": ""TurnStart"", ""policy_mode"": ""TurnStartPolicy"", ""allow_memory_query"": false, ""allow_hard_retrieve"": false, ""allow_soft_reuse"": false, ""query_result"": """", ""candidate_count"": 0, ""best_candidate_frame_id"": null, ""best_candidate_score"": 0.0, ""best_candidate_pose_distance"": 0.0, ""best_candidate_yaw_delta"": 0.0, ""best_candidate_frame_gap"": 0, ""target_window_ids"": """", ""retrieved_window_ids"": """", ""window_rank_reason"": """", ""trajectory_motion_state"": ""Starting"", ""trajectory_direction"": ""right"", ""trajectory_frames"": 1, ""trajectory_distance"": 0.6666666865348816, ""trajectory_should_progress"": false, ""trajectory_confidence"": 0.75, ""revisit_gate_allow_retrieve"": false, ""revisit_gate_allow_soft_reuse"": false, ""revisit_gate_force_progress"": true, ""revisit_gate_protect_current"": false, ""revisit_gate_reason"": ""novel_view_progress"", ""selection_is_hard_retrieve"": false, ""selection_is_soft_reuse"": false, ""selection_is_progress"": false, ""action_mode"": ""Viewpoint Locomotion"", ""action_mode_confidence"": 0.6666666865348816, ""action_mode_reason"": ""move=0.6667:view=0.0599:Viewpoint Locomotion"", ""scheduler_path"": ""Viewpoint Locomotion->protect_current"", ""turn_state"": ""TurnStart"", ""turn_confidence"": 0.7486979011446238, ""turn_duration"": 1, ""turn_direction"": ""left"", ""turn_reason"": ""rotation=0.0599"", ""window_layout_type"": ""protect_current"", ""window_reason"": ""TurnStart:protect_current"", ""frame_index"": 9, ""pose_x"": 0.6663677496442973, ""pose_z"": 0.01996229369068322, ""pose_yaw"": -0.0598958320915699, ""pose_pitch"": 0.0, ""delta_x"": 0.6663677496442973, ""delta_z"": 0.01996229369068322, ""local_delta_x"": 0.6666666865348816, ""local_delta_z"": 0.0, ""delta_yaw"": -0.0598958320915699, ""delta_pitch"": 0.0, ""movement_magnitude"": 0.6666666865348816, ""rotation_magnitude"": 0.0598958320915699, ""pose_confidence"": 1.0}"
Experiment002,12,1785641267.306868,12,2,8,0.9783664159476757,depth,225280,0.9783664159476757,physmem_keep,0 1 2 9 10 11 12 13 14,stableworld_tri_9,9,1,6,159.67017598450184,,,,,0.9783664159476757,,,,Turn Left,0.1796875,0.6315276304038231,,KEEP,0.7189767360687256,,,,depth,0.9783664159476757,0.9783664159476757,"{""frame_id"": 12, ""current_frame_id"": 12, ""similarity"": 0.9783664159476757, ""similarity_type"": ""depth"", ""matching_points"": 225280, ""confidence"": 0.9783664159476757, ""decision"": ""physmem_keep"", ""memory_state"": [0, 1, 2, 9, 10, 11, 12, 13, 14], ""memory_id"": ""stableworld_tri_9"", ""memory_size"": 9, ""replace_count"": 1, ""keep_count"": 6, ""runtime"": 159.67017598450184, ""pose_event"": """", ""use_pose_memory"": true, ""view_intent"": ""Turn Left"", ""move_intent"": ""None"", ""has_view_motion"": true, ""has_move_motion"": false, ""action_explanation"": ""viewpoint_change"", ""pose_delta_position"": 0.0, ""view_state"": ""View Transition"", ""view_confidence"": 0.5989583333333334, ""view_pose_distance"": 0.0, ""view_yaw_delta"": 0.1796875, ""nearest_view_frame_id"": 9, ""memory_selection_mode"": ""turn_transition"", ""memory_selection_target"": null, ""memory_selection_anchor_type"": """", ""memory_selection_reason"": ""rotation=0.1797"", ""source_anchor_frame_id"": 2, ""source_anchor_locked"": true, ""protected_anchor_ids"": ""2"", ""loop_closure_detected"": false, ""turn_result"": ""UnstableTransition"", ""policy_mode"": ""ViewTransitionPolicy"", ""allow_memory_query"": false, ""allow_hard_retrieve"": false, ""allow_soft_reuse"": false, ""query_result"": """", ""candidate_count"": 0, ""best_candidate_frame_id"": null, ""best_candidate_score"": 0.0, ""best_candidate_pose_distance"": 0.0, ""best_candidate_yaw_delta"": 0.0, ""best_candidate_frame_gap"": 0, ""target_window_ids"": """", ""retrieved_window_ids"": """", ""window_rank_reason"": """", ""trajectory_motion_state"": ""Idle"", ""trajectory_direction"": ""none"", ""trajectory_frames"": 0, ""trajectory_distance"": 0.0, ""trajectory_should_progress"": false, ""trajectory_confidence"": 0.0, ""revisit_gate_allow_retrieve"": false, ""revisit_gate_allow_soft_reuse"": false, ""revisit_gate_force_progress"": false, ""revisit_gate_protect_current"": true, ""revisit_gate_reason"": ""view_transition"", ""selection_is_hard_retrieve"": false, ""selection_is_soft_reuse"": false, ""selection_is_progress"": false, ""action_mode"": ""View Rotation Only"", ""action_mode_confidence"": 0.998263888888889, ""action_mode_reason"": ""view=0.1797:Turn Left"", ""scheduler_path"": ""View Rotation Only->turn_transition"", ""turn_state"": ""TurnInProgress"", ""turn_confidence"": 1.0, ""turn_duration"": 2, ""turn_direction"": ""left"", ""turn_reason"": ""rotation=0.1797"", ""window_layout_type"": ""turn_transition"", ""window_reason"": ""TurnInProgress:turn_transition"", ""frame_index"": 12, ""pose_x"": 0.6663677496442973, ""pose_z"": 0.01996229369068322, ""pose_yaw"": -0.2395833320915699, ""pose_pitch"": 0.0, ""delta_x"": 0.0, ""delta_z"": 0.0, ""local_delta_x"": 0.0, ""local_delta_z"": 0.0, ""delta_yaw"": -0.1796875, ""delta_pitch"": 0.0, ""movement_magnitude"": 0.0, ""rotation_magnitude"": 0.1796875, ""pose_confidence"": 1.0}"
Experiment002,15,1785641268.3859677,15,2,11,0.9777145702391863,depth,225280,0.9777145702391863,physmem_keep,0 1 2 12 13 14 15 16 17,stableworld_tri_9,9,1,6,123.95282927900553,,,,,0.9777145702391863,,,,Viewpoint Locomotion,0.3333333432674408,0.7463676652469288,,KEEP,0.6522273421287537,,,,depth,0.9777145702391863,0.9777145702391863,"{""frame_id"": 15, ""current_frame_id"": 15, ""similarity"": 0.9777145702391863, ""similarity_type"": ""depth"", ""matching_points"": 225280, ""confidence"": 0.9777145702391863, ""decision"": ""physmem_keep"", ""memory_state"": [0, 1, 2, 12, 13, 14, 15, 16, 17], ""memory_id"": ""stableworld_tri_9"", ""memory_size"": 9, ""replace_count"": 1, ""keep_count"": 6, ""runtime"": 123.95282927900553, ""pose_event"": """", ""use_pose_memory"": true, ""view_intent"": ""Turn Left"", ""move_intent"": ""Left"", ""has_view_motion"": true, ""has_move_motion"": true, ""action_explanation"": ""viewpoint_locomotion"", ""pose_delta_position"": 0.3333333432674408, ""view_state"": ""Known View"", ""view_confidence"": 0.5377178604598918, ""view_pose_distance"": 0.3333333432674408, ""view_yaw_delta"": 0.2395833320915699, ""nearest_view_frame_id"": 9, ""memory_selection_mode"": ""turn_transition"", ""memory_selection_target"": null, ""memory_selection_anchor_type"": """", ""memory_selection_reason"": ""rotation=0.0599"", ""source_anchor_frame_id"": 2, ""source_anchor_locked"": true, ""protected_anchor_ids"": ""2"", ""loop_closure_detected"": false, ""turn_result"": ""UnstableTransition"", ""policy_mode"": ""ViewTransitionPolicy"", ""allow_memory_query"": false, ""allow_hard_retrieve"": false, ""allow_soft_reuse"": false, ""query_result"": """", ""candidate_count"": 0, ""best_candidate_frame_id"": null, ""best_candidate_score"": 0.0, ""best_candidate_pose_distance"": 0.0, ""best_candidate_yaw_delta"": 0.0, ""best_candidate_frame_gap"": 0, ""target_window_ids"": """", ""retrieved_window_ids"": """", ""window_rank_reason"": """", ""trajectory_motion_state"": ""Starting"", ""trajectory_direction"": ""left"", ""trajectory_frames"": 1, ""trajectory_distance"": 0.3333333432674408, ""trajectory_should_progress"": false, ""trajectory_confidence"": 0.75, ""revisit_gate_allow_retrieve"": false, ""revisit_gate_allow_soft_reuse"": false, ""revisit_gate_force_progress"": false, ""revisit_gate_protect_current"": false, ""revisit_gate_reason"": ""known_view_blocked_by_motion:0.3333"", ""selection_is_hard_retrieve"": false, ""selection_is_soft_reuse"": false, ""selection_is_progress"": false, ""action_mode"": ""Viewpoint Locomotion"", ""action_mode_confidence"": 0.3333333432674408, ""action_mode_reason"": ""move=0.3333:view=0.0599:Viewpoint Locomotion"", ""scheduler_path"": ""Viewpoint Locomotion->turn_transition"", ""turn_state"": ""TurnInProgress"", ""turn_confidence"": 0.7486979011446238, ""turn_duration"": 3, ""turn_direction"": ""left"", ""turn_reason"": ""rotation=0.0599"", ""window_layout_type"": ""turn_transition"", ""window_reason"": ""TurnInProgress:turn_transition"", ""frame_index"": 15, ""pose_x"": 0.345069132957115, ""pose_z"": -0.06879758828733987, ""pose_yaw"": -0.2994791641831398, ""pose_pitch"": 0.0, ""delta_x"": -0.32129861668718235, ""delta_z"": -0.08875988197802309, ""local_delta_x"": -0.3333333432674408, ""local_delta_z"": 0.0, ""delta_yaw"": -0.0598958320915699, ""delta_pitch"": 0.0, ""movement_magnitude"": 0.3333333432674408, ""rotation_magnitude"": 0.0598958320915699, ""pose_confidence"": 0.6666666865348816}"
Experiment002,18,1785641269.5652785,18,2,14,0.9335846975445747,depth,225280,0.9335846975445747,physmem_insert,2 12 13 14 15 16 17 18 19,stableworld_tri_9,9,1,7,137.49006018042564,,,,,0.9335846975445747,,,,Viewpoint Locomotion,0.7453560147132695,0.510437810464696,,INSERT,0.6073563098907471,,,,depth,0.9335846975445747,0.9335846975445747,"{""frame_id"": 18, ""current_frame_id"": 18, ""similarity"": 0.9335846975445747, ""similarity_type"": ""depth"", ""matching_points"": 225280, ""confidence"": 0.9335846975445747, ""decision"": ""physmem_insert"", ""memory_state"": [2, 12, 13, 14, 15, 16, 17, 18, 19], ""memory_id"": ""stableworld_tri_9"", ""memory_size"": 9, ""replace_count"": 1, ""keep_count"": 7, ""runtime"": 137.49006018042564, ""pose_event"": """", ""use_pose_memory"": true, ""view_intent"": ""Turn Left"", ""move_intent"": ""Right"", ""has_view_motion"": true, ""has_move_motion"": true, ""action_explanation"": ""viewpoint_locomotion"", ""pose_delta_position"": 0.3333333432674408, ""view_state"": ""Known View"", ""view_confidence"": 0.6555028474294428, ""view_pose_distance"": 0.01996229369068325, ""view_yaw_delta"": 0.2994791641831398, ""nearest_view_frame_id"": 9, ""memory_selection_mode"": ""turn_transition"", ""memory_selection_target"": null, ""memory_selection_anchor_type"": """", ""memory_selection_reason"": ""rotation=0.0599"", ""source_anchor_frame_id"": 2, ""source_anchor_locked"": true, ""protected_anchor_ids"": ""2"", ""loop_closure_detected"": false, ""turn_result"": ""UnstableTransition"", ""policy_mode"": ""ViewTransitionPolicy"", ""allow_memory_query"": false, ""allow_hard_retrieve"": false, ""allow_soft_reuse"": false, ""query_result"": """", ""candidate_count"": 0, ""best_candidate_frame_id"": null, ""best_candidate_score"": 0.0, ""best_candidate_pose_distance"": 0.0, ""best_candidate_yaw_delta"": 0.0, ""best_candidate_frame_gap"": 0, ""target_window_ids"": """", ""retrieved_window_ids"": """", ""window_rank_reason"": """", ""trajectory_motion_state"": ""Starting"", ""trajectory_direction"": ""right"", ""trajectory_frames"": 1, ""trajectory_distance"": 0.3333333432674408, ""trajectory_should_progress"": false, ""trajectory_confidence"": 0.75, ""revisit_gate_allow_retrieve"": false, ""revisit_gate_allow_soft_reuse"": false, ""revisit_gate_force_progress"": false, ""revisit_gate_protect_current"": false, ""revisit_gate_reason"": ""known_view_blocked_by_motion:0.3333"", ""selection_is_hard_retrieve"": false, ""selection_is_soft_reuse"": false, ""selection_is_progress"": false, ""action_mode"": ""Viewpoint Locomotion"", ""action_mode_confidence"": 0.3333333432674408, ""action_mode_reason"": ""move=0.3333:view=0.0599:Viewpoint Locomotion"", ""scheduler_path"": ""Viewpoint Locomotion->turn_transition"", ""turn_state"": ""TurnInProgress"", ""turn_confidence"": 0.7486979011446238, ""turn_duration"": 4, ""turn_direction"": ""left"", ""turn_reason"": ""rotation=0.0599"", ""window_layout_type"": ""turn_transition"", ""window_reason"": ""TurnInProgress:turn_transition"", ""frame_index"": 18, ""pose_x"": 0.6604784219946442, ""pose_z"": 0.03903607121974452, ""pose_yaw"": -0.3593749962747097, ""pose_pitch"": 0.0, ""delta_x"": 0.3154092890375293, ""delta_z"": 0.10783365950708439, ""local_delta_x"": 0.3333333432674408, ""local_delta_z"": 0.0, ""delta_yaw"": -0.0598958320915699, ""delta_pitch"": 0.0, ""movement_magnitude"": 0.3333333432674408, ""rotation_magnitude"": 0.0598958320915699, ""pose_confidence"": 1.0}"
Experiment002,21,1785641270.6384366,20,13,16,0.9562304280698299,depth,225280,0.9562304280698299,physmem_keep,2 12 13 17 18 19 20 21 22,stableworld_tri_9,9,1,6,116.14682571962476,,,,,0.9562304280698299,,,,Viewpoint Locomotion,0.7453560147132695,0.6064170382374854,,KEEP,0.6420222520828247,,,,depth,0.9562304280698299,0.9562304280698299,"{""frame_id"": 21, ""current_frame_id"": 20, ""similarity"": 0.9562304280698299, ""similarity_type"": ""depth"", ""matching_points"": 225280, ""confidence"": 0.9562304280698299, ""decision"": ""physmem_keep"", ""memory_state"": [2, 12, 13, 17, 18, 19, 20, 21, 22], ""memory_id"": ""stableworld_tri_9"", ""memory_size"": 9, ""replace_count"": 1, ""keep_count"": 6, ""runtime"": 116.14682571962476, ""pose_event"": """", ""use_pose_memory"": true, ""view_intent"": ""Turn Right"", ""move_intent"": ""Left"", ""has_view_motion"": true, ""has_move_motion"": true, ""action_explanation"": ""viewpoint_locomotion"", ""pose_delta_position"": 0.3333333432674408, ""view_state"": ""Known View"", ""view_confidence"": 1.0, ""view_pose_distance"": 5.551115123125783e-17, ""view_yaw_delta"": 0.0, ""nearest_view_frame_id"": 15, ""memory_selection_mode"": ""turn_transition"", ""memory_selection_target"": null, ""memory_selection_anchor_type"": """", ""memory_selection_reason"": ""rotation=0.0599"", ""source_anchor_frame_id"": 2, ""source_anchor_locked"": true, ""protected_anchor_ids"": ""2"", ""loop_closure_detected"": false, ""turn_result"": ""UnstableTransition"", ""policy_mode"": ""ViewTransitionPolicy"", ""allow_memory_query"": false, ""allow_hard_retrieve"": false, ""allow_soft_reuse"": false, ""query_result"": """", ""candidate_count"": 0, ""best_candidate_frame_id"": null, ""best_candidate_score"": 0.0, ""best_candidate_pose_distance"": 0.0, ""best_candidate_yaw_delta"": 0.0, ""best_candidate_frame_gap"": 0, ""target_window_ids"": """", ""retrieved_window_ids"": """", ""window_rank_reason"": """", ""trajectory_motion_state"": ""Starting"", ""trajectory_direction"": ""left"", ""trajectory_frames"": 1, ""trajectory_distance"": 0.3333333432674408, ""trajectory_should_progress"": false, ""trajectory_confidence"": 0.75, ""revisit_gate_allow_retrieve"": false, ""revisit_gate_allow_soft_reuse"": false, ""revisit_gate_force_progress"": false, ""revisit_gate_protect_current"": false, ""revisit_gate_reason"": ""known_view_blocked_by_motion:0.3333"", ""selection_is_hard_retrieve"": false, ""selection_is_soft_reuse"": false, ""selection_is_progress"": false, ""action_mode"": ""Viewpoint Locomotion"", ""action_mode_confidence"": 0.3333333432674408, ""action_mode_reason"": ""move=0.3333:view=0.0599:Viewpoint Locomotion"", ""scheduler_path"": ""Viewpoint Locomotion->turn_transition"", ""turn_state"": ""TurnInProgress"", ""turn_confidence"": 0.7486979011446238, ""turn_duration"": 5, ""turn_direction"": ""right"", ""turn_reason"": ""rotation=0.0599"", ""window_layout_type"": ""turn_transition"", ""window_reason"": ""TurnInProgress:turn_transition"", ""frame_index"": 21, ""pose_x"": 0.34506913295711494, ""pose_z"": -0.06879758828733987, ""pose_yaw"": -0.2994791641831398, ""pose_pitch"": 0.0, ""delta_x"": -0.3154092890375293, ""delta_z"": -0.10783365950708439, ""local_delta_x"": -0.3333333432674408, ""local_delta_z"": 0.0, ""delta_yaw"": 0.0598958320915699, ""delta_pitch"": 0.0, ""movement_magnitude"": 0.3333333432674408, ""rotation_magnitude"": 0.0598958320915699, ""pose_confidence"": 1.0}"
Experiment002,24,1785641271.7137442,23,13,19,0.960468053817749,depth,225280,0.960468053817749,physmem_insert,2 17 18 19 20 21 22 23 24,stableworld_tri_9,9,1,7,136.43594086170197,,,,,0.960468053817749,,,,Viewpoint Locomotion,0.3333333432674408,0.6943904422079485,,INSERT,0.5642006993293762,,,,depth,0.960468053817749,0.960468053817749,"{""frame_id"": 24, ""current_frame_id"": 23, ""similarity"": 0.960468053817749, ""similarity_type"": ""depth"", ""matching_points"": 225280, ""confidence"": 0.960468053817749, ""decision"": ""physmem_insert"", ""memory_state"": [2, 17, 18, 19, 20, 21, 22, 23, 24], ""memory_id"": ""stableworld_tri_9"", ""memory_size"": 9, ""replace_count"": 1, ""keep_count"": 7, ""runtime"": 136.43594086170197, ""pose_event"": """", ""use_pose_memory"": true, ""view_intent"": ""Turn Right"", ""move_intent"": ""Right"", ""has_view_motion"": true, ""has_move_motion"": true, ""action_explanation"": ""viewpoint_locomotion"", ""pose_delta_position"": 0.3333333432674408, ""view_state"": ""Revisit"", ""view_confidence"": 0.7433035714285714, ""view_pose_distance"": 1.1107649934270853e-16, ""view_yaw_delta"": 0.1796875, ""nearest_view_frame_id"": 9, ""memory_selection_mode"": ""turn_transition"", ""memory_selection_target"": null, ""memory_selection_anchor_type"": """", ""memory_selection_reason"": ""rotation=0.0599"", ""source_anchor_frame_id"": 2, ""source_anchor_locked"": true, ""protected_anchor_ids"": ""2"", ""loop_closure_detected"": false, ""turn_result"": ""UnstableTransition"", ""policy_mode"": ""ViewTransitionPolicy"", ""allow_memory_query"": false, ""allow_hard_retrieve"": false, ""allow_soft_reuse"": false, ""query_result"": """", ""candidate_count"": 0, ""best_candidate_frame_id"": null, ""best_candidate_score"": 0.0, ""best_candidate_pose_distance"": 0.0, ""best_candidate_yaw_delta"": 0.0, ""best_candidate_frame_gap"": 0, ""target_window_ids"": """", ""retrieved_window_ids"": """", ""window_rank_reason"": """", ""trajectory_motion_state"": ""Starting"", ""trajectory_direction"": ""right"", ""trajectory_frames"": 1, ""trajectory_distance"": 0.3333333432674408, ""trajectory_should_progress"": false, ""trajectory_confidence"": 0.75, ""revisit_gate_allow_retrieve"": false, ""revisit_gate_allow_soft_reuse"": false, ""revisit_gate_force_progress"": false, ""revisit_gate_protect_current"": false, ""revisit_gate_reason"": ""revisit_blocked_by_motion:0.3333"", ""selection_is_hard_retrieve"": false, ""selection_is_soft_reuse"": false, ""selection_is_progress"": false, ""action_mode"": ""Viewpoint Locomotion"", ""action_mode_confidence"": 0.3333333432674408, ""action_mode_reason"": ""move=0.3333:view=0.0599:Viewpoint Locomotion"", ""scheduler_path"": ""Viewpoint Locomotion->turn_transition"", ""turn_state"": ""TurnInProgress"", ""turn_confidence"": 0.7486979011446238, ""turn_duration"": 6, ""turn_direction"": ""right"", ""turn_reason"": ""rotation=0.0599"", ""window_layout_type"": ""turn_transition"", ""window_reason"": ""TurnInProgress:turn_transition"", ""frame_index"": 24, ""pose_x"": 0.6663677496442972, ""pose_z"": 0.019962293690683225, ""pose_yaw"": -0.2395833320915699, ""pose_pitch"": 0.0, ""delta_x"": 0.32129861668718235, ""delta_z"": 0.08875988197802309, ""local_delta_x"": 0.3333333432674408, ""local_delta_z"": 0.0, ""delta_yaw"": 0.0598958320915699, ""delta_pitch"": 0.0, ""movement_magnitude"": 0.3333333432674408, ""rotation_magnitude"": 0.0598958320915699, ""pose_confidence"": 0.6666666865348816}"
Experiment002,27,1785641272.8043208,25,18,21,0.8996818512678146,depth,225280,0.8996818512678146,physmem_keep,2 17 18 22 23 24 25 26 27,stableworld_tri_9,9,1,6,148.56425486505032,,,,,0.8996818512678146,,,,Turn Right,0.1796875,0.5926370246732515,,KEEP,0.6711317896842957,,,,depth,0.8996818512678146,0.8996818512678146,"{""frame_id"": 27, ""current_frame_id"": 25, ""similarity"": 0.8996818512678146, ""similarity_type"": ""depth"", ""matching_points"": 225280, ""confidence"": 0.8996818512678146, ""decision"": ""physmem_keep"", ""memory_state"": [2, 17, 18, 22, 23, 24, 25, 26, 27], ""memory_id"": ""stableworld_tri_9"", ""memory_size"": 9, ""replace_count"": 1, ""keep_count"": 6, ""runtime"": 148.56425486505032, ""pose_event"": """", ""use_pose_memory"": true, ""view_intent"": ""Turn Right"", ""move_intent"": ""None"", ""has_view_motion"": true, ""has_move_motion"": false, ""action_explanation"": ""viewpoint_change"", ""pose_delta_position"": 0.0, ""view_state"": ""View Transition"", ""view_confidence"": 0.5989583333333334, ""view_pose_distance"": 0.0, ""view_yaw_delta"": 0.1796875, ""nearest_view_frame_id"": 23, ""memory_selection_mode"": ""turn_transition"", ""memory_selection_target"": null, ""memory_selection_anchor_type"": """", ""memory_selection_reason"": ""rotation=0.1797"", ""source_anchor_frame_id"": 2, ""source_anchor_locked"": true, ""protected_anchor_ids"": ""2"", ""loop_closure_detected"": false, ""turn_result"": ""UnstableTransition"", ""policy_mode"": ""ViewTransitionPolicy"", ""allow_memory_query"": false, ""allow_hard_retrieve"": false, ""allow_soft_reuse"": false, ""query_result"": """", ""candidate_count"": 0, ""best_candidate_frame_id"": null, ""best_candidate_score"": 0.0, ""best_candidate_pose_distance"": 0.0, ""best_candidate_yaw_delta"": 0.0, ""best_candidate_frame_gap"": 0, ""target_window_ids"": """", ""retrieved_window_ids"": """", ""window_rank_reason"": """", ""trajectory_motion_state"": ""Idle"", ""trajectory_direction"": ""none"", ""trajectory_frames"": 0, ""trajectory_distance"": 0.0, ""trajectory_should_progress"": false, ""trajectory_confidence"": 0.0, ""revisit_gate_allow_retrieve"": false, ""revisit_gate_allow_soft_reuse"": false, ""revisit_gate_force_progress"": false, ""revisit_gate_protect_current"": true, ""revisit_gate_reason"": ""view_transition"", ""selection_is_hard_retrieve"": false, ""selection_is_soft_reuse"": false, ""selection_is_progress"": false, ""action_mode"": ""View Rotation Only"", ""action_mode_confidence"": 0.998263888888889, ""action_mode_reason"": ""view=0.1797:Turn Right"", ""scheduler_path"": ""View Rotation Only->turn_transition"", ""turn_state"": ""TurnInProgress"", ""turn_confidence"": 1.0, ""turn_duration"": 7, ""turn_direction"": ""right"", ""turn_reason"": ""rotation=0.1797"", ""window_layout_type"": ""turn_transition"", ""window_reason"": ""TurnInProgress:turn_transition"", ""frame_index"": 27, ""pose_x"": 0.6663677496442972, ""pose_z"": 0.019962293690683225, ""pose_yaw"": -0.0598958320915699, ""pose_pitch"": 0.0, ""delta_x"": 0.0, ""delta_z"": 0.0, ""local_delta_x"": 0.0, ""local_delta_z"": 0.0, ""delta_yaw"": 0.1796875, ""delta_pitch"": 0.0, ""movement_magnitude"": 0.0, ""rotation_magnitude"": 0.1796875, ""pose_confidence"": 1.0}"
Experiment002,30,1785641273.8877454,28,18,24,0.915000855922699,depth,225280,0.915000855922699,physmem_insert,2 22 23 24 25 26 27 28 29,stableworld_tri_9,9,1,7,135.20411727949977,,,,,0.915000855922699,,,,Viewpoint Locomotion,0.6666666865348816,0.54556649125376,,INSERT,0.6378886699676514,,,,depth,0.915000855922699,0.915000855922699,"{""frame_id"": 30, ""current_frame_id"": 28, ""similarity"": 0.915000855922699, ""similarity_type"": ""depth"", ""matching_points"": 225280, ""confidence"": 0.915000855922699, ""decision"": ""physmem_insert"", ""memory_state"": [2, 22, 23, 24, 25, 26, 27, 28, 29], ""memory_id"": ""stableworld_tri_9"", ""memory_size"": 9, ""replace_count"": 1, ""keep_count"": 7, ""runtime"": 135.20411727949977, ""pose_event"": """", ""use_pose_memory"": true, ""view_intent"": ""Turn Left"", ""move_intent"": ""Backward"", ""has_view_motion"": true, ""has_move_motion"": true, ""action_explanation"": ""viewpoint_locomotion"", ""pose_delta_position"": 0.6666666865348816, ""view_state"": ""Revisit"", ""view_confidence"": 0.5267236979589576, ""view_pose_distance"": 0.6666666865348816, ""view_yaw_delta"": 0.02018229104578495, ""nearest_view_frame_id"": 9, ""memory_selection_mode"": ""turn_transition"", ""memory_selection_target"": null, ""memory_selection_anchor_type"": """", ""memory_selection_reason"": ""rotation=0.0202"", ""source_anchor_frame_id"": 2, ""source_anchor_locked"": true, ""protected_anchor_ids"": ""2"", ""loop_closure_detected"": false, ""turn_result"": ""UnstableTransition"", ""policy_mode"": ""ViewTransitionPolicy"", ""allow_memory_query"": false, ""allow_hard_retrieve"": false, ""allow_soft_reuse"": false, ""query_result"": """", ""candidate_count"": 0, ""best_candidate_frame_id"": null, ""best_candidate_score"": 0.0, ""best_candidate_pose_distance"": 0.0, ""best_candidate_yaw_delta"": 0.0, ""best_candidate_frame_gap"": 0, ""target_window_ids"": """", ""retrieved_window_ids"": """", ""window_rank_reason"": """", ""trajectory_motion_state"": ""Starting"", ""trajectory_direction"": ""backward"", ""trajectory_frames"": 1, ""trajectory_distance"": 0.6666666865348816, ""trajectory_should_progress"": false, ""trajectory_confidence"": 0.75, ""revisit_gate_allow_retrieve"": false, ""revisit_gate_allow_soft_reuse"": false, ""revisit_gate_force_progress"": false, ""revisit_gate_protect_current"": false, ""revisit_gate_reason"": ""revisit_blocked_by_motion:0.6667"", ""selection_is_hard_retrieve"": false, ""selection_is_soft_reuse"": false, ""selection_is_progress"": false, ""action_mode"": ""Viewpoint Locomotion"", ""action_mode_confidence"": 0.6666666865348816, ""action_mode_reason"": ""move=0.6667:view=0.0202:Viewpoint Locomotion"", ""scheduler_path"": ""Viewpoint Locomotion->turn_transition"", ""turn_state"": ""TurnInProgress"", ""turn_confidence"": 0.2522786380723119, ""turn_duration"": 8, ""turn_direction"": ""left"", ""turn_reason"": ""rotation=0.0202"", ""window_layout_type"": ""turn_transition"", ""window_reason"": ""TurnInProgress:turn_transition"", ""frame_index"": 30, ""pose_x"": 0.7129876555922678, ""pose_z"": -0.6450723334565056, ""pose_yaw"": -0.08007812313735485, ""pose_pitch"": 0.0, ""delta_x"": 0.046619905947970657, ""delta_z"": -0.6650346271471889, ""local_delta_x"": 0.0, ""local_delta_z"": -0.6666666865348816, ""delta_yaw"": -0.02018229104578495, ""delta_pitch"": 0.0, ""movement_magnitude"": 0.6666666865348816, ""rotation_magnitude"": 0.02018229104578495, ""pose_confidence"": 1.0}"
Experiment002,33,1785641274.9470155,30,23,26,0.982990525662899,depth,225280,0.982990525662899,physmem_keep,2 22 23 27 28 29 30 31 32,stableworld_tri_9,9,1,6,101.11360857263207,,,,,0.982990525662899,,,,Viewpoint Locomotion,1.0,0.6119265987591638,,KEEP,0.6506194472312927,,,,depth,0.982990525662899,0.982990525662899,"{""frame_id"": 33, ""current_frame_id"": 30, ""similarity"": 0.982990525662899, ""similarity_type"": ""depth"", ""matching_points"": 225280, ""confidence"": 0.982990525662899, ""decision"": ""physmem_keep"", ""memory_state"": [2, 22, 23, 27, 28, 29, 30, 31, 32], ""memory_id"": ""stableworld_tri_9"", ""memory_size"": 9, ""replace_count"": 1, ""keep_count"": 6, ""runtime"": 101.11360857263207, ""pose_event"": """", ""use_pose_memory"": true, ""view_intent"": ""Turn Right"", ""move_intent"": ""Walk"", ""has_view_motion"": true, ""has_move_motion"": true, ""action_explanation"": ""viewpoint_locomotion"", ""pose_delta_position"": 1.0, ""view_state"": ""Known View"", ""view_confidence"": 0.41520195891044703, ""view_pose_distance"": 0.3153372289261253, ""view_yaw_delta"": 0.35937499813735485, ""nearest_view_frame_id"": 18, ""memory_selection_mode"": ""turn_transition"", ""memory_selection_target"": null, ""memory_selection_anchor_type"": """", ""memory_selection_reason"": ""rotation=0.0801"", ""source_anchor_frame_id"": 2, ""source_anchor_locked"": true, ""protected_anchor_ids"": ""2"", ""loop_closure_detected"": false, ""turn_result"": ""UnstableTransition"", ""policy_mode"": ""ViewTransitionPolicy"", ""allow_memory_query"": false, ""allow_hard_retrieve"": false, ""allow_soft_reuse"": false, ""query_result"": """", ""candidate_count"": 0, ""best_candidate_frame_id"": null, ""best_candidate_score"": 0.0, ""best_candidate_pose_distance"": 0.0, ""best_candidate_yaw_delta"": 0.0, ""best_candidate_frame_gap"": 0, ""target_window_ids"": """", ""retrieved_window_ids"": """", ""window_rank_reason"": """", ""trajectory_motion_state"": ""Starting"", ""trajectory_direction"": ""forward"", ""trajectory_frames"": 1, ""trajectory_distance"": 1.0, ""trajectory_should_progress"": false, ""trajectory_confidence"": 0.75, ""revisit_gate_allow_retrieve"": false, ""revisit_gate_allow_soft_reuse"": false, ""revisit_gate_force_progress"": false, ""revisit_gate_protect_current"": false, ""revisit_gate_reason"": ""known_view_blocked_by_motion:1.0000"", ""selection_is_hard_retrieve"": false, ""selection_is_soft_reuse"": false, ""selection_is_progress"": false, ""action_mode"": ""Viewpoint Locomotion"", ""action_mode_confidence"": 1.0, ""action_mode_reason"": ""move=1.0000:view=0.0801:Viewpoint Locomotion"", ""scheduler_path"": ""Viewpoint Locomotion->turn_transition"", ""turn_state"": ""TurnInProgress"", ""turn_confidence"": 1.0, ""turn_duration"": 9, ""turn_direction"": ""right"", ""turn_reason"": ""rotation=0.0801"", ""window_layout_type"": ""turn_transition"", ""window_reason"": ""TurnInProgress:turn_transition"", ""frame_index"": 33, ""pose_x"": 0.672959292043139, ""pose_z"": 0.3541262104333355, ""pose_yaw"": 1.862645149230957e-09, ""pose_pitch"": 0.0, ""delta_x"": -0.04002836354912891, ""delta_z"": 0.9991985438898411, ""local_delta_x"": 0.0, ""local_delta_z"": 1.0, ""delta_yaw"": 0.080078125, ""delta_pitch"": 0.0, ""movement_magnitude"": 1.0, ""rotation_magnitude"": 0.080078125, ""pose_confidence"": 1.0}"
Experiment002,36,1785641276.0096934,33,23,29,0.931713417172432,depth,225280,0.931713417172432,physmem_keep,2 22 23 30 31 32 33 34 35,stableworld_tri_9,9,1,6,128.3748890273273,,,,,0.931713417172432,,,,Walk,1.0540925565309005,0.5613773549974217,,KEEP,0.5632436275482178,,,,depth,0.931713417172432,0.931713417172432,"{""frame_id"": 36, ""current_frame_id"": 33, ""similarity"": 0.931713417172432, ""similarity_type"": ""depth"", ""matching_points"": 225280, ""confidence"": 0.931713417172432, ""decision"": ""physmem_keep"", ""memory_state"": [2, 22, 23, 30, 31, 32, 33, 34, 35], ""memory_id"": ""stableworld_tri_9"", ""memory_size"": 9, ""replace_count"": 1, ""keep_count"": 6, ""runtime"": 128.3748890273273, ""pose_event"": """", ""use_pose_memory"": true, ""view_intent"": ""None"", ""move_intent"": ""Walk"", ""has_view_motion"": false, ""has_move_motion"": true, ""action_explanation"": ""locomotion"", ""pose_delta_position"": 1.0540925565309005, ""view_state"": ""Novel View"", ""view_confidence"": 0.5, ""view_pose_distance"": 1.0540925565309003, ""view_yaw_delta"": 0.0, ""nearest_view_frame_id"": 30, ""memory_selection_mode"": ""orb_locomotion"", ""memory_selection_target"": null, ""memory_selection_anchor_type"": """", ""memory_selection_reason"": ""move=1.0541:Walk"", ""source_anchor_frame_id"": null, ""source_anchor_locked"": false, ""protected_anchor_ids"": """", ""loop_closure_detected"": false, ""turn_result"": """", ""policy_mode"": ""LocomotionPolicy"", ""allow_memory_query"": false, ""allow_hard_retrieve"": false, ""allow_soft_reuse"": false, ""query_result"": """", ""candidate_count"": 0, ""best_candidate_frame_id"": null, ""best_candidate_score"": 0.0, ""best_candidate_pose_distance"": 0.0, ""best_candidate_yaw_delta"": 0.0, ""best_candidate_frame_gap"": 0, ""target_window_ids"": """", ""retrieved_window_ids"": """", ""window_rank_reason"": """", ""trajectory_motion_state"": ""Progressing"", ""trajectory_direction"": ""forward"", ""trajectory_frames"": 2, ""trajectory_distance"": 2.0540925565309003, ""trajectory_should_progress"": true, ""trajectory_confidence"": 1.0, ""revisit_gate_allow_retrieve"": false, ""revisit_gate_allow_soft_reuse"": false, ""revisit_gate_force_progress"": false, ""revisit_gate_protect_current"": false, ""revisit_gate_reason"": ""locomotion_only_orb_dominant"", ""selection_is_hard_retrieve"": false, ""selection_is_soft_reuse"": false, ""selection_is_progress"": false, ""action_mode"": ""Locomotion Only"", ""action_mode_confidence"": 1.0, ""action_mode_reason"": ""move=1.0541:Walk"", ""scheduler_path"": ""Locomotion Only->orb_locomotion"", ""turn_state"": ""PostTurnStabilization"", ""turn_confidence"": 1.0, ""turn_duration"": 1, ""turn_direction"": ""right"", ""turn_reason"": ""mouse_stopped_after_turn"", ""window_layout_type"": ""orb_locomotion"", ""window_reason"": ""PostTurnStabilization:orb_locomotion"", ""frame_index"": 36, ""pose_x"": 0.33962595063834333, ""pose_z"": 1.3541262110542172, ""pose_yaw"": 1.862645149230957e-09, ""pose_pitch"": 0.0, ""delta_x"": -0.33333334140479565, ""delta_z"": 1.0000000006208818, ""local_delta_x"": -0.3333333432674408, ""local_delta_z"": 1.0, ""delta_yaw"": 0.0, ""delta_pitch"": 0.0, ""movement_magnitude"": 1.0540925565309005, ""rotation_magnitude"": 0.0, ""pose_confidence"": 1.0}"
Experiment002,39,1785641277.075469,36,23,32,0.9486700892448425,depth,225280,0.9486700892448425,physmem_keep,2 22 23 33 34 35 36 37 38,stableworld_tri_9,9,1,6,134.13274101912975,,,,,0.9486700892448425,,,,Walk,1.2472191421996568,0.5660358360574462,,KEEP,0.6137771010398865,,,,depth,0.9486700892448425,0.9486700892448425,"{""frame_id"": 39, ""current_frame_id"": 36, ""similarity"": 0.9486700892448425, ""similarity_type"": ""depth"", ""matching_points"": 225280, ""confidence"": 0.9486700892448425, ""decision"": ""physmem_keep"", ""memory_state"": [2, 22, 23, 33, 34, 35, 36, 37, 38], ""memory_id"": ""stableworld_tri_9"", ""memory_size"": 9, ""replace_count"": 1, ""keep_count"": 6, ""runtime"": 134.13274101912975, ""pose_event"": """", ""use_pose_memory"": true, ""view_intent"": ""None"", ""move_intent"": ""Walk"", ""has_view_motion"": false, ""has_move_motion"": true, ""action_explanation"": ""locomotion"", ""pose_delta_position"": 1.0540925565309005, ""view_state"": ""Novel View"", ""view_confidence"": 0.5, ""view_pose_distance"": 1.0540925565309003, ""view_yaw_delta"": 0.0, ""nearest_view_frame_id"": 33, ""memory_selection_mode"": ""orb_locomotion"", ""memory_selection_target"": null, ""memory_selection_anchor_type"": """", ""memory_selection_reason"": ""move=1.0541:Walk"", ""source_anchor_frame_id"": null, ""source_anchor_locked"": false, ""protected_anchor_ids"": """", ""loop_closure_detected"": false, ""turn_result"": """", ""policy_mode"": ""LocomotionPolicy"", ""allow_memory_query"": false, ""allow_hard_retrieve"": false, ""allow_soft_reuse"": false, ""query_result"": """", ""candidate_count"": 0, ""best_candidate_frame_id"": null, ""best_candidate_score"": 0.0, ""best_candidate_pose_distance"": 0.0, ""best_candidate_yaw_delta"": 0.0, ""best_candidate_frame_gap"": 0, ""target_window_ids"": """", ""retrieved_window_ids"": """", ""window_rank_reason"": """", ""trajectory_motion_state"": ""Progressing"", ""trajectory_direction"": ""forward"", ""trajectory_frames"": 3, ""trajectory_distance"": 3.1081851130618006, ""trajectory_should_progress"": true, ""trajectory_confidence"": 1.0, ""revisit_gate_allow_retrieve"": false, ""revisit_gate_allow_soft_reuse"": false, ""revisit_gate_force_progress"": false, ""revisit_gate_protect_current"": false, ""revisit_gate_reason"": ""locomotion_only_orb_dominant"", ""selection_is_hard_retrieve"": false, ""selection_is_soft_reuse"": false, ""selection_is_progress"": false, ""action_mode"": ""Locomotion Only"", ""action_mode_confidence"": 1.0, ""action_mode_reason"": ""move=1.0541:Walk"", ""scheduler_path"": ""Locomotion Only->orb_locomotion"", ""turn_state"": ""PostTurnStabilization"", ""turn_confidence"": 0.5, ""turn_duration"": 2, ""turn_direction"": ""right"", ""turn_reason"": ""mouse_stopped_after_turn"", ""window_layout_type"": ""orb_locomotion"", ""window_reason"": ""PostTurnStabilization:orb_locomotion"", ""frame_index"": 39, ""pose_x"": 0.006292609233547686, ""pose_z"": 2.3541262116750987, ""pose_yaw"": 1.862645149230957e-09, ""pose_pitch"": 0.0, ""delta_x"": -0.33333334140479565, ""delta_z"": 1.0000000006208818, ""local_delta_x"": -0.3333333432674408, ""local_delta_z"": 1.0, ""delta_yaw"": 0.0, ""delta_pitch"": 0.0, ""movement_magnitude"": 1.0540925565309005, ""rotation_magnitude"": 0.0, ""pose_confidence"": 1.0}"
Experiment002,42,1785641278.100891,39,23,35,0.9250038787722588,depth,225280,0.9250038787722588,physmem_insert,2 23 34 35 36 37 38 39 40,stableworld_tri_9,9,1,7,106.86477040871978,,,,,0.9250038787722588,,,,Viewpoint Locomotion,1.201850436175566,0.5326136469761369,,INSERT,0.6038947105407715,,,,depth,0.9250038787722588,0.9250038787722588,"{""frame_id"": 42, ""current_frame_id"": 39, ""similarity"": 0.9250038787722588, ""similarity_type"": ""depth"", ""matching_points"": 225280, ""confidence"": 0.9250038787722588, ""decision"": ""physmem_insert"", ""memory_state"": [2, 23, 34, 35, 36, 37, 38, 39, 40], ""memory_id"": ""stableworld_tri_9"", ""memory_size"": 9, ""replace_count"": 1, ""keep_count"": 7, ""runtime"": 106.86477040871978, ""pose_event"": """", ""use_pose_memory"": true, ""view_intent"": ""Turn Left"", ""move_intent"": ""Walk"", ""has_view_motion"": true, ""has_move_motion"": true, ""action_explanation"": ""viewpoint_locomotion"", ""pose_delta_position"": 1.2018504361755662, ""view_state"": ""Novel View"", ""view_confidence"": 0.5, ""view_pose_distance"": 1.2018504361755662, ""view_yaw_delta"": 0.0400390625, ""nearest_view_frame_id"": 36, ""key_anchor_frame_id"": 39, ""key_anchor_type"": ""forward_anchor"", ""key_anchor_reason"": ""hybrid_forward_progress"", ""memory_selection_mode"": ""protect_current"", ""memory_selection_target"": null, ""memory_selection_anchor_type"": """", ""memory_selection_reason"": ""move=1.2019:view=0.0400:Viewpoint Locomotion"", ""source_anchor_frame_id"": 23, ""source_anchor_locked"": true, ""protected_anchor_ids"": ""23"", ""loop_closure_detected"": false, ""turn_result"": ""TurnStart"", ""policy_mode"": ""TurnStartPolicy"", ""allow_memory_query"": false, ""allow_hard_retrieve"": false, ""allow_soft_reuse"": false, ""query_result"": """", ""candidate_count"": 0, ""best_candidate_frame_id"": null, ""best_candidate_score"": 0.0, ""best_candidate_pose_distance"": 0.0, ""best_candidate_yaw_delta"": 0.0, ""best_candidate_frame_gap"": 0, ""target_window_ids"": """", ""retrieved_window_ids"": """", ""window_rank_reason"": """", ""trajectory_motion_state"": ""Progressing"", ""trajectory_direction"": ""forward"", ""trajectory_frames"": 4, ""trajectory_distance"": 4.310035549237367, ""trajectory_should_progress"": true, ""trajectory_confidence"": 1.0, ""revisit_gate_allow_retrieve"": false, ""revisit_gate_allow_soft_reuse"": false, ""revisit_gate_force_progress"": true, ""revisit_gate_protect_current"": false, ""revisit_gate_reason"": ""hybrid_forward_progress"", ""selection_is_hard_retrieve"": false, ""selection_is_soft_reuse"": false, ""selection_is_progress"": false, ""action_mode"": ""Viewpoint Locomotion"", ""action_mode_confidence"": 1.0, ""action_mode_reason"": ""move=1.2019:view=0.0400:Viewpoint Locomotion"", ""scheduler_path"": ""Viewpoint Locomotion->protect_current"", ""turn_state"": ""TurnStart"", ""turn_confidence"": 0.50048828125, ""turn_duration"": 1, ""turn_direction"": ""left"", ""turn_reason"": ""rotation=0.0400"", ""window_layout_type"": ""protect_current"", ""window_reason"": ""TurnStart:protect_current"", ""frame_index"": 42, ""pose_x"": 0.652807514202795, ""pose_z"": 3.3672712894344508, ""pose_yaw"": -0.04003906063735485, ""pose_pitch"": 0.0, ""delta_x"": 0.6465149049692474, ""delta_z"": 1.013145077759352, ""local_delta_x"": 0.6666666865348816, ""local_delta_z"": 1.0, ""delta_yaw"": -0.0400390625, ""delta_pitch"": 0.0, ""movement_magnitude"": 1.2018504361755662, ""rotation_magnitude"": 0.0400390625, ""pose_confidence"": 1.0}"
Experiment002,45,1785641279.310376,41,34,37,0.9720778446644545,depth,225280,0.9720778446644545,physmem_insert,23 35 36 37 38 39 40 41 42,stableworld_tri_9,9,1,7,185.98548183217645,,,,,0.9720778446644545,,,,Viewpoint Locomotion,1.0,0.601568309106889,,INSERT,0.6333749890327454,,,,depth,0.9720778446644545,0.9720778446644545,"{""frame_id"": 45, ""current_frame_id"": 41, ""similarity"": 0.9720778446644545, ""similarity_type"": ""depth"", ""matching_points"": 225280, ""confidence"": 0.9720778446644545, ""decision"": ""physmem_insert"", ""memory_state"": [23, 35, 36, 37, 38, 39, 40, 41, 42], ""memory_id"": ""stableworld_tri_9"", ""memory_size"": 9, ""replace_count"": 1, ""keep_count"": 7, ""runtime"": 185.98548183217645, ""pose_event"": """", ""use_pose_memory"": true, ""view_intent"": ""Turn Right"", ""move_intent"": ""Walk"", ""has_view_motion"": true, ""has_move_motion"": true, ""action_explanation"": ""viewpoint_locomotion"", ""pose_delta_position"": 1.0, ""view_state"": ""Novel View"", ""view_confidence"": 0.5, ""view_pose_distance"": 1.0000000000000002, ""view_yaw_delta"": 0.0400390625, ""nearest_view_frame_id"": 39, ""memory_selection_mode"": ""turn_transition"", ""memory_selection_target"": null, ""memory_selection_anchor_type"": """", ""memory_selection_reason"": ""rotation=0.0400"", ""source_anchor_frame_id"": 23, ""source_anchor_locked"": true, ""protected_anchor_ids"": ""23"", ""loop_closure_detected"": false, ""turn_result"": ""UnstableTransition"", ""policy_mode"": ""ViewTransitionPolicy"", ""allow_memory_query"": false, ""allow_hard_retrieve"": false, ""allow_soft_reuse"": false, ""query_result"": """", ""candidate_count"": 0, ""best_candidate_frame_id"": null, ""best_candidate_score"": 0.0, ""best_candidate_pose_distance"": 0.0, ""best_candidate_yaw_delta"": 0.0, ""best_candidate_frame_gap"": 0, ""target_window_ids"": """", ""retrieved_window_ids"": """", ""window_rank_reason"": """", ""trajectory_motion_state"": ""Progressing"", ""trajectory_direction"": ""forward"", ""trajectory_frames"": 5, ""trajectory_distance"": 5.310035549237367, ""trajectory_should_progress"": true, ""trajectory_confidence"": 1.0, ""revisit_gate_allow_retrieve"": false, ""revisit_gate_allow_soft_reuse"": false, ""revisit_gate_force_progress"": true, ""revisit_gate_protect_current"": false, ""revisit_gate_reason"": ""hybrid_forward_progress"", ""selection_is_hard_retrieve"": false, ""selection_is_soft_reuse"": false, ""selection_is_progress"": false, ""action_mode"": ""Viewpoint Locomotion"", ""action_mode_confidence"": 1.0, ""action_mode_reason"": ""move=1.0000:view=0.0400:Viewpoint Locomotion"", ""scheduler_path"": ""Viewpoint Locomotion->turn_transition"", ""turn_state"": ""TurnInProgress"", ""turn_confidence"": 0.50048828125, ""turn_duration"": 2, ""turn_direction"": ""right"", ""turn_reason"": ""rotation=0.0400"", ""window_layout_type"": ""turn_transition"", ""window_reason"": ""TurnInProgress:turn_transition"", ""frame_index"": 45, ""pose_x"": 0.6327893220316694, ""pose_z"": 4.36707090534866, ""pose_yaw"": 1.862645149230957e-09, ""pose_pitch"": 0.0, ""delta_x"": -0.020018192171125698, ""delta_z"": 0.9997996159142091, ""local_delta_x"": 0.0, ""local_delta_z"": 1.0, ""delta_yaw"": 0.0400390625, ""delta_pitch"": 0.0, ""movement_magnitude"": 1.0, ""rotation_magnitude"": 0.0400390625, ""pose_confidence"": 1.0}"
Experiment002,48,1785641280.499741,43,36,39,0.9785711318254471,depth,225280,0.9785711318254471,physmem_keep,23 35 36 40 41 42 43 44 45,stableworld_tri_9,9,1,6,165.2991189621389,,,,,0.9785711318254471,,,,Walk,1.0,0.6190876932614409,,KEEP,0.7046036124229431,,,,depth,0.9785711318254471,0.9785711318254471,"{""frame_id"": 48, ""current_frame_id"": 43, ""similarity"": 0.9785711318254471, ""similarity_type"": ""depth"", ""matching_points"": 225280, ""confidence"": 0.9785711318254471, ""decision"": ""physmem_keep"", ""memory_state"": [23, 35, 36, 40, 41, 42, 43, 44, 45], ""memory_id"": ""stableworld_tri_9"", ""memory_size"": 9, ""replace_count"": 1, ""keep_count"": 6, ""runtime"": 165.2991189621389, ""pose_event"": """", ""use_pose_memory"": true, ""view_intent"": ""None"", ""move_intent"": ""Walk"", ""has_view_motion"": false, ""has_move_motion"": true, ""action_explanation"": ""locomotion"", ""pose_delta_position"": 1.0, ""view_state"": ""Novel View"", ""view_confidence"": 0.5, ""view_pose_distance"": 1.0, ""view_yaw_delta"": 0.0, ""nearest_view_frame_id"": 41, ""memory_selection_mode"": ""orb_locomotion"", ""memory_selection_target"": null, ""memory_selection_anchor_type"": """", ""memory_selection_reason"": ""move=1.0000:Walk"", ""source_anchor_frame_id"": null, ""source_anchor_locked"": false, ""protected_anchor_ids"": """", ""loop_closure_detected"": false, ""turn_result"": """", ""policy_mode"": ""LocomotionPolicy"", ""allow_memory_query"": false, ""allow_hard_retrieve"": false, ""allow_soft_reuse"": false, ""query_result"": """", ""candidate_count"": 0, ""best_candidate_frame_id"": null, ""best_candidate_score"": 0.0, ""best_candidate_pose_distance"": 0.0, ""best_candidate_yaw_delta"": 0.0, ""best_candidate_frame_gap"": 0, ""target_window_ids"": """", ""retrieved_window_ids"": """", ""window_rank_reason"": """", ""trajectory_motion_state"": ""Progressing"", ""trajectory_direction"": ""forward"", ""trajectory_frames"": 6, ""trajectory_distance"": 6.310035549237367, ""trajectory_should_progress"": true, ""trajectory_confidence"": 1.0, ""revisit_gate_allow_retrieve"": false, ""revisit_gate_allow_soft_reuse"": false, ""revisit_gate_force_progress"": false, ""revisit_gate_protect_current"": false, ""revisit_gate_reason"": ""locomotion_only_orb_dominant"", ""selection_is_hard_retrieve"": false, ""selection_is_soft_reuse"": false, ""selection_is_progress"": false, ""action_mode"": ""Locomotion Only"", ""action_mode_confidence"": 1.0, ""action_mode_reason"": ""move=1.0000:Walk"", ""scheduler_path"": ""Locomotion Only->orb_locomotion"", ""turn_state"": ""PostTurnStabilization"", ""turn_confidence"": 1.0, ""turn_duration"": 1, ""turn_direction"": ""right"", ""turn_reason"": ""mouse_stopped_after_turn"", ""window_layout_type"": ""orb_locomotion"", ""window_reason"": ""PostTurnStabilization:orb_locomotion"", ""frame_index"": 48, ""pose_x"": 0.6327893238943145, ""pose_z"": 5.36707090534866, ""pose_yaw"": 1.862645149230957e-09, ""pose_pitch"": 0.0, ""delta_x"": 1.862645149230957e-09, ""delta_z"": 1.0, ""local_delta_x"": 0.0, ""local_delta_z"": 1.0, ""delta_yaw"": 0.0, ""delta_pitch"": 0.0, ""movement_magnitude"": 1.0, ""rotation_magnitude"": 0.0, ""pose_confidence"": 1.0}"
Experiment002,51,1785641281.6055915,46,36,42,0.9789293296635151,depth,225280,0.9789293296635151,physmem_insert,40 41 42 43 44 45 46 47 48,stableworld_tri_9,9,1,6,106.62696463987231,,,,,0.9789293296635151,,,,Walk,1.4142135623730951,0.5705194851338509,,INSERT,0.6280101537704468,,,,depth,0.9789293296635151,0.9789293296635151,"{""frame_id"": 51, ""current_frame_id"": 46, ""similarity"": 0.9789293296635151, ""similarity_type"": ""depth"", ""matching_points"": 225280, ""confidence"": 0.9789293296635151, ""decision"": ""physmem_insert"", ""memory_state"": [40, 41, 42, 43, 44, 45, 46, 47, 48], ""memory_id"": ""stableworld_tri_9"", ""memory_size"": 9, ""replace_count"": 1, ""keep_count"": 6, ""runtime"": 106.62696463987231, ""pose_event"": """", ""use_pose_memory"": true, ""view_intent"": ""None"", ""move_intent"": ""Walk"", ""has_view_motion"": false, ""has_move_motion"": true, ""action_explanation"": ""locomotion"", ""pose_delta_position"": 1.4142135623730951, ""view_state"": ""Novel View"", ""view_confidence"": 0.5, ""view_pose_distance"": 1.4142135623730951, ""view_yaw_delta"": 0.0, ""nearest_view_frame_id"": 43, ""memory_selection_mode"": ""orb_locomotion"", ""memory_selection_target"": null, ""memory_selection_anchor_type"": """", ""memory_selection_reason"": ""move=1.4142:Walk"", ""source_anchor_frame_id"": null, ""source_anchor_locked"": false, ""protected_anchor_ids"": """", ""loop_closure_detected"": false, ""turn_result"": """", ""policy_mode"": ""LocomotionPolicy"", ""allow_memory_query"": false, ""allow_hard_retrieve"": false, ""allow_soft_reuse"": false, ""query_result"": """", ""candidate_count"": 0, ""best_candidate_frame_id"": null, ""best_candidate_score"": 0.0, ""best_candidate_pose_distance"": 0.0, ""best_candidate_yaw_delta"": 0.0, ""best_candidate_frame_gap"": 0, ""target_window_ids"": """", ""retrieved_window_ids"": """", ""window_rank_reason"": """", ""trajectory_motion_state"": ""Progressing"", ""trajectory_direction"": ""forward"", ""trajectory_frames"": 7, ""trajectory_distance"": 7.724249111610462, ""trajectory_should_progress"": true, ""trajectory_confidence"": 1.0, ""revisit_gate_allow_retrieve"": false, ""revisit_gate_allow_soft_reuse"": false, ""revisit_gate_force_progress"": false, ""revisit_gate_protect_current"": false, ""revisit_gate_reason"": ""locomotion_only_orb_dominant"", ""selection_is_hard_retrieve"": false, ""selection_is_soft_reuse"": false, ""selection_is_progress"": false, ""action_mode"": ""Locomotion Only"", ""action_mode_confidence"": 1.0, ""action_mode_reason"": ""move=1.4142:Walk"", ""scheduler_path"": ""Locomotion Only->orb_locomotion"", ""turn_state"": ""PostTurnStabilization"", ""turn_confidence"": 0.5, ""turn_duration"": 2, ""turn_direction"": ""right"", ""turn_reason"": ""mouse_stopped_after_turn"", ""window_layout_type"": ""orb_locomotion"", ""window_reason"": ""PostTurnStabilization:orb_locomotion"", ""frame_index"": 51, ""pose_x"": -0.3672106742430403, ""pose_z"": 6.367070907211305, ""pose_yaw"": 1.862645149230957e-09, ""pose_pitch"": 0.0, ""delta_x"": -0.9999999981373549, ""delta_z"": 1.0000000018626451, ""local_delta_x"": -1.0, ""local_delta_z"": 1.0, ""delta_yaw"": 0.0, ""delta_pitch"": 0.0, ""movement_magnitude"": 1.4142135623730951, ""rotation_magnitude"": 0.0, ""pose_confidence"": 1.0}"
Experiment002,54,1785641282.6827953,49,42,45,0.9390971623361111,depth,225280,0.9390971623361111,physmem_insert,43 44 45 46 47 48 49 50 51,stableworld_tri_9,9,1,6,68.85806191712618,,,,,0.9390971623361111,,,,Walk,1.4142135623730951,0.5588890510805148,,INSERT,0.6436067223548889,,,,depth,0.9390971623361111,0.9390971623361111,"{""frame_id"": 54, ""current_frame_id"": 49, ""similarity"": 0.9390971623361111, ""similarity_type"": ""depth"", ""matching_points"": 225280, ""confidence"": 0.9390971623361111, ""decision"": ""physmem_insert"", ""memory_state"": [43, 44, 45, 46, 47, 48, 49, 50, 51], ""memory_id"": ""stableworld_tri_9"", ""memory_size"": 9, ""replace_count"": 1, ""keep_count"": 6, ""runtime"": 68.85806191712618, ""pose_event"": """", ""use_pose_memory"": true, ""view_intent"": ""None"", ""move_intent"": ""Walk"", ""has_view_motion"": false, ""has_move_motion"": true, ""action_explanation"": ""locomotion"", ""pose_delta_position"": 1.4142135623730951, ""view_state"": ""Novel View"", ""view_confidence"": 0.5, ""view_pose_distance"": 1.4142135623730951, ""view_yaw_delta"": 0.0, ""nearest_view_frame_id"": 46, ""memory_selection_mode"": ""orb_locomotion"", ""memory_selection_target"": null, ""memory_selection_anchor_type"": """", ""memory_selection_reason"": ""move=1.4142:Walk"", ""source_anchor_frame_id"": null, ""source_anchor_locked"": false, ""protected_anchor_ids"": """", ""loop_closure_detected"": false, ""turn_result"": """", ""policy_mode"": ""LocomotionPolicy"", ""allow_memory_query"": false, ""allow_hard_retrieve"": false, ""allow_soft_reuse"": false, ""query_result"": """", ""candidate_count"": 0, ""best_candidate_frame_id"": null, ""best_candidate_score"": 0.0, ""best_candidate_pose_distance"": 0.0, ""best_candidate_yaw_delta"": 0.0, ""best_candidate_frame_gap"": 0, ""target_window_ids"": """", ""retrieved_window_ids"": """", ""window_rank_reason"": """", ""trajectory_motion_state"": ""Progressing"", ""trajectory_direction"": ""forward"", ""trajectory_frames"": 8, ""trajectory_distance"": 9.138462673983557, ""trajectory_should_progress"": true, ""trajectory_confidence"": 1.0, ""revisit_gate_allow_retrieve"": false, ""revisit_gate_allow_soft_reuse"": false, ""revisit_gate_force_progress"": false, ""revisit_gate_protect_current"": false, ""revisit_gate_reason"": ""locomotion_only_orb_dominant"", ""selection_is_hard_retrieve"": false, ""selection_is_soft_reuse"": false, ""selection_is_progress"": false, ""action_mode"": ""Locomotion Only"", ""action_mode_confidence"": 1.0, ""action_mode_reason"": ""move=1.4142:Walk"", ""scheduler_path"": ""Locomotion Only->orb_locomotion"", ""turn_state"": ""StableNewView"", ""turn_confidence"": 1.0, ""turn_duration"": 0, ""turn_direction"": ""right"", ""turn_reason"": ""stable"", ""window_layout_type"": ""orb_locomotion"", ""window_reason"": ""StableNewView:orb_locomotion"", ""frame_index"": 54, ""pose_x"": 0.6327893276196048, ""pose_z"": 7.36707090534866, ""pose_yaw"": 1.862645149230957e-09, ""pose_pitch"": 0.0, ""delta_x"": 1.0000000018626451, ""delta_z"": 0.9999999981373549, ""local_delta_x"": 1.0, ""local_delta_z"": 1.0, ""delta_yaw"": 0.0, ""delta_pitch"": 0.0, ""movement_magnitude"": 1.4142135623730951, ""rotation_magnitude"": 0.0, ""pose_confidence"": 1.0}"
Experiment002,57,1785641283.7491283,52,45,48,0.933263398706913,depth,225280,0.933263398706913,physmem_keep,43 44 45 49 50 51 52 53 54,stableworld_tri_9,9,1,6,59.57484571263194,,,,,0.933263398706913,,,,Left,0.7453560147132695,0.5540513135253794,,KEEP,0.5921952724456787,,,,depth,0.933263398706913,0.933263398706913,"{""frame_id"": 57, ""current_frame_id"": 52, ""similarity"": 0.933263398706913, ""similarity_type"": ""depth"", ""matching_points"": 225280, ""confidence"": 0.933263398706913, ""decision"": ""physmem_keep"", ""memory_state"": [43, 44, 45, 49, 50, 51, 52, 53, 54], ""memory_id"": ""stableworld_tri_9"", ""memory_size"": 9, ""replace_count"": 1, ""keep_count"": 6, ""runtime"": 59.57484571263194, ""pose_event"": """", ""use_pose_memory"": true, ""view_intent"": ""None"", ""move_intent"": ""Left"", ""has_view_motion"": false, ""has_move_motion"": true, ""action_explanation"": ""lateral_motion"", ""pose_delta_position"": 0.3333333432674408, ""view_state"": ""Known View"", ""view_confidence"": 0.8039215627838583, ""view_pose_distance"": 0.3333333432674408, ""view_yaw_delta"": 0.0, ""nearest_view_frame_id"": 49, ""memory_selection_mode"": ""orb_locomotion"", ""memory_selection_target"": null, ""memory_selection_anchor_type"": """", ""memory_selection_reason"": ""move=0.3333:Left"", ""source_anchor_frame_id"": null, ""source_anchor_locked"": false, ""protected_anchor_ids"": """", ""loop_closure_detected"": false, ""turn_result"": """", ""policy_mode"": ""LocomotionPolicy"", ""allow_memory_query"": false, ""allow_hard_retrieve"": false, ""allow_soft_reuse"": false, ""query_result"": """", ""candidate_count"": 0, ""best_candidate_frame_id"": null, ""best_candidate_score"": 0.0, ""best_candidate_pose_distance"": 0.0, ""best_candidate_yaw_delta"": 0.0, ""best_candidate_frame_gap"": 0, ""target_window_ids"": """", ""retrieved_window_ids"": """", ""window_rank_reason"": """", ""trajectory_motion_state"": ""Starting"", ""trajectory_direction"": ""left"", ""trajectory_frames"": 1, ""trajectory_distance"": 0.3333333432674408, ""trajectory_should_progress"": false, ""trajectory_confidence"": 0.75, ""revisit_gate_allow_retrieve"": false, ""revisit_gate_allow_soft_reuse"": false, ""revisit_gate_force_progress"": false, ""revisit_gate_protect_current"": false, ""revisit_gate_reason"": ""locomotion_only_orb_dominant"", ""selection_is_hard_retrieve"": false, ""selection_is_soft_reuse"": false, ""selection_is_progress"": false, ""action_mode"": ""Locomotion Only"", ""action_mode_confidence"": 0.3333333432674408, ""action_mode_reason"": ""move=0.3333:Left"", ""scheduler_path"": ""Locomotion Only->orb_locomotion"", ""turn_state"": ""StableNewView"", ""turn_confidence"": 1.0, ""turn_duration"": 0, ""turn_direction"": ""right"", ""turn_reason"": ""stable"", ""window_layout_type"": ""orb_locomotion"", ""window_reason"": ""StableNewView:orb_locomotion"", ""frame_index"": 57, ""pose_x"": 0.29945598435216403, ""pose_z"": 7.367070905969542, ""pose_yaw"": 1.862645149230957e-09, ""pose_pitch"": 0.0, ""delta_x"": -0.3333333432674408, ""delta_z"": 6.208817349140361e-10, ""local_delta_x"": -0.3333333432674408, ""local_delta_z"": 0.0, ""delta_yaw"": 0.0, ""delta_pitch"": 0.0, ""movement_magnitude"": 0.3333333432674408, ""rotation_magnitude"": 0.0, ""pose_confidence"": 1.0}"
Experiment002,60,1785641284.8197484,55,45,51,0.9376150034368038,depth,225280,0.9376150034368038,physmem_keep,43 44 45 52 53 54 55 56 57,stableworld_tri_9,9,1,6,62.88971891626716,,,,,0.9376150034368038,,,,Viewpoint Locomotion,0.3333333432674408,0.5305410054753732,,KEEP,0.5366618633270264,,,,depth,0.9376150034368038,0.9376150034368038,"{""frame_id"": 60, ""current_frame_id"": 55, ""similarity"": 0.9376150034368038, ""similarity_type"": ""depth"", ""matching_points"": 225280, ""confidence"": 0.9376150034368038, ""decision"": ""physmem_keep"", ""memory_state"": [43, 44, 45, 52, 53, 54, 55, 56, 57], ""memory_id"": ""stableworld_tri_9"", ""memory_size"": 9, ""replace_count"": 1, ""keep_count"": 6, ""runtime"": 62.88971891626716, ""pose_event"": """", ""use_pose_memory"": true, ""view_intent"": ""Turn Left"", ""move_intent"": ""Right"", ""has_view_motion"": true, ""has_move_motion"": true, ""action_explanation"": ""viewpoint_locomotion"", ""pose_delta_position"": 0.3333333432674408, ""view_state"": ""Known View"", ""view_confidence"": 0.8551556252072205, ""view_pose_distance"": 0.019962293690683336, ""view_yaw_delta"": 0.1197916641831398, ""nearest_view_frame_id"": 49, ""memory_selection_mode"": ""protect_current"", ""memory_selection_target"": null, ""memory_selection_anchor_type"": """", ""memory_selection_reason"": ""move=0.3333:view=0.1198:Viewpoint Locomotion"", ""source_anchor_frame_id"": 45, ""source_anchor_locked"": true, ""protected_anchor_ids"": ""45"", ""loop_closure_detected"": false, ""turn_result"": ""TurnStart"", ""policy_mode"": ""TurnStartPolicy"", ""allow_memory_query"": false, ""allow_hard_retrieve"": false, ""allow_soft_reuse"": false, ""query_result"": """", ""candidate_count"": 0, ""best_candidate_frame_id"": null, ""best_candidate_score"": 0.0, ""best_candidate_pose_distance"": 0.0, ""best_candidate_yaw_delta"": 0.0, ""best_candidate_frame_gap"": 0, ""target_window_ids"": """", ""retrieved_window_ids"": """", ""window_rank_reason"": """", ""trajectory_motion_state"": ""Starting"", ""trajectory_direction"": ""right"", ""trajectory_frames"": 1, ""trajectory_distance"": 0.3333333432674408, ""trajectory_should_progress"": false, ""trajectory_confidence"": 0.75, ""revisit_gate_allow_retrieve"": false, ""revisit_gate_allow_soft_reuse"": false, ""revisit_gate_force_progress"": false, ""revisit_gate_protect_current"": false, ""revisit_gate_reason"": ""known_view_blocked_by_motion:0.3333"", ""selection_is_hard_retrieve"": false, ""selection_is_soft_reuse"": false, ""selection_is_progress"": false, ""action_mode"": ""Viewpoint Locomotion"", ""action_mode_confidence"": 0.3333333432674408, ""action_mode_reason"": ""move=0.3333:view=0.1198:Viewpoint Locomotion"", ""scheduler_path"": ""Viewpoint Locomotion->protect_current"", ""turn_state"": ""TurnStart"", ""turn_confidence"": 1.0, ""turn_duration"": 1, ""turn_direction"": ""left"", ""turn_reason"": ""rotation=0.1198"", ""window_layout_type"": ""protect_current"", ""window_reason"": ""TurnStart:protect_current"", ""frame_index"": 60, ""pose_x"": 0.6321915879204952, ""pose_z"": 7.387024247841716, ""pose_yaw"": -0.11979166232049465, ""pose_pitch"": 0.0, ""delta_x"": 0.3327356035683312, ""delta_z"": 0.019953341872174398, ""local_delta_x"": 0.3333333432674408, ""local_delta_z"": 0.0, ""delta_yaw"": -0.1197916641831398, ""delta_pitch"": 0.0, ""movement_magnitude"": 0.3333333432674408, ""rotation_magnitude"": 0.1197916641831398, ""pose_confidence"": 1.0}"
Experiment002,63,1785641285.8294957,58,45,54,0.9306512773036957,depth,225280,0.9306512773036957,physmem_insert,45 52 53 54 55 56 57 58 59,stableworld_tri_9,9,1,7,51.43923731520772,,,,,0.9306512773036957,,,,Turn Left,0.1796875,0.496113121088088,,INSERT,0.5407567024230957,,,,depth,0.9306512773036957,0.9306512773036957,"{""frame_id"": 63, ""current_frame_id"": 58, ""similarity"": 0.9306512773036957, ""similarity_type"": ""depth"", ""matching_points"": 225280, ""confidence"": 0.9306512773036957, ""decision"": ""physmem_insert"", ""memory_state"": [45, 52, 53, 54, 55, 56, 57, 58, 59], ""memory_id"": ""stableworld_tri_9"", ""memory_size"": 9, ""replace_count"": 1, ""keep_count"": 7, ""runtime"": 51.43923731520772, ""pose_event"": """", ""use_pose_memory"": true, ""view_intent"": ""Turn Left"", ""move_intent"": ""None"", ""has_view_motion"": true, ""has_move_motion"": false, ""action_explanation"": ""viewpoint_change"", ""pose_delta_position"": 0.0, ""view_state"": ""View Transition"", ""view_confidence"": 0.5989583333333334, ""view_pose_distance"": 0.0, ""view_yaw_delta"": 0.1796875, ""nearest_view_frame_id"": 55, ""memory_selection_mode"": ""turn_transition"", ""memory_selection_target"": null, ""memory_selection_anchor_type"": """", ""memory_selection_reason"": ""rotation=0.1797"", ""source_anchor_frame_id"": 45, ""source_anchor_locked"": true, ""protected_anchor_ids"": ""45"", ""loop_closure_detected"": false, ""turn_result"": ""UnstableTransition"", ""policy_mode"": ""ViewTransitionPolicy"", ""allow_memory_query"": false, ""allow_hard_retrieve"": false, ""allow_soft_reuse"": false, ""query_result"": """", ""candidate_count"": 0, ""best_candidate_frame_id"": null, ""best_candidate_score"": 0.0, ""best_candidate_pose_distance"": 0.0, ""best_candidate_yaw_delta"": 0.0, ""best_candidate_frame_gap"": 0, ""target_window_ids"": """", ""retrieved_window_ids"": """", ""window_rank_reason"": """", ""trajectory_motion_state"": ""Idle"", ""trajectory_direction"": ""none"", ""trajectory_frames"": 0, ""trajectory_distance"": 0.0, ""trajectory_should_progress"": false, ""trajectory_confidence"": 0.0, ""revisit_gate_allow_retrieve"": false, ""revisit_gate_allow_soft_reuse"": false, ""revisit_gate_force_progress"": false, ""revisit_gate_protect_current"": true, ""revisit_gate_reason"": ""view_transition"", ""selection_is_hard_retrieve"": false, ""selection_is_soft_reuse"": false, ""selection_is_progress"": false, ""action_mode"": ""View Rotation Only"", ""action_mode_confidence"": 0.998263888888889, ""action_mode_reason"": ""view=0.1797:Turn Left"", ""scheduler_path"": ""View Rotation Only->turn_transition"", ""turn_state"": ""TurnInProgress"", ""turn_confidence"": 1.0, ""turn_duration"": 2, ""turn_direction"": ""left"", ""turn_reason"": ""rotation=0.1797"", ""window_layout_type"": ""turn_transition"", ""window_reason"": ""TurnInProgress:turn_transition"", ""frame_index"": 63, ""pose_x"": 0.6321915879204952, ""pose_z"": 7.387024247841716, ""pose_yaw"": -0.29947916232049465, ""pose_pitch"": 0.0, ""delta_x"": 0.0, ""delta_z"": 0.0, ""local_delta_x"": 0.0, ""local_delta_z"": 0.0, ""delta_yaw"": -0.1796875, ""delta_pitch"": 0.0, ""movement_magnitude"": 0.0, ""rotation_magnitude"": 0.1796875, ""pose_confidence"": 1.0}"
Experiment002,66,1785641286.8635354,60,53,56,0.9813571758568287,depth,225280,0.9813571758568287,physmem_keep,45 52 53 57 58 59 60 61 62,stableworld_tri_9,9,1,6,90.29021114110947,,,,,0.9813571758568287,,,,Viewpoint Locomotion,0.6666666865348816,0.6212986745179568,,KEEP,0.6720372438430786,,,,depth,0.9813571758568287,0.9813571758568287,"{""frame_id"": 66, ""current_frame_id"": 60, ""similarity"": 0.9813571758568287, ""similarity_type"": ""depth"", ""matching_points"": 225280, ""confidence"": 0.9813571758568287, ""decision"": ""physmem_keep"", ""memory_state"": [45, 52, 53, 57, 58, 59, 60, 61, 62], ""memory_id"": ""stableworld_tri_9"", ""memory_size"": 9, ""replace_count"": 1, ""keep_count"": 6, ""runtime"": 90.29021114110947, ""pose_event"": """", ""use_pose_memory"": true, ""view_intent"": ""Turn Right"", ""move_intent"": ""Left"", ""has_view_motion"": true, ""has_move_motion"": true, ""action_explanation"": ""viewpoint_locomotion"", ""pose_delta_position"": 0.6666666865348816, ""view_state"": ""Revisit"", ""view_confidence"": 0.4259897595402765, ""view_pose_distance"": 0.3476225062076498, ""view_yaw_delta"": 0.2395833320915699, ""nearest_view_frame_id"": 52, ""memory_selection_mode"": ""turn_transition"", ""memory_selection_target"": null, ""memory_selection_anchor_type"": """", ""memory_selection_reason"": ""rotation=0.0599"", ""source_anchor_frame_id"": 45, ""source_anchor_locked"": true, ""protected_anchor_ids"": ""45"", ""loop_closure_detected"": false, ""turn_result"": ""UnstableTransition"", ""policy_mode"": ""ViewTransitionPolicy"", ""allow_memory_query"": false, ""allow_hard_retrieve"": false, ""allow_soft_reuse"": false, ""query_result"": """", ""candidate_count"": 0, ""best_candidate_frame_id"": null, ""best_candidate_score"": 0.0, ""best_candidate_pose_distance"": 0.0, ""best_candidate_yaw_delta"": 0.0, ""best_candidate_frame_gap"": 0, ""target_window_ids"": """", ""retrieved_window_ids"": """", ""window_rank_reason"": """", ""trajectory_motion_state"": ""Starting"", ""trajectory_direction"": ""left"", ""trajectory_frames"": 1, ""trajectory_distance"": 0.6666666865348816, ""trajectory_should_progress"": false, ""trajectory_confidence"": 0.75, ""revisit_gate_allow_retrieve"": false, ""revisit_gate_allow_soft_reuse"": false, ""revisit_gate_force_progress"": false, ""revisit_gate_protect_current"": false, ""revisit_gate_reason"": ""revisit_blocked_by_motion:0.6667"", ""selection_is_hard_retrieve"": false, ""selection_is_soft_reuse"": false, ""selection_is_progress"": false, ""action_mode"": ""Viewpoint Locomotion"", ""action_mode_confidence"": 0.6666666865348816, ""action_mode_reason"": ""move=0.6667:view=0.0599:Viewpoint Locomotion"", ""scheduler_path"": ""Viewpoint Locomotion->turn_transition"", ""turn_state"": ""TurnInProgress"", ""turn_confidence"": 0.7486979011446238, ""turn_duration"": 3, ""turn_direction"": ""right"", ""turn_reason"": ""rotation=0.0599"", ""window_layout_type"": ""turn_transition"", ""window_reason"": ""TurnInProgress:turn_transition"", ""frame_index"": 66, ""pose_x"": -0.010405645784525741, ""pose_z"": 7.209504485082601, ""pose_yaw"": -0.23958333022892475, ""pose_pitch"": 0.0, ""delta_x"": -0.642597233705021, ""delta_z"": -0.17751976275911557, ""local_delta_x"": -0.6666666865348816, ""local_delta_z"": 0.0, ""delta_yaw"": 0.0598958320915699, ""delta_pitch"": 0.0, ""movement_magnitude"": 0.6666666865348816, ""rotation_magnitude"": 0.0598958320915699, ""pose_confidence"": 1.0}"
Experiment002,69,1785641287.9272661,63,53,59,0.9772109016776085,depth,225280,0.9772109016776085,physmem_keep,45 52 53 60 61 62 63 64 65,stableworld_tri_9,9,1,6,132.73131102323532,,,,,0.9772109016776085,,,,Viewpoint Locomotion,0.7453560147132695,0.5944939294324163,,KEEP,0.6589226126670837,,,,depth,0.9772109016776085,0.9772109016776085,"{""frame_id"": 69, ""current_frame_id"": 63, ""similarity"": 0.9772109016776085, ""similarity_type"": ""depth"", ""matching_points"": 225280, ""confidence"": 0.9772109016776085, ""decision"": ""physmem_keep"", ""memory_state"": [45, 52, 53, 60, 61, 62, 63, 64, 65], ""memory_id"": ""stableworld_tri_9"", ""memory_size"": 9, ""replace_count"": 1, ""keep_count"": 6, ""runtime"": 132.73131102323532, ""pose_event"": """", ""use_pose_memory"": true, ""view_intent"": ""Turn Left"", ""move_intent"": ""Right"", ""has_view_motion"": true, ""has_move_motion"": true, ""action_explanation"": ""viewpoint_locomotion"", ""pose_delta_position"": 0.3333333432674408, ""view_state"": ""Revisit"", ""view_confidence"": 0.5256722305105771, ""view_pose_distance"": 0.0697505881274062, ""view_yaw_delta"": 0.2994791641831398, ""nearest_view_frame_id"": 52, ""memory_selection_mode"": ""turn_transition"", ""memory_selection_target"": null, ""memory_selection_anchor_type"": """", ""memory_selection_reason"": ""rotation=0.0599"", ""source_anchor_frame_id"": 45, ""source_anchor_locked"": true, ""protected_anchor_ids"": ""45"", ""loop_closure_detected"": false, ""turn_result"": ""UnstableTransition"", ""policy_mode"": ""ViewTransitionPolicy"", ""allow_memory_query"": false, ""allow_hard_retrieve"": false, ""allow_soft_reuse"": false, ""query_result"": """", ""candidate_count"": 0, ""best_candidate_frame_id"": null, ""best_candidate_score"": 0.0, ""best_candidate_pose_distance"": 0.0, ""best_candidate_yaw_delta"": 0.0, ""best_candidate_frame_gap"": 0, ""target_window_ids"": """", ""retrieved_window_ids"": """", ""window_rank_reason"": """", ""trajectory_motion_state"": ""Starting"", ""trajectory_direction"": ""right"", ""trajectory_frames"": 1, ""trajectory_distance"": 0.3333333432674408, ""trajectory_should_progress"": false, ""trajectory_confidence"": 0.75, ""revisit_gate_allow_retrieve"": false, ""revisit_gate_allow_soft_reuse"": false, ""revisit_gate_force_progress"": false, ""revisit_gate_protect_current"": false, ""revisit_gate_reason"": ""revisit_blocked_by_motion:0.3333"", ""selection_is_hard_retrieve"": false, ""selection_is_soft_reuse"": false, ""selection_is_progress"": false, ""action_mode"": ""Viewpoint Locomotion"", ""action_mode_confidence"": 0.3333333432674408, ""action_mode_reason"": ""move=0.3333:view=0.0599:Viewpoint Locomotion"", ""scheduler_path"": ""Viewpoint Locomotion->turn_transition"", ""turn_state"": ""TurnInProgress"", ""turn_confidence"": 0.7486979011446238, ""turn_duration"": 4, ""turn_direction"": ""left"", ""turn_reason"": ""rotation=0.0599"", ""window_layout_type"": ""turn_transition"", ""window_reason"": ""TurnInProgress:turn_transition"", ""frame_index"": 69, ""pose_x"": 0.31089297106798475, ""pose_z"": 7.298264366462158, ""pose_yaw"": -0.29947916232049465, ""pose_pitch"": 0.0, ""delta_x"": 0.3212986168525105, ""delta_z"": 0.08875988137955779, ""local_delta_x"": 0.3333333432674408, ""local_delta_z"": 0.0, ""delta_yaw"": -0.0598958320915699, ""delta_pitch"": 0.0, ""movement_magnitude"": 0.3333333432674408, ""rotation_magnitude"": 0.0598958320915699, ""pose_confidence"": 1.0}"
Experiment002,72,1785641288.9871714,66,53,62,0.8867941498756409,depth,225280,0.8867941498756409,physmem_insert,45 60 61 62 63 64 65 66 67,stableworld_tri_9,9,1,7,136.99086802080274,,,,,0.8867941498756409,,,,Viewpoint Locomotion,0.7453560147132695,0.4727290970140278,,INSERT,0.562555193901062,,,,depth,0.8867941498756409,0.8867941498756409,"{""frame_id"": 72, ""current_frame_id"": 66, ""similarity"": 0.8867941498756409, ""similarity_type"": ""depth"", ""matching_points"": 225280, ""confidence"": 0.8867941498756409, ""decision"": ""physmem_insert"", ""memory_state"": [45, 60, 61, 62, 63, 64, 65, 66, 67], ""memory_id"": ""stableworld_tri_9"", ""memory_size"": 9, ""replace_count"": 1, ""keep_count"": 7, ""runtime"": 136.99086802080274, ""pose_event"": """", ""use_pose_memory"": true, ""view_intent"": ""Turn Left"", ""move_intent"": ""Right"", ""has_view_motion"": true, ""has_move_motion"": true, ""action_explanation"": ""viewpoint_locomotion"", ""pose_delta_position"": 0.3333333432674408, ""view_state"": ""Revisit"", ""view_confidence"": 0.6444299012182546, ""view_pose_distance"": 0.01996229369068248, ""view_yaw_delta"": 0.2395833320915699, ""nearest_view_frame_id"": 55, ""memory_selection_mode"": ""turn_transition"", ""memory_selection_target"": null, ""memory_selection_anchor_type"": """", ""memory_selection_reason"": ""rotation=0.0599"", ""source_anchor_frame_id"": 45, ""source_anchor_locked"": true, ""protected_anchor_ids"": ""45"", ""loop_closure_detected"": false, ""turn_result"": ""UnstableTransition"", ""policy_mode"": ""ViewTransitionPolicy"", ""allow_memory_query"": false, ""allow_hard_retrieve"": false, ""allow_soft_reuse"": false, ""query_result"": """", ""candidate_count"": 0, ""best_candidate_frame_id"": null, ""best_candidate_score"": 0.0, ""best_candidate_pose_distance"": 0.0, ""best_candidate_yaw_delta"": 0.0, ""best_candidate_frame_gap"": 0, ""target_window_ids"": """", ""retrieved_window_ids"": """", ""window_rank_reason"": """", ""trajectory_motion_state"": ""Progressing"", ""trajectory_direction"": ""right"", ""trajectory_frames"": 2, ""trajectory_distance"": 0.6666666865348816, ""trajectory_should_progress"": true, ""trajectory_confidence"": 1.0, ""revisit_gate_allow_retrieve"": false, ""revisit_gate_allow_soft_reuse"": false, ""revisit_gate_force_progress"": true, ""revisit_gate_protect_current"": false, ""revisit_gate_reason"": ""hybrid_right_progress"", ""selection_is_hard_retrieve"": false, ""selection_is_soft_reuse"": false, ""selection_is_progress"": false, ""action_mode"": ""Viewpoint Locomotion"", ""action_mode_confidence"": 0.3333333432674408, ""action_mode_reason"": ""move=0.3333:view=0.0599:Viewpoint Locomotion"", ""scheduler_path"": ""Viewpoint Locomotion->turn_transition"", ""turn_state"": ""TurnInProgress"", ""turn_confidence"": 0.7486979011446238, ""turn_duration"": 5, ""turn_direction"": ""left"", ""turn_reason"": ""rotation=0.0599"", ""window_layout_type"": ""turn_transition"", ""window_reason"": ""TurnInProgress:turn_transition"", ""frame_index"": 72, ""pose_x"": 0.6263022603063699, ""pose_z"": 7.4060980253817466, ""pose_yaw"": -0.35937499441206455, ""pose_pitch"": 0.0, ""delta_x"": 0.3154092892383852, ""delta_z"": 0.10783365891958879, ""local_delta_x"": 0.3333333432674408, ""local_delta_z"": 0.0, ""delta_yaw"": -0.0598958320915699, ""delta_pitch"": 0.0, ""movement_magnitude"": 0.3333333432674408, ""rotation_magnitude"": 0.0598958320915699, ""pose_confidence"": 1.0}"
Experiment002,75,1785641290.0352721,68,61,64,0.8639834970235825,depth,225280,0.8639834970235825,physmem_keep,45 60 61 65 66 67 68 69 70,stableworld_tri_9,9,1,6,117.57439887151122,,,,,0.8639834970235825,,,,Turn Right,0.1796875,0.5738909896530963,,KEEP,0.6866098642349243,,,,depth,0.8639834970235825,0.8639834970235825,"{""frame_id"": 75, ""current_frame_id"": 68, ""similarity"": 0.8639834970235825, ""similarity_type"": ""depth"", ""matching_points"": 225280, ""confidence"": 0.8639834970235825, ""decision"": ""physmem_keep"", ""memory_state"": [45, 60, 61, 65, 66, 67, 68, 69, 70], ""memory_id"": ""stableworld_tri_9"", ""memory_size"": 9, ""replace_count"": 1, ""keep_count"": 6, ""runtime"": 117.57439887151122, ""pose_event"": """", ""use_pose_memory"": true, ""view_intent"": ""Turn Right"", ""move_intent"": ""None"", ""has_view_motion"": true, ""has_move_motion"": false, ""action_explanation"": ""viewpoint_change"", ""pose_delta_position"": 0.0, ""view_state"": ""View Transition"", ""view_confidence"": 0.5989583333333334, ""view_pose_distance"": 0.0, ""view_yaw_delta"": 0.1796875, ""nearest_view_frame_id"": 66, ""memory_selection_mode"": ""turn_transition"", ""memory_selection_target"": null, ""memory_selection_anchor_type"": """", ""memory_selection_reason"": ""rotation=0.1797"", ""source_anchor_frame_id"": 45, ""source_anchor_locked"": true, ""protected_anchor_ids"": ""45"", ""loop_closure_detected"": false, ""turn_result"": ""UnstableTransition"", ""policy_mode"": ""ViewTransitionPolicy"", ""allow_memory_query"": false, ""allow_hard_retrieve"": false, ""allow_soft_reuse"": false, ""query_result"": """", ""candidate_count"": 0, ""best_candidate_frame_id"": null, ""best_candidate_score"": 0.0, ""best_candidate_pose_distance"": 0.0, ""best_candidate_yaw_delta"": 0.0, ""best_candidate_frame_gap"": 0, ""target_window_ids"": """", ""retrieved_window_ids"": """", ""window_rank_reason"": """", ""trajectory_motion_state"": ""Idle"", ""trajectory_direction"": ""none"", ""trajectory_frames"": 0, ""trajectory_distance"": 0.0, ""trajectory_should_progress"": false, ""trajectory_confidence"": 0.0, ""revisit_gate_allow_retrieve"": false, ""revisit_gate_allow_soft_reuse"": false, ""revisit_gate_force_progress"": false, ""revisit_gate_protect_current"": true, ""revisit_gate_reason"": ""view_transition"", ""selection_is_hard_retrieve"": false, ""selection_is_soft_reuse"": false, ""selection_is_progress"": false, ""action_mode"": ""View Rotation Only"", ""action_mode_confidence"": 0.998263888888889, ""action_mode_reason"": ""view=0.1797:Turn Right"", ""scheduler_path"": ""View Rotation Only->turn_transition"", ""turn_state"": ""TurnInProgress"", ""turn_confidence"": 1.0, ""turn_duration"": 6, ""turn_direction"": ""right"", ""turn_reason"": ""rotation=0.1797"", ""window_layout_type"": ""turn_transition"", ""window_reason"": ""TurnInProgress:turn_transition"", ""frame_index"": 75, ""pose_x"": 0.6263022603063699, ""pose_z"": 7.4060980253817466, ""pose_yaw"": -0.17968749441206455, ""pose_pitch"": 0.0, ""delta_x"": 0.0, ""delta_z"": 0.0, ""local_delta_x"": 0.0, ""local_delta_z"": 0.0, ""delta_yaw"": 0.1796875, ""delta_pitch"": 0.0, ""movement_magnitude"": 0.0, ""rotation_magnitude"": 0.1796875, ""pose_confidence"": 1.0}"
Experiment002,78,1785641291.2050366,71,61,67,0.8724225461483002,depth,225280,0.8724225461483002,physmem_insert,45 65 66 67 68 69 70 71 72,stableworld_tri_9,9,1,7,191.04765309020877,,,,,0.8724225461483002,,,,Turn Right,0.1796875,0.49952655988377304,,INSERT,0.5786545276641846,,,,depth,0.8724225461483002,0.8724225461483002,"{""frame_id"": 78, ""current_frame_id"": 71, ""similarity"": 0.8724225461483002, ""similarity_type"": ""depth"", ""matching_points"": 225280, ""confidence"": 0.8724225461483002, ""decision"": ""physmem_insert"", ""memory_state"": [45, 65, 66, 67, 68, 69, 70, 71, 72], ""memory_id"": ""stableworld_tri_9"", ""memory_size"": 9, ""replace_count"": 1, ""keep_count"": 7, ""runtime"": 191.04765309020877, ""pose_event"": """", ""use_pose_memory"": true, ""view_intent"": ""Turn Right"", ""move_intent"": ""None"", ""has_view_motion"": true, ""has_move_motion"": false, ""action_explanation"": ""viewpoint_change"", ""pose_delta_position"": 0.0, ""view_state"": ""View Transition"", ""view_confidence"": 0.5989583333333334, ""view_pose_distance"": 0.0, ""view_yaw_delta"": 0.359375, ""nearest_view_frame_id"": 66, ""memory_selection_mode"": ""turn_transition"", ""memory_selection_target"": null, ""memory_selection_anchor_type"": """", ""memory_selection_reason"": ""rotation=0.1797"", ""source_anchor_frame_id"": 45, ""source_anchor_locked"": true, ""protected_anchor_ids"": ""45"", ""loop_closure_detected"": false, ""turn_result"": ""UnstableTransition"", ""policy_mode"": ""ViewTransitionPolicy"", ""allow_memory_query"": false, ""allow_hard_retrieve"": false, ""allow_soft_reuse"": false, ""query_result"": """", ""candidate_count"": 0, ""best_candidate_frame_id"": null, ""best_candidate_score"": 0.0, ""best_candidate_pose_distance"": 0.0, ""best_candidate_yaw_delta"": 0.0, ""best_candidate_frame_gap"": 0, ""target_window_ids"": """", ""retrieved_window_ids"": """", ""window_rank_reason"": """", ""trajectory_motion_state"": ""Idle"", ""trajectory_direction"": ""none"", ""trajectory_frames"": 0, ""trajectory_distance"": 0.0, ""trajectory_should_progress"": false, ""trajectory_confidence"": 0.0, ""revisit_gate_allow_retrieve"": false, ""revisit_gate_allow_soft_reuse"": false, ""revisit_gate_force_progress"": false, ""revisit_gate_protect_current"": true, ""revisit_gate_reason"": ""view_transition"", ""selection_is_hard_retrieve"": false, ""selection_is_soft_reuse"": false, ""selection_is_progress"": false, ""action_mode"": ""View Rotation Only"", ""action_mode_confidence"": 0.998263888888889, ""action_mode_reason"": ""view=0.1797:Turn Right"", ""scheduler_path"": ""View Rotation Only->turn_transition"", ""turn_state"": ""TurnInProgress"", ""turn_confidence"": 1.0, ""turn_duration"": 7, ""turn_direction"": ""right"", ""turn_reason"": ""rotation=0.1797"", ""window_layout_type"": ""turn_transition"", ""window_reason"": ""TurnInProgress:turn_transition"", ""frame_index"": 78, ""pose_x"": 0.6263022603063699, ""pose_z"": 7.4060980253817466, ""pose_yaw"": 5.587935447692871e-09, ""pose_pitch"": 0.0, ""delta_x"": 0.0, ""delta_z"": 0.0, ""local_delta_x"": 0.0, ""local_delta_z"": 0.0, ""delta_yaw"": 0.1796875, ""delta_pitch"": 0.0, ""movement_magnitude"": 0.0, ""rotation_magnitude"": 0.1796875, ""pose_confidence"": 1.0}"
Experiment002,81,1785641292.370929,73,66,69,0.9641983211040497,depth,225280,0.9641983211040497,physmem_insert,45 67 68 69 70 71 72 73 74,stableworld_tri_9,9,1,7,156.63049276918173,,,,,0.9641983211040497,,,,Viewpoint Locomotion,0.7453560147132695,0.5147427426913184,,INSERT,0.5204738974571228,,,,depth,0.9641983211040497,0.9641983211040497,"{""frame_id"": 81, ""current_frame_id"": 73, ""similarity"": 0.9641983211040497, ""similarity_type"": ""depth"", ""matching_points"": 225280, ""confidence"": 0.9641983211040497, ""decision"": ""physmem_insert"", ""memory_state"": [45, 67, 68, 69, 70, 71, 72, 73, 74], ""memory_id"": ""stableworld_tri_9"", ""memory_size"": 9, ""replace_count"": 1, ""keep_count"": 7, ""runtime"": 156.63049276918173, ""pose_event"": """", ""use_pose_memory"": true, ""view_intent"": ""Turn Left"", ""move_intent"": ""Backward"", ""has_view_motion"": true, ""has_move_motion"": true, ""action_explanation"": ""viewpoint_locomotion"", ""pose_delta_position"": 0.33333334326744085, ""view_state"": ""Revisit"", ""view_confidence"": 0.7466416865158421, ""view_pose_distance"": 0.29423948713757336, ""view_yaw_delta"": 0.0400390587747097, ""nearest_view_frame_id"": 49, ""memory_selection_mode"": ""turn_transition"", ""memory_selection_target"": null, ""memory_selection_anchor_type"": """", ""memory_selection_reason"": ""rotation=0.0400"", ""source_anchor_frame_id"": 45, ""source_anchor_locked"": true, ""protected_anchor_ids"": ""45"", ""loop_closure_detected"": false, ""turn_result"": ""UnstableTransition"", ""policy_mode"": ""ViewTransitionPolicy"", ""allow_memory_query"": false, ""allow_hard_retrieve"": false, ""allow_soft_reuse"": false, ""query_result"": """", ""candidate_count"": 0, ""best_candidate_frame_id"": null, ""best_candidate_score"": 0.0, ""best_candidate_pose_distance"": 0.0, ""best_candidate_yaw_delta"": 0.0, ""best_candidate_frame_gap"": 0, ""target_window_ids"": """", ""retrieved_window_ids"": """", ""window_rank_reason"": """", ""trajectory_motion_state"": ""Starting"", ""trajectory_direction"": ""backward"", ""trajectory_frames"": 1, ""trajectory_distance"": 0.3333333432674408, ""trajectory_should_progress"": false, ""trajectory_confidence"": 0.75, ""revisit_gate_allow_retrieve"": false, ""revisit_gate_allow_soft_reuse"": false, ""revisit_gate_force_progress"": false, ""revisit_gate_protect_current"": false, ""revisit_gate_reason"": ""revisit_blocked_by_motion:0.3333"", ""selection_is_hard_retrieve"": false, ""selection_is_soft_reuse"": false, ""selection_is_progress"": false, ""action_mode"": ""Viewpoint Locomotion"", ""action_mode_confidence"": 0.33333334326744085, ""action_mode_reason"": ""move=0.3333:view=0.0400:Viewpoint Locomotion"", ""scheduler_path"": ""Viewpoint Locomotion->turn_transition"", ""turn_state"": ""TurnInProgress"", ""turn_confidence"": 0.50048828125, ""turn_duration"": 8, ""turn_direction"": ""left"", ""turn_reason"": ""rotation=0.0400"", ""window_layout_type"": ""turn_transition"", ""window_reason"": ""TurnInProgress:turn_transition"", ""frame_index"": 81, ""pose_x"": 0.6329749899874267, ""pose_z"": 7.072831476786702, ""pose_yaw"": -0.04003905691206455, ""pose_pitch"": 0.0, ""delta_x"": 0.006672729681056797, ""delta_z"": -0.3332665485950444, ""local_delta_x"": 0.0, ""local_delta_z"": -0.3333333432674408, ""delta_yaw"": -0.0400390625, ""delta_pitch"": 0.0, ""movement_magnitude"": 0.33333334326744085, ""rotation_magnitude"": 0.0400390625, ""pose_confidence"": 1.0}"
Experiment002,84,1785641293.4102142,75,68,71,0.9735589064657688,depth,225280,0.9735589064657688,physmem_keep,45 67 68 72 73 74 75 76 77,stableworld_tri_9,9,1,6,96.59839840605855,,,,,0.9735589064657688,,,,Viewpoint Locomotion,1.0,0.5819702163475844,,KEEP,0.6509802341461182,,,,depth,0.9735589064657688,0.9735589064657688,"{""frame_id"": 84, ""current_frame_id"": 75, ""similarity"": 0.9735589064657688, ""similarity_type"": ""depth"", ""matching_points"": 225280, ""confidence"": 0.9735589064657688, ""decision"": ""physmem_keep"", ""memory_state"": [45, 67, 68, 72, 73, 74, 75, 76, 77], ""memory_id"": ""stableworld_tri_9"", ""memory_size"": 9, ""replace_count"": 1, ""keep_count"": 6, ""runtime"": 96.59839840605855, ""pose_event"": """", ""use_pose_memory"": true, ""view_intent"": ""Turn Right"", ""move_intent"": ""Walk"", ""has_view_motion"": true, ""has_move_motion"": true, ""action_explanation"": ""viewpoint_locomotion"", ""pose_delta_position"": 1.0, ""view_state"": ""Known View"", ""view_confidence"": 0.20853758754293916, ""view_pose_distance"": 0.666666656732559, ""view_yaw_delta"": 0.359375, ""nearest_view_frame_id"": 66, ""memory_selection_mode"": ""turn_transition"", ""memory_selection_target"": null, ""memory_selection_anchor_type"": """", ""memory_selection_reason"": ""rotation=0.0400"", ""source_anchor_frame_id"": 45, ""source_anchor_locked"": true, ""protected_anchor_ids"": ""45"", ""loop_closure_detected"": false, ""turn_result"": ""UnstableTransition"", ""policy_mode"": ""ViewTransitionPolicy"", ""allow_memory_query"": false, ""allow_hard_retrieve"": false, ""allow_soft_reuse"": false, ""query_result"": """", ""candidate_count"": 0, ""best_candidate_frame_id"": null, ""best_candidate_score"": 0.0, ""best_candidate_pose_distance"": 0.0, ""best_candidate_yaw_delta"": 0.0, ""best_candidate_frame_gap"": 0, ""target_window_ids"": """", ""retrieved_window_ids"": """", ""window_rank_reason"": """", ""trajectory_motion_state"": ""Starting"", ""trajectory_direction"": ""forward"", ""trajectory_frames"": 1, ""trajectory_distance"": 1.0, ""trajectory_should_progress"": false, ""trajectory_confidence"": 0.75, ""revisit_gate_allow_retrieve"": false, ""revisit_gate_allow_soft_reuse"": false, ""revisit_gate_force_progress"": false, ""revisit_gate_protect_current"": false, ""revisit_gate_reason"": ""known_view_blocked_by_motion:1.0000"", ""selection_is_hard_retrieve"": false, ""selection_is_soft_reuse"": false, ""selection_is_progress"": false, ""action_mode"": ""Viewpoint Locomotion"", ""action_mode_confidence"": 1.0, ""action_mode_reason"": ""move=1.0000:view=0.0400:Viewpoint Locomotion"", ""scheduler_path"": ""Viewpoint Locomotion->turn_transition"", ""turn_state"": ""TurnInProgress"", ""turn_confidence"": 0.50048828125, ""turn_duration"": 9, ""turn_direction"": ""right"", ""turn_reason"": ""rotation=0.0400"", ""window_layout_type"": ""turn_transition"", ""window_reason"": ""TurnInProgress:turn_transition"", ""frame_index"": 84, ""pose_x"": 0.6129568015408449, ""pose_z"": 8.072631092775485, ""pose_yaw"": 5.587935447692871e-09, ""pose_pitch"": 0.0, ""delta_x"": -0.020018188446581885, ""delta_z"": 0.9997996159887826, ""local_delta_x"": 0.0, ""local_delta_z"": 1.0, ""delta_yaw"": 0.0400390625, ""delta_pitch"": 0.0, ""movement_magnitude"": 1.0, ""rotation_magnitude"": 0.0400390625, ""pose_confidence"": 1.0}"
Experiment002,87,1785641294.492398,78,68,74,0.9627111256122589,depth,225280,0.9627111256122589,physmem_keep,45 67 68 75 76 77 78 79 80,stableworld_tri_9,9,1,6,139.6080027334392,,,,,0.9627111256122589,,,,Walk,1.201850436175566,0.5710085303130403,,KEEP,0.5676603317260742,,,,depth,0.9627111256122589,0.9627111256122589,"{""frame_id"": 87, ""current_frame_id"": 78, ""similarity"": 0.9627111256122589, ""similarity_type"": ""depth"", ""matching_points"": 225280, ""confidence"": 0.9627111256122589, ""decision"": ""physmem_keep"", ""memory_state"": [45, 67, 68, 75, 76, 77, 78, 79, 80], ""memory_id"": ""stableworld_tri_9"", ""memory_size"": 9, ""replace_count"": 1, ""keep_count"": 6, ""runtime"": 139.6080027334392, ""pose_event"": """", ""use_pose_memory"": true, ""view_intent"": ""None"", ""move_intent"": ""Walk"", ""has_view_motion"": false, ""has_move_motion"": true, ""action_explanation"": ""locomotion"", ""pose_delta_position"": 1.2018504361755658, ""view_state"": ""Novel View"", ""view_confidence"": 0.5, ""view_pose_distance"": 1.2018504361755658, ""view_yaw_delta"": 0.0, ""nearest_view_frame_id"": 75, ""memory_selection_mode"": ""orb_locomotion"", ""memory_selection_target"": null, ""memory_selection_anchor_type"": """", ""memory_selection_reason"": ""move=1.2019:Walk"", ""source_anchor_frame_id"": null, ""source_anchor_locked"": false, ""protected_anchor_ids"": """", ""loop_closure_detected"": false, ""turn_result"": """", ""policy_mode"": ""LocomotionPolicy"", ""allow_memory_query"": false, ""allow_hard_retrieve"": false, ""allow_soft_reuse"": false, ""query_result"": """", ""candidate_count"": 0, ""best_candidate_frame_id"": null, ""best_candidate_score"": 0.0, ""best_candidate_pose_distance"": 0.0, ""best_candidate_yaw_delta"": 0.0, ""best_candidate_frame_gap"": 0, ""target_window_ids"": """", ""retrieved_window_ids"": """", ""window_rank_reason"": """", ""trajectory_motion_state"": ""Progressing"", ""trajectory_direction"": ""forward"", ""trajectory_frames"": 2, ""trajectory_distance"": 2.201850436175566, ""trajectory_should_progress"": true, ""trajectory_confidence"": 1.0, ""revisit_gate_allow_retrieve"": false, ""revisit_gate_allow_soft_reuse"": false, ""revisit_gate_force_progress"": false, ""revisit_gate_protect_current"": false, ""revisit_gate_reason"": ""locomotion_only_orb_dominant"", ""selection_is_hard_retrieve"": false, ""selection_is_soft_reuse"": false, ""selection_is_progress"": false, ""action_mode"": ""Locomotion Only"", ""action_mode_confidence"": 1.0, ""action_mode_reason"": ""move=1.2019:Walk"", ""scheduler_path"": ""Locomotion Only->orb_locomotion"", ""turn_state"": ""PostTurnStabilization"", ""turn_confidence"": 1.0, ""turn_duration"": 1, ""turn_direction"": ""right"", ""turn_reason"": ""mouse_stopped_after_turn"", ""window_layout_type"": ""orb_locomotion"", ""window_reason"": ""PostTurnStabilization:orb_locomotion"", ""frame_index"": 87, ""pose_x"": -0.05370987940610128, ""pose_z"": 9.072631096500775, ""pose_yaw"": 5.587935447692871e-09, ""pose_pitch"": 0.0, ""delta_x"": -0.6666666809469461, ""delta_z"": 1.0000000037252903, ""local_delta_x"": -0.6666666865348816, ""local_delta_z"": 1.0, ""delta_yaw"": 0.0, ""delta_pitch"": 0.0, ""movement_magnitude"": 1.2018504361755658, ""rotation_magnitude"": 0.0, ""pose_confidence"": 1.0}"
Experiment002,90,1785641295.951918,81,68,77,0.9705187622457743,depth,225280,0.9705187622457743,physmem_insert,75 76 77 78 79 80 81 82 83,stableworld_tri_9,9,1,6,137.1443816460669,,,,,0.9705187622457743,,,,Walk,1.2472191421996568,0.5542060133956968,,INSERT,0.5105199217796326,,,,depth,0.9705187622457743,0.9705187622457743,"{""frame_id"": 90, ""current_frame_id"": 81, ""similarity"": 0.9705187622457743, ""similarity_type"": ""depth"", ""matching_points"": 225280, ""confidence"": 0.9705187622457743, ""decision"": ""physmem_insert"", ""memory_state"": [75, 76, 77, 78, 79, 80, 81, 82, 83], ""memory_id"": ""stableworld_tri_9"", ""memory_size"": 9, ""replace_count"": 1, ""keep_count"": 6, ""runtime"": 137.1443816460669, ""pose_event"": """", ""use_pose_memory"": true, ""view_intent"": ""None"", ""move_intent"": ""Walk"", ""has_view_motion"": false, ""has_move_motion"": true, ""action_explanation"": ""locomotion"", ""pose_delta_position"": 1.0540925565309005, ""view_state"": ""Novel View"", ""view_confidence"": 0.5, ""view_pose_distance"": 1.0540925565309005, ""view_yaw_delta"": 0.0, ""nearest_view_frame_id"": 78, ""memory_selection_mode"": ""orb_locomotion"", ""memory_selection_target"": null, ""memory_selection_anchor_type"": """", ""memory_selection_reason"": ""move=1.0541:Walk"", ""source_anchor_frame_id"": null, ""source_anchor_locked"": false, ""protected_anchor_ids"": """", ""loop_closure_detected"": false, ""turn_result"": """", ""policy_mode"": ""LocomotionPolicy"", ""allow_memory_query"": false, ""allow_hard_retrieve"": false, ""allow_soft_reuse"": false, ""query_result"": """", ""candidate_count"": 0, ""best_candidate_frame_id"": null, ""best_candidate_score"": 0.0, ""best_candidate_pose_distance"": 0.0, ""best_candidate_yaw_delta"": 0.0, ""best_candidate_frame_gap"": 0, ""target_window_ids"": """", ""retrieved_window_ids"": """", ""window_rank_reason"": """", ""trajectory_motion_state"": ""Progressing"", ""trajectory_direction"": ""forward"", ""trajectory_frames"": 3, ""trajectory_distance"": 3.2559429927064665, ""trajectory_should_progress"": true, ""trajectory_confidence"": 1.0, ""revisit_gate_allow_retrieve"": false, ""revisit_gate_allow_soft_reuse"": false, ""revisit_gate_force_progress"": false, ""revisit_gate_protect_current"": false, ""revisit_gate_reason"": ""locomotion_only_orb_dominant"", ""selection_is_hard_retrieve"": false, ""selection_is_soft_reuse"": false, ""selection_is_progress"": false, ""action_mode"": ""Locomotion Only"", ""action_mode_confidence"": 1.0, ""action_mode_reason"": ""move=1.0541:Walk"", ""scheduler_path"": ""Locomotion Only->orb_locomotion"", ""turn_state"": ""PostTurnStabilization"", ""turn_confidence"": 0.5, ""turn_duration"": 2, ""turn_direction"": ""right"", ""turn_reason"": ""mouse_stopped_after_turn"", ""window_layout_type"": ""orb_locomotion"", ""window_reason"": ""PostTurnStabilization:orb_locomotion"", ""frame_index"": 90, ""pose_x"": 0.27962346944927496, ""pose_z"": 10.07263109463813, ""pose_yaw"": 5.587935447692871e-09, ""pose_pitch"": 0.0, ""delta_x"": 0.33333334885537624, ""delta_z"": 0.9999999981373549, ""local_delta_x"": 0.3333333432674408, ""local_delta_z"": 1.0, ""delta_yaw"": 0.0, ""delta_pitch"": 0.0, ""movement_magnitude"": 1.0540925565309005, ""rotation_magnitude"": 0.0, ""pose_confidence"": 1.0}"
Experiment002,93,1785641296.9772105,84,77,80,0.9139593243598938,depth,225280,0.9139593243598938,physmem_insert,75 77 79 80 81 82 83 84 85,stableworld_tri_9,9,1,7,74.5137999765575,,,,,0.9139593243598938,,,,Viewpoint Locomotion,1.0540925565309005,0.5764864268768504,,INSERT,0.6138011813163757,,,,depth,0.9139593243598938,0.9139593243598938,"{""frame_id"": 93, ""current_frame_id"": 84, ""similarity"": 0.9139593243598938, ""similarity_type"": ""depth"", ""matching_points"": 225280, ""confidence"": 0.9139593243598938, ""decision"": ""physmem_insert"", ""memory_state"": [75, 77, 79, 80, 81, 82, 83, 84, 85], ""memory_id"": ""stableworld_tri_9"", ""memory_size"": 9, ""replace_count"": 1, ""keep_count"": 7, ""runtime"": 74.5137999765575, ""pose_event"": """", ""use_pose_memory"": true, ""view_intent"": ""Turn Left"", ""move_intent"": ""Walk"", ""has_view_motion"": true, ""has_move_motion"": true, ""action_explanation"": ""viewpoint_locomotion"", ""pose_delta_position"": 1.0540925565309005, ""view_state"": ""Novel View"", ""view_confidence"": 0.5, ""view_pose_distance"": 1.0540925565309, ""view_yaw_delta"": 0.080078125, ""nearest_view_frame_id"": 81, ""memory_selection_mode"": ""protect_current"", ""memory_selection_target"": null, ""memory_selection_anchor_type"": """", ""memory_selection_reason"": ""move=1.0541:view=0.0801:Viewpoint Locomotion"", ""source_anchor_frame_id"": 77, ""source_anchor_locked"": true, ""protected_anchor_ids"": ""77"", ""loop_closure_detected"": false, ""turn_result"": ""TurnStart"", ""policy_mode"": ""TurnStartPolicy"", ""allow_memory_query"": false, ""allow_hard_retrieve"": false, ""allow_soft_reuse"": false, ""query_result"": """", ""candidate_count"": 0, ""best_candidate_frame_id"": null, ""best_candidate_score"": 0.0, ""best_candidate_pose_distance"": 0.0, ""best_candidate_yaw_delta"": 0.0, ""best_candidate_frame_gap"": 0, ""target_window_ids"": """", ""retrieved_window_ids"": """", ""window_rank_reason"": """", ""trajectory_motion_state"": ""Progressing"", ""trajectory_direction"": ""forward"", ""trajectory_frames"": 4, ""trajectory_distance"": 4.310035549237367, ""trajectory_should_progress"": true, ""trajectory_confidence"": 1.0, ""revisit_gate_allow_retrieve"": false, ""revisit_gate_allow_soft_reuse"": false, ""revisit_gate_force_progress"": true, ""revisit_gate_protect_current"": false, ""revisit_gate_reason"": ""hybrid_forward_progress"", ""selection_is_hard_retrieve"": false, ""selection_is_soft_reuse"": false, ""selection_is_progress"": false, ""action_mode"": ""Viewpoint Locomotion"", ""action_mode_confidence"": 1.0, ""action_mode_reason"": ""move=1.0541:view=0.0801:Viewpoint Locomotion"", ""scheduler_path"": ""Viewpoint Locomotion->protect_current"", ""turn_state"": ""TurnStart"", ""turn_confidence"": 1.0, ""turn_duration"": 1, ""turn_direction"": ""left"", ""turn_reason"": ""rotation=0.0801"", ""window_layout_type"": ""protect_current"", ""window_reason"": ""TurnStart:protect_current"", ""frame_index"": 93, ""pose_x"": 0.5726613008949158, ""pose_z"": 11.085172425683675, ""pose_yaw"": -0.08007811941206455, ""pose_pitch"": 0.0, ""delta_x"": 0.2930378314456409, ""delta_z"": 1.0125413310455458, ""local_delta_x"": 0.3333333432674408, ""local_delta_z"": 1.0, ""delta_yaw"": -0.080078125, ""delta_pitch"": 0.0, ""movement_magnitude"": 1.0540925565309005, ""rotation_magnitude"": 0.080078125, ""pose_confidence"": 1.0}"
Experiment002,96,1785641298.0964286,86,79,82,0.9663785956799984,depth,225280,0.9663785956799984,physmem_insert,77 80 81 82 83 84 85 86 87,stableworld_tri_9,9,1,7,161.0589730553329,,,,,0.9663785956799984,,,,Viewpoint Locomotion,1.0,0.6025940407703183,,INSERT,0.6045175790786743,,,,depth,0.9663785956799984,0.9663785956799984,"{""frame_id"": 96, ""current_frame_id"": 86, ""similarity"": 0.9663785956799984, ""similarity_type"": ""depth"", ""matching_points"": 225280, ""confidence"": 0.9663785956799984, ""decision"": ""physmem_insert"", ""memory_state"": [77, 80, 81, 82, 83, 84, 85, 86, 87], ""memory_id"": ""stableworld_tri_9"", ""memory_size"": 9, ""replace_count"": 1, ""keep_count"": 7, ""runtime"": 161.0589730553329, ""pose_event"": """", ""use_pose_memory"": true, ""view_intent"": ""Turn Right"", ""move_intent"": ""Walk"", ""has_view_motion"": true, ""has_move_motion"": true, ""action_explanation"": ""viewpoint_locomotion"", ""pose_delta_position"": 1.0, ""view_state"": ""Novel View"", ""view_confidence"": 0.5, ""view_pose_distance"": 0.9999999999999993, ""view_yaw_delta"": 0.080078125, ""nearest_view_frame_id"": 84, ""key_anchor_frame_id"": 86, ""key_anchor_type"": ""forward_anchor"", ""key_anchor_reason"": ""hybrid_forward_progress"", ""memory_selection_mode"": ""turn_transition"", ""memory_selection_target"": null, ""memory_selection_anchor_type"": """", ""memory_selection_reason"": ""rotation=0.0801"", ""source_anchor_frame_id"": 77, ""source_anchor_locked"": true, ""protected_anchor_ids"": ""77"", ""loop_closure_detected"": false, ""turn_result"": ""UnstableTransition"", ""policy_mode"": ""ViewTransitionPolicy"", ""allow_memory_query"": false, ""allow_hard_retrieve"": false, ""allow_soft_reuse"": false, ""query_result"": """", ""candidate_count"": 0, ""best_candidate_frame_id"": null, ""best_candidate_score"": 0.0, ""best_candidate_pose_distance"": 0.0, ""best_candidate_yaw_delta"": 0.0, ""best_candidate_frame_gap"": 0, ""target_window_ids"": """", ""retrieved_window_ids"": """", ""window_rank_reason"": """", ""trajectory_motion_state"": ""Progressing"", ""trajectory_direction"": ""forward"", ""trajectory_frames"": 5, ""trajectory_distance"": 5.310035549237367, ""trajectory_should_progress"": true, ""trajectory_confidence"": 1.0, ""revisit_gate_allow_retrieve"": false, ""revisit_gate_allow_soft_reuse"": false, ""revisit_gate_force_progress"": true, ""revisit_gate_protect_current"": false, ""revisit_gate_reason"": ""hybrid_forward_progress"", ""selection_is_hard_retrieve"": false, ""selection_is_soft_reuse"": false, ""selection_is_progress"": false, ""action_mode"": ""Viewpoint Locomotion"", ""action_mode_confidence"": 1.0, ""action_mode_reason"": ""move=1.0000:view=0.0801:Viewpoint Locomotion"", ""scheduler_path"": ""Viewpoint Locomotion->turn_transition"", ""turn_state"": ""TurnInProgress"", ""turn_confidence"": 1.0, ""turn_duration"": 2, ""turn_direction"": ""right"", ""turn_reason"": ""rotation=0.0801"", ""window_layout_type"": ""turn_transition"", ""window_reason"": ""TurnInProgress:turn_transition"", ""frame_index"": 96, ""pose_x"": 0.5326329410680916, ""pose_z"": 12.084370969722633, ""pose_yaw"": 5.587935447692871e-09, ""pose_pitch"": 0.0, ""delta_x"": -0.040028359826824275, ""delta_z"": 0.9991985440389584, ""local_delta_x"": 0.0, ""local_delta_z"": 1.0, ""delta_yaw"": 0.080078125, ""delta_pitch"": 0.0, ""movement_magnitude"": 1.0, ""rotation_magnitude"": 0.080078125, ""pose_confidence"": 1.0}"
Experiment002,99,1785641299.30495,88,81,84,0.9789497796446085,depth,225280,0.9789497796446085,physmem_keep,77 80 81 85 86 87 88 89 90,stableworld_tri_9,9,1,6,145.77983412891626,,,,,0.9789497796446085,,,,Walk,1.0540925565309005,0.6558624778133733,,KEEP,0.7640865445137024,,,,depth,0.9789497796446085,0.9789497796446085,"{""frame_id"": 99, ""current_frame_id"": 88, ""similarity"": 0.9789497796446085, ""similarity_type"": ""depth"", ""matching_points"": 225280, ""confidence"": 0.9789497796446085, ""decision"": ""physmem_keep"", ""memory_state"": [77, 80, 81, 85, 86, 87, 88, 89, 90], ""memory_id"": ""stableworld_tri_9"", ""memory_size"": 9, ""replace_count"": 1, ""keep_count"": 6, ""runtime"": 145.77983412891626, ""pose_event"": """", ""use_pose_memory"": true, ""view_intent"": ""None"", ""move_intent"": ""Walk"", ""has_view_motion"": false, ""has_move_motion"": true, ""action_explanation"": ""locomotion"", ""pose_delta_position"": 1.0540925565309005, ""view_state"": ""Novel View"", ""view_confidence"": 0.5, ""view_pose_distance"": 1.0540925565309005, ""view_yaw_delta"": 0.0, ""nearest_view_frame_id"": 86, ""memory_selection_mode"": ""orb_locomotion"", ""memory_selection_target"": null, ""memory_selection_anchor_type"": """", ""memory_selection_reason"": ""move=1.0541:Walk"", ""source_anchor_frame_id"": null, ""source_anchor_locked"": false, ""protected_anchor_ids"": """", ""loop_closure_detected"": false, ""turn_result"": """", ""policy_mode"": ""LocomotionPolicy"", ""allow_memory_query"": false, ""allow_hard_retrieve"": false, ""allow_soft_reuse"": false, ""query_result"": """", ""candidate_count"": 0, ""best_candidate_frame_id"": null, ""best_candidate_score"": 0.0, ""best_candidate_pose_distance"": 0.0, ""best_candidate_yaw_delta"": 0.0, ""best_candidate_frame_gap"": 0, ""target_window_ids"": """", ""retrieved_window_ids"": """", ""window_rank_reason"": """", ""trajectory_motion_state"": ""Progressing"", ""trajectory_direction"": ""forward"", ""trajectory_frames"": 6, ""trajectory_distance"": 6.364128105768267, ""trajectory_should_progress"": true, ""trajectory_confidence"": 1.0, ""revisit_gate_allow_retrieve"": false, ""revisit_gate_allow_soft_reuse"": false, ""revisit_gate_force_progress"": false, ""revisit_gate_protect_current"": false, ""revisit_gate_reason"": ""locomotion_only_orb_dominant"", ""selection_is_hard_retrieve"": false, ""selection_is_soft_reuse"": false, ""selection_is_progress"": false, ""action_mode"": ""Locomotion Only"", ""action_mode_confidence"": 1.0, ""action_mode_reason"": ""move=1.0541:Walk"", ""scheduler_path"": ""Locomotion Only->orb_locomotion"", ""turn_state"": ""PostTurnStabilization"", ""turn_confidence"": 1.0, ""turn_duration"": 1, ""turn_direction"": ""right"", ""turn_reason"": ""mouse_stopped_after_turn"", ""window_layout_type"": ""orb_locomotion"", ""window_reason"": ""PostTurnStabilization:orb_locomotion"", ""frame_index"": 99, ""pose_x"": 0.1992996033885862, ""pose_z"": 13.084370971585278, ""pose_yaw"": 5.587935447692871e-09, ""pose_pitch"": 0.0, ""delta_x"": -0.33333333767950535, ""delta_z"": 1.0000000018626451, ""local_delta_x"": -0.3333333432674408, ""local_delta_z"": 1.0, ""delta_yaw"": 0.0, ""delta_pitch"": 0.0, ""movement_magnitude"": 1.0540925565309005, ""rotation_magnitude"": 0.0, ""pose_confidence"": 1.0}"
Experiment002,102,1785641300.3809912,91,81,87,0.9563780017197132,depth,225280,0.9563780017197132,physmem_keep,77 80 81 88 89 90 91 92 93,stableworld_tri_9,9,1,6,135.8834826387465,,,,,0.9563780017197132,,,,Walk,1.2472191421996568,0.5752729024209615,,KEEP,0.5625168681144714,,,,depth,0.9563780017197132,0.9563780017197132,"{""frame_id"": 102, ""current_frame_id"": 91, ""similarity"": 0.9563780017197132, ""similarity_type"": ""depth"", ""matching_points"": 225280, ""confidence"": 0.9563780017197132, ""decision"": ""physmem_keep"", ""memory_state"": [77, 80, 81, 88, 89, 90, 91, 92, 93], ""memory_id"": ""stableworld_tri_9"", ""memory_size"": 9, ""replace_count"": 1, ""keep_count"": 6, ""runtime"": 135.8834826387465, ""pose_event"": """", ""use_pose_memory"": true, ""view_intent"": ""None"", ""move_intent"": ""Walk"", ""has_view_motion"": false, ""has_move_motion"": true, ""action_explanation"": ""locomotion"", ""pose_delta_position"": 1.0540925565309005, ""view_state"": ""Novel View"", ""view_confidence"": 0.5, ""view_pose_distance"": 1.0540925565309005, ""view_yaw_delta"": 0.0, ""nearest_view_frame_id"": 88, ""memory_selection_mode"": ""orb_locomotion"", ""memory_selection_target"": null, ""memory_selection_anchor_type"": """", ""memory_selection_reason"": ""move=1.0541:Walk"", ""source_anchor_frame_id"": null, ""source_anchor_locked"": false, ""protected_anchor_ids"": """", ""loop_closure_detected"": false, ""turn_result"": """", ""policy_mode"": ""LocomotionPolicy"", ""allow_memory_query"": false, ""allow_hard_retrieve"": false, ""allow_soft_reuse"": false, ""query_result"": """", ""candidate_count"": 0, ""best_candidate_frame_id"": null, ""best_candidate_score"": 0.0, ""best_candidate_pose_distance"": 0.0, ""best_candidate_yaw_delta"": 0.0, ""best_candidate_frame_gap"": 0, ""target_window_ids"": """", ""retrieved_window_ids"": """", ""window_rank_reason"": """", ""trajectory_motion_state"": ""Progressing"", ""trajectory_direction"": ""forward"", ""trajectory_frames"": 7, ""trajectory_distance"": 7.418220662299167, ""trajectory_should_progress"": true, ""trajectory_confidence"": 1.0, ""revisit_gate_allow_retrieve"": false, ""revisit_gate_allow_soft_reuse"": false, ""revisit_gate_force_progress"": false, ""revisit_gate_protect_current"": false, ""revisit_gate_reason"": ""locomotion_only_orb_dominant"", ""selection_is_hard_retrieve"": false, ""selection_is_soft_reuse"": false, ""selection_is_progress"": false, ""action_mode"": ""Locomotion Only"", ""action_mode_confidence"": 1.0, ""action_mode_reason"": ""move=1.0541:Walk"", ""scheduler_path"": ""Locomotion Only->orb_locomotion"", ""turn_state"": ""PostTurnStabilization"", ""turn_confidence"": 0.5, ""turn_duration"": 2, ""turn_direction"": ""right"", ""turn_reason"": ""mouse_stopped_after_turn"", ""window_layout_type"": ""orb_locomotion"", ""window_reason"": ""PostTurnStabilization:orb_locomotion"", ""frame_index"": 102, ""pose_x"": -0.13403373429091914, ""pose_z"": 14.084370973447923, ""pose_yaw"": 5.587935447692871e-09, ""pose_pitch"": 0.0, ""delta_x"": -0.33333333767950535, ""delta_z"": 1.0000000018626451, ""local_delta_x"": -0.3333333432674408, ""local_delta_z"": 1.0, ""delta_yaw"": 0.0, ""delta_pitch"": 0.0, ""movement_magnitude"": 1.0540925565309005, ""rotation_magnitude"": 0.0, ""pose_confidence"": 1.0}"
Experiment002,105,1785641301.4628897,94,81,90,0.9288116246461868,depth,225280,0.9288116246461868,physmem_insert,88 89 90 91 92 93 94 95 96,stableworld_tri_9,9,1,6,143.012716434896,,,,,0.9288116246461868,,,,Walk,1.0000000298023224,0.5396621473937988,,INSERT,0.5307021141052246,,,,depth,0.9288116246461868,0.9288116246461868,"{""frame_id"": 105, ""current_frame_id"": 94, ""similarity"": 0.9288116246461868, ""similarity_type"": ""depth"", ""matching_points"": 225280, ""confidence"": 0.9288116246461868, ""decision"": ""physmem_insert"", ""memory_state"": [88, 89, 90, 91, 92, 93, 94, 95, 96], ""memory_id"": ""stableworld_tri_9"", ""memory_size"": 9, ""replace_count"": 1, ""keep_count"": 6, ""runtime"": 143.012716434896, ""pose_event"": """", ""use_pose_memory"": true, ""view_intent"": ""None"", ""move_intent"": ""Walk"", ""has_view_motion"": false, ""has_move_motion"": true, ""action_explanation"": ""locomotion"", ""pose_delta_position"": 0.7453560147132695, ""view_state"": ""Revisit"", ""view_confidence"": 0.5030959901911536, ""view_pose_distance"": 0.7453560147132695, ""view_yaw_delta"": 0.0, ""nearest_view_frame_id"": 91, ""memory_selection_mode"": ""orb_locomotion"", ""memory_selection_target"": null, ""memory_selection_anchor_type"": """", ""memory_selection_reason"": ""move=0.7454:Walk"", ""source_anchor_frame_id"": null, ""source_anchor_locked"": false, ""protected_anchor_ids"": """", ""loop_closure_detected"": false, ""turn_result"": """", ""policy_mode"": ""LocomotionPolicy"", ""allow_memory_query"": false, ""allow_hard_retrieve"": false, ""allow_soft_reuse"": false, ""query_result"": """", ""candidate_count"": 0, ""best_candidate_frame_id"": null, ""best_candidate_score"": 0.0, ""best_candidate_pose_distance"": 0.0, ""best_candidate_yaw_delta"": 0.0, ""best_candidate_frame_gap"": 0, ""target_window_ids"": """", ""retrieved_window_ids"": """", ""window_rank_reason"": """", ""trajectory_motion_state"": ""Progressing"", ""trajectory_direction"": ""forward"", ""trajectory_frames"": 8, ""trajectory_distance"": 8.163576677012436, ""trajectory_should_progress"": true, ""trajectory_confidence"": 1.0, ""revisit_gate_allow_retrieve"": false, ""revisit_gate_allow_soft_reuse"": false, ""revisit_gate_force_progress"": false, ""revisit_gate_protect_current"": false, ""revisit_gate_reason"": ""locomotion_only_orb_dominant"", ""selection_is_hard_retrieve"": false, ""selection_is_soft_reuse"": false, ""selection_is_progress"": false, ""action_mode"": ""Locomotion Only"", ""action_mode_confidence"": 0.7453560147132695, ""action_mode_reason"": ""move=0.7454:Walk"", ""scheduler_path"": ""Locomotion Only->orb_locomotion"", ""turn_state"": ""StableNewView"", ""turn_confidence"": 1.0, ""turn_duration"": 0, ""turn_direction"": ""right"", ""turn_reason"": ""stable"", ""window_layout_type"": ""orb_locomotion"", ""window_reason"": ""StableNewView:orb_locomotion"", ""frame_index"": 105, ""pose_x"": 0.19929961270181207, ""pose_z"": 14.75103765812016, ""pose_yaw"": 5.587935447692871e-09, ""pose_pitch"": 0.0, ""delta_x"": 0.3333333469927312, ""delta_z"": 0.6666666846722364, ""local_delta_x"": 0.3333333432674408, ""local_delta_z"": 0.6666666865348816, ""delta_yaw"": 0.0, ""delta_pitch"": 0.0, ""movement_magnitude"": 0.7453560147132695, ""rotation_magnitude"": 0.0, ""pose_confidence"": 1.0}"
Experiment002,108,1785641302.468333,97,90,93,0.9708796255290508,depth,225280,0.9708796255290508,physmem_insert,91 92 93 94 95 96 97 98 99,stableworld_tri_9,9,1,6,54.25963085144758,,,,,0.9708796255290508,,,,Right,0.7453560147132695,0.5664867955835784,,INSERT,0.6447391510009766,,,,depth,0.9708796255290508,0.9708796255290508,"{""frame_id"": 108, ""current_frame_id"": 97, ""similarity"": 0.9708796255290508, ""similarity_type"": ""depth"", ""matching_points"": 225280, ""confidence"": 0.9708796255290508, ""decision"": ""physmem_insert"", ""memory_state"": [91, 92, 93, 94, 95, 96, 97, 98, 99], ""memory_id"": ""stableworld_tri_9"", ""memory_size"": 9, ""replace_count"": 1, ""keep_count"": 6, ""runtime"": 54.25963085144758, ""pose_event"": """", ""use_pose_memory"": true, ""view_intent"": ""None"", ""move_intent"": ""Right"", ""has_view_motion"": false, ""has_move_motion"": true, ""action_explanation"": ""lateral_motion"", ""pose_delta_position"": 0.3333333432674408, ""view_state"": ""Revisit"", ""view_confidence"": 0.7777777711550394, ""view_pose_distance"": 0.3333333432674408, ""view_yaw_delta"": 0.0, ""nearest_view_frame_id"": 94, ""memory_selection_mode"": ""orb_locomotion"", ""memory_selection_target"": null, ""memory_selection_anchor_type"": """", ""memory_selection_reason"": ""move=0.3333:Right"", ""source_anchor_frame_id"": null, ""source_anchor_locked"": false, ""protected_anchor_ids"": """", ""loop_closure_detected"": false, ""turn_result"": """", ""policy_mode"": ""LocomotionPolicy"", ""allow_memory_query"": false, ""allow_hard_retrieve"": false, ""allow_soft_reuse"": false, ""query_result"": """", ""candidate_count"": 0, ""best_candidate_frame_id"": null, ""best_candidate_score"": 0.0, ""best_candidate_pose_distance"": 0.0, ""best_candidate_yaw_delta"": 0.0, ""best_candidate_frame_gap"": 0, ""target_window_ids"": """", ""retrieved_window_ids"": """", ""window_rank_reason"": """", ""trajectory_motion_state"": ""Starting"", ""trajectory_direction"": ""right"", ""trajectory_frames"": 1, ""trajectory_distance"": 0.3333333432674408, ""trajectory_should_progress"": false, ""trajectory_confidence"": 0.75, ""revisit_gate_allow_retrieve"": false, ""revisit_gate_allow_soft_reuse"": false, ""revisit_gate_force_progress"": false, ""revisit_gate_protect_current"": false, ""revisit_gate_reason"": ""locomotion_only_orb_dominant"", ""selection_is_hard_retrieve"": false, ""selection_is_soft_reuse"": false, ""selection_is_progress"": false, ""action_mode"": ""Locomotion Only"", ""action_mode_confidence"": 0.3333333432674408, ""action_mode_reason"": ""move=0.3333:Right"", ""scheduler_path"": ""Locomotion Only->orb_locomotion"", ""turn_state"": ""StableNewView"", ""turn_confidence"": 1.0, ""turn_duration"": 0, ""turn_direction"": ""right"", ""turn_reason"": ""stable"", ""window_layout_type"": ""orb_locomotion"", ""window_reason"": ""StableNewView:orb_locomotion"", ""frame_index"": 108, ""pose_x"": 0.5326329559692529, ""pose_z"": 14.751037656257514, ""pose_yaw"": 5.587935447692871e-09, ""pose_pitch"": 0.0, ""delta_x"": 0.3333333432674408, ""delta_z"": -1.8626452047421083e-09, ""local_delta_x"": 0.3333333432674408, ""local_delta_z"": 0.0, ""delta_yaw"": 0.0, ""delta_pitch"": 0.0, ""movement_magnitude"": 0.3333333432674408, ""rotation_magnitude"": 0.0, ""pose_confidence"": 1.0}"
Experiment002,111,1785641303.5628114,100,93,96,0.979508051648736,depth,225280,0.979508051648736,physmem_keep,91 92 93 97 98 99 100 101 102,stableworld_tri_9,9,1,6,135.15418209135532,,,,,0.979508051648736,,,,Turn Left,0.1796875,0.5612522940648559,,KEEP,0.5699640512466431,,,,depth,0.979508051648736,0.979508051648736,"{""frame_id"": 111, ""current_frame_id"": 100, ""similarity"": 0.979508051648736, ""similarity_type"": ""depth"", ""matching_points"": 225280, ""confidence"": 0.979508051648736, ""decision"": ""physmem_keep"", ""memory_state"": [91, 92, 93, 97, 98, 99, 100, 101, 102], ""memory_id"": ""stableworld_tri_9"", ""memory_size"": 9, ""replace_count"": 1, ""keep_count"": 6, ""runtime"": 135.15418209135532, ""pose_event"": """", ""use_pose_memory"": true, ""view_intent"": ""Turn Left"", ""move_intent"": ""None"", ""has_view_motion"": true, ""has_move_motion"": false, ""action_explanation"": ""viewpoint_change"", ""pose_delta_position"": 0.0, ""view_state"": ""View Transition"", ""view_confidence"": 0.5989583333333334, ""view_pose_distance"": 0.0, ""view_yaw_delta"": 0.1796875, ""nearest_view_frame_id"": 97, ""memory_selection_mode"": ""protect_current"", ""memory_selection_target"": null, ""memory_selection_anchor_type"": """", ""memory_selection_reason"": ""view=0.1797:Turn Left"", ""source_anchor_frame_id"": 93, ""source_anchor_locked"": true, ""protected_anchor_ids"": ""93"", ""loop_closure_detected"": false, ""turn_result"": ""TurnStart"", ""policy_mode"": ""TurnStartPolicy"", ""allow_memory_query"": false, ""allow_hard_retrieve"": false, ""allow_soft_reuse"": false, ""query_result"": """", ""candidate_count"": 0, ""best_candidate_frame_id"": null, ""best_candidate_score"": 0.0, ""best_candidate_pose_distance"": 0.0, ""best_candidate_yaw_delta"": 0.0, ""best_candidate_frame_gap"": 0, ""target_window_ids"": """", ""retrieved_window_ids"": """", ""window_rank_reason"": """", ""trajectory_motion_state"": ""Idle"", ""trajectory_direction"": ""none"", ""trajectory_frames"": 0, ""trajectory_distance"": 0.0, ""trajectory_should_progress"": false, ""trajectory_confidence"": 0.0, ""revisit_gate_allow_retrieve"": false, ""revisit_gate_allow_soft_reuse"": false, ""revisit_gate_force_progress"": false, ""revisit_gate_protect_current"": true, ""revisit_gate_reason"": ""view_transition"", ""selection_is_hard_retrieve"": false, ""selection_is_soft_reuse"": false, ""selection_is_progress"": false, ""action_mode"": ""View Rotation Only"", ""action_mode_confidence"": 0.998263888888889, ""action_mode_reason"": ""view=0.1797:Turn Left"", ""scheduler_path"": ""View Rotation Only->protect_current"", ""turn_state"": ""TurnStart"", ""turn_confidence"": 1.0, ""turn_duration"": 1, ""turn_direction"": ""left"", ""turn_reason"": ""rotation=0.1797"", ""window_layout_type"": ""protect_current"", ""window_reason"": ""TurnStart:protect_current"", ""frame_index"": 111, ""pose_x"": 0.5326329559692529, ""pose_z"": 14.751037656257514, ""pose_yaw"": -0.17968749441206455, ""pose_pitch"": 0.0, ""delta_x"": 0.0, ""delta_z"": 0.0, ""local_delta_x"": 0.0, ""local_delta_z"": 0.0, ""delta_yaw"": -0.1796875, ""delta_pitch"": 0.0, ""movement_magnitude"": 0.0, ""rotation_magnitude"": 0.1796875, ""pose_confidence"": 1.0}"
Experiment002,114,1785641304.6343336,103,93,99,0.957840234041214,depth,225280,0.957840234041214,physmem_insert,93 97 98 99 100 101 102 103 104,stableworld_tri_9,9,1,7,133.23152624070644,,,,,0.957840234041214,,,,Turn Left,0.1796875,0.5571267043941969,,INSERT,0.6276243329048157,,,,depth,0.957840234041214,0.957840234041214,"{""frame_id"": 114, ""current_frame_id"": 103, ""similarity"": 0.957840234041214, ""similarity_type"": ""depth"", ""matching_points"": 225280, ""confidence"": 0.957840234041214, ""decision"": ""physmem_insert"", ""memory_state"": [93, 97, 98, 99, 100, 101, 102, 103, 104], ""memory_id"": ""stableworld_tri_9"", ""memory_size"": 9, ""replace_count"": 1, ""keep_count"": 7, ""runtime"": 133.23152624070644, ""pose_event"": """", ""use_pose_memory"": true, ""view_intent"": ""Turn Left"", ""move_intent"": ""None"", ""has_view_motion"": true, ""has_move_motion"": false, ""action_explanation"": ""viewpoint_change"", ""pose_delta_position"": 0.0, ""view_state"": ""View Transition"", ""view_confidence"": 0.5989583333333334, ""view_pose_distance"": 0.0, ""view_yaw_delta"": 0.359375, ""nearest_view_frame_id"": 97, ""memory_selection_mode"": ""turn_transition"", ""memory_selection_target"": null, ""memory_selection_anchor_type"": """", ""memory_selection_reason"": ""rotation=0.1797"", ""source_anchor_frame_id"": 93, ""source_anchor_locked"": true, ""protected_anchor_ids"": ""93"", ""loop_closure_detected"": false, ""turn_result"": ""UnstableTransition"", ""policy_mode"": ""ViewTransitionPolicy"", ""allow_memory_query"": false, ""allow_hard_retrieve"": false, ""allow_soft_reuse"": false, ""query_result"": """", ""candidate_count"": 0, ""best_candidate_frame_id"": null, ""best_candidate_score"": 0.0, ""best_candidate_pose_distance"": 0.0, ""best_candidate_yaw_delta"": 0.0, ""best_candidate_frame_gap"": 0, ""target_window_ids"": """", ""retrieved_window_ids"": """", ""window_rank_reason"": """", ""trajectory_motion_state"": ""Idle"", ""trajectory_direction"": ""none"", ""trajectory_frames"": 0, ""trajectory_distance"": 0.0, ""trajectory_should_progress"": false, ""trajectory_confidence"": 0.0, ""revisit_gate_allow_retrieve"": false, ""revisit_gate_allow_soft_reuse"": false, ""revisit_gate_force_progress"": false, ""revisit_gate_protect_current"": true, ""revisit_gate_reason"": ""view_transition"", ""selection_is_hard_retrieve"": false, ""selection_is_soft_reuse"": false, ""selection_is_progress"": false, ""action_mode"": ""View Rotation Only"", ""action_mode_confidence"": 0.998263888888889, ""action_mode_reason"": ""view=0.1797:Turn Left"", ""scheduler_path"": ""View Rotation Only->turn_transition"", ""turn_state"": ""TurnInProgress"", ""turn_confidence"": 1.0, ""turn_duration"": 2, ""turn_direction"": ""left"", ""turn_reason"": ""rotation=0.1797"", ""window_layout_type"": ""turn_transition"", ""window_reason"": ""TurnInProgress:turn_transition"", ""frame_index"": 114, ""pose_x"": 0.5326329559692529, ""pose_z"": 14.751037656257514, ""pose_yaw"": -0.35937499441206455, ""pose_pitch"": 0.0, ""delta_x"": 0.0, ""delta_z"": 0.0, ""local_delta_x"": 0.0, ""local_delta_z"": 0.0, ""delta_yaw"": -0.1796875, ""delta_pitch"": 0.0, ""movement_magnitude"": 0.0, ""rotation_magnitude"": 0.1796875, ""pose_confidence"": 1.0}"
Experiment002,117,1785641305.6966145,105,98,101,0.984384573996067,depth,225280,0.984384573996067,physmem_keep,93 97 98 102 103 104 105 106 107,stableworld_tri_9,9,1,6,111.80801689624786,,,,,0.984384573996067,,,,Viewpoint Locomotion,0.7453560147132695,0.6116666809910486,,KEEP,0.6755049824714661,,,,depth,0.984384573996067,0.984384573996067,"{""frame_id"": 117, ""current_frame_id"": 105, ""similarity"": 0.984384573996067, ""similarity_type"": ""depth"", ""matching_points"": 225280, ""confidence"": 0.984384573996067, ""decision"": ""physmem_keep"", ""memory_state"": [93, 97, 98, 102, 103, 104, 105, 106, 107], ""memory_id"": ""stableworld_tri_9"", ""memory_size"": 9, ""replace_count"": 1, ""keep_count"": 6, ""runtime"": 111.80801689624786, ""pose_event"": """", ""use_pose_memory"": true, ""view_intent"": ""Turn Right"", ""move_intent"": ""Left"", ""has_view_motion"": true, ""has_move_motion"": true, ""action_explanation"": ""viewpoint_locomotion"", ""pose_delta_position"": 0.3333333432674408, ""view_state"": ""Revisit"", ""view_confidence"": 0.4992971676336348, ""view_pose_distance"": 0.10931317446005465, ""view_yaw_delta"": 0.2994791679084301, ""nearest_view_frame_id"": 94, ""memory_selection_mode"": ""turn_transition"", ""memory_selection_target"": null, ""memory_selection_anchor_type"": """", ""memory_selection_reason"": ""rotation=0.0599"", ""source_anchor_frame_id"": 93, ""source_anchor_locked"": true, ""protected_anchor_ids"": ""93"", ""loop_closure_detected"": false, ""turn_result"": ""UnstableTransition"", ""policy_mode"": ""ViewTransitionPolicy"", ""allow_memory_query"": false, ""allow_hard_retrieve"": false, ""allow_soft_reuse"": false, ""query_result"": """", ""candidate_count"": 0, ""best_candidate_frame_id"": null, ""best_candidate_score"": 0.0, ""best_candidate_pose_distance"": 0.0, ""best_candidate_yaw_delta"": 0.0, ""best_candidate_frame_gap"": 0, ""target_window_ids"": """", ""retrieved_window_ids"": """", ""window_rank_reason"": """", ""trajectory_motion_state"": ""Starting"", ""trajectory_direction"": ""left"", ""trajectory_frames"": 1, ""trajectory_distance"": 0.3333333432674408, ""trajectory_should_progress"": false, ""trajectory_confidence"": 0.75, ""revisit_gate_allow_retrieve"": false, ""revisit_gate_allow_soft_reuse"": false, ""revisit_gate_force_progress"": false, ""revisit_gate_protect_current"": false, ""revisit_gate_reason"": ""revisit_blocked_by_motion:0.3333"", ""selection_is_hard_retrieve"": false, ""selection_is_soft_reuse"": false, ""selection_is_progress"": false, ""action_mode"": ""Viewpoint Locomotion"", ""action_mode_confidence"": 0.3333333432674408, ""action_mode_reason"": ""move=0.3333:view=0.0599:Viewpoint Locomotion"", ""scheduler_path"": ""Viewpoint Locomotion->turn_transition"", ""turn_state"": ""TurnInProgress"", ""turn_confidence"": 0.7486979011446238, ""turn_duration"": 3, ""turn_direction"": ""right"", ""turn_reason"": ""rotation=0.0599"", ""window_layout_type"": ""turn_transition"", ""window_reason"": ""TurnInProgress:turn_transition"", ""frame_index"": 117, ""pose_x"": 0.21722366673086768, ""pose_z"": 14.643203997337926, ""pose_yaw"": -0.29947916232049465, ""pose_pitch"": 0.0, ""delta_x"": -0.3154092892383852, ""delta_z"": -0.10783365891958879, ""local_delta_x"": -0.3333333432674408, ""local_delta_z"": 0.0, ""delta_yaw"": 0.0598958320915699, ""delta_pitch"": 0.0, ""movement_magnitude"": 0.3333333432674408, ""rotation_magnitude"": 0.0598958320915699, ""pose_confidence"": 1.0}"
