ExperimentID,FrameID,Timestamp,CurrentFrameID,ReferenceFrameID,MiddleFrameID,Similarity,SimilarityType,MatchingPoints,Confidence,Decision,MemoryState,MemoryID,MemorySize,ReplaceCount,KeepCount,Runtime,CPUTime,GPUTime,VRAM,FPS,GeometryScore,DepthConsistency,CameraMotion,ActionEmbedding,ActionType,ActionMagnitude,FusionWeight,FusionEntropy,FusionDecision,SemanticScore,SemanticConfidence,PhysicalScore,PhysicalConfidence,EvidenceType,PolicyConfidence,DecisionConfidence,ExtraFields
Experiment001,9,1785826322.8388817,9,2,5,0.9849940417334437,depth,225280,0.9849940417334437,physmem_keep,0 1 2 6 7 8 9 10 11,stableworld_tri_9,9,1,6,619.0890842117369,,,,,0.9849940417334437,,,,Viewpoint Locomotion,0.6666666865348816,0.6632043378900621,,KEEP,0.7671531438827515,,,,depth,0.9849940417334437,0.9849940417334437,"{""frame_id"": 9, ""current_frame_id"": 9, ""similarity"": 0.9849940417334437, ""similarity_type"": ""depth"", ""matching_points"": 225280, ""confidence"": 0.9849940417334437, ""decision"": ""physmem_keep"", ""memory_state"": [0, 1, 2, 6, 7, 8, 9, 10, 11], ""memory_id"": ""stableworld_tri_9"", ""memory_size"": 9, ""replace_count"": 1, ""keep_count"": 6, ""runtime"": 619.0890842117369, ""pose_event"": """", ""use_pose_memory"": true, ""view_intent"": ""Turn Left"", ""move_intent"": ""Right"", ""has_view_motion"": true, ""has_move_motion"": true, ""action_explanation"": ""viewpoint_locomotion"", ""pose_delta_position"": 0.6666666865348816, ""view_state"": ""Novel View"", ""view_confidence"": 0.0, ""view_pose_distance"": Infinity, ""view_yaw_delta"": Infinity, ""nearest_view_frame_id"": null, ""memory_selection_mode"": ""protect_current"", ""memory_selection_target"": null, ""memory_selection_anchor_type"": """", ""memory_selection_reason"": ""move=0.6667:view=0.0599:Viewpoint Locomotion"", ""source_anchor_frame_id"": 2, ""source_anchor_locked"": true, ""protected_anchor_ids"": ""2"", ""loop_closure_detected"": false, ""turn_result"": ""TurnStart"", ""policy_mode"": ""TurnStartPolicy"", ""allow_memory_query"": false, ""allow_hard_retrieve"": false, ""allow_soft_reuse"": false, ""query_result"": """", ""candidate_count"": 0, ""best_candidate_frame_id"": null, ""best_candidate_score"": 0.0, ""best_candidate_pose_distance"": 0.0, ""best_candidate_yaw_delta"": 0.0, ""best_candidate_frame_gap"": 0, ""best_candidate_first_visit"": 0.0, ""best_candidate_visit_age"": 0.0, ""best_candidate_cluster_id"": -1, ""best_candidate_first_visit_frame_id"": null, ""target_window_ids"": """", ""retrieved_window_ids"": """", ""window_rank_reason"": """", ""trajectory_motion_state"": ""Starting"", ""trajectory_direction"": ""right"", ""trajectory_frames"": 1, ""trajectory_distance"": 0.6666666865348816, ""trajectory_should_progress"": false, ""trajectory_confidence"": 0.75, ""revisit_gate_allow_retrieve"": false, ""revisit_gate_allow_soft_reuse"": false, ""revisit_gate_force_progress"": true, ""revisit_gate_protect_current"": false, ""revisit_gate_reason"": ""novel_view_progress"", ""selection_is_hard_retrieve"": false, ""selection_is_soft_reuse"": false, ""selection_is_progress"": false, ""action_mode"": ""Viewpoint Locomotion"", ""action_mode_confidence"": 0.6666666865348816, ""action_mode_reason"": ""move=0.6667:view=0.0599:Viewpoint Locomotion"", ""scheduler_path"": ""Viewpoint Locomotion->protect_current"", ""turn_state"": ""TurnStart"", ""turn_confidence"": 0.7486979011446238, ""turn_duration"": 1, ""turn_direction"": ""left"", ""turn_reason"": ""rotation=0.0599"", ""window_layout_type"": ""protect_current"", ""window_reason"": ""TurnStart:protect_current"", ""frame_index"": 9, ""pose_x"": 0.6663677496442973, ""pose_z"": 0.01996229369068322, ""pose_yaw"": -0.0598958320915699, ""pose_pitch"": 0.0, ""delta_x"": 0.6663677496442973, ""delta_z"": 0.01996229369068322, ""local_delta_x"": 0.6666666865348816, ""local_delta_z"": 0.0, ""delta_yaw"": -0.0598958320915699, ""delta_pitch"": 0.0, ""movement_magnitude"": 0.6666666865348816, ""rotation_magnitude"": 0.0598958320915699, ""pose_confidence"": 1.0, ""reference_override_used"": false, ""retrieved_reference_active"": false, ""retrieved_reference_ids"": """"}"
Experiment001,12,1785826323.8569138,12,2,8,0.9787089936435223,depth,225280,0.9787089936435223,physmem_keep,0 1 2 9 10 11 12 13 14,stableworld_tri_9,9,1,6,54.24962192773819,,,,,0.9787089936435223,,,,Turn Left,0.1796875,0.6340427335387393,,KEEP,0.7182690501213074,,,,depth,0.9787089936435223,0.9787089936435223,"{""frame_id"": 12, ""current_frame_id"": 12, ""similarity"": 0.9787089936435223, ""similarity_type"": ""depth"", ""matching_points"": 225280, ""confidence"": 0.9787089936435223, ""decision"": ""physmem_keep"", ""memory_state"": [0, 1, 2, 9, 10, 11, 12, 13, 14], ""memory_id"": ""stableworld_tri_9"", ""memory_size"": 9, ""replace_count"": 1, ""keep_count"": 6, ""runtime"": 54.24962192773819, ""pose_event"": """", ""use_pose_memory"": true, ""view_intent"": ""Turn Left"", ""move_intent"": ""None"", ""has_view_motion"": true, ""has_move_motion"": false, ""action_explanation"": ""viewpoint_change"", ""pose_delta_position"": 0.0, ""view_state"": ""View Transition"", ""view_confidence"": 0.5989583333333334, ""view_pose_distance"": 0.0, ""view_yaw_delta"": 0.1796875, ""nearest_view_frame_id"": 9, ""memory_selection_mode"": ""turn_transition"", ""memory_selection_target"": null, ""memory_selection_anchor_type"": """", ""memory_selection_reason"": ""rotation=0.1797"", ""source_anchor_frame_id"": 2, ""source_anchor_locked"": true, ""protected_anchor_ids"": ""2"", ""loop_closure_detected"": false, ""turn_result"": ""UnstableTransition"", ""policy_mode"": ""ViewTransitionPolicy"", ""allow_memory_query"": false, ""allow_hard_retrieve"": false, ""allow_soft_reuse"": false, ""query_result"": """", ""candidate_count"": 0, ""best_candidate_frame_id"": null, ""best_candidate_score"": 0.0, ""best_candidate_pose_distance"": 0.0, ""best_candidate_yaw_delta"": 0.0, ""best_candidate_frame_gap"": 0, ""best_candidate_first_visit"": 0.0, ""best_candidate_visit_age"": 0.0, ""best_candidate_cluster_id"": -1, ""best_candidate_first_visit_frame_id"": null, ""target_window_ids"": """", ""retrieved_window_ids"": """", ""window_rank_reason"": """", ""trajectory_motion_state"": ""Idle"", ""trajectory_direction"": ""none"", ""trajectory_frames"": 0, ""trajectory_distance"": 0.0, ""trajectory_should_progress"": false, ""trajectory_confidence"": 0.0, ""revisit_gate_allow_retrieve"": false, ""revisit_gate_allow_soft_reuse"": false, ""revisit_gate_force_progress"": false, ""revisit_gate_protect_current"": true, ""revisit_gate_reason"": ""view_transition"", ""selection_is_hard_retrieve"": false, ""selection_is_soft_reuse"": false, ""selection_is_progress"": false, ""action_mode"": ""View Rotation Only"", ""action_mode_confidence"": 0.998263888888889, ""action_mode_reason"": ""view=0.1797:Turn Left"", ""scheduler_path"": ""View Rotation Only->turn_transition"", ""turn_state"": ""TurnInProgress"", ""turn_confidence"": 1.0, ""turn_duration"": 2, ""turn_direction"": ""left"", ""turn_reason"": ""rotation=0.1797"", ""window_layout_type"": ""turn_transition"", ""window_reason"": ""TurnInProgress:turn_transition"", ""frame_index"": 12, ""pose_x"": 0.6663677496442973, ""pose_z"": 0.01996229369068322, ""pose_yaw"": -0.2395833320915699, ""pose_pitch"": 0.0, ""delta_x"": 0.0, ""delta_z"": 0.0, ""local_delta_x"": 0.0, ""local_delta_z"": 0.0, ""delta_yaw"": -0.1796875, ""delta_pitch"": 0.0, ""movement_magnitude"": 0.0, ""rotation_magnitude"": 0.1796875, ""pose_confidence"": 1.0, ""reference_override_used"": false, ""retrieved_reference_active"": false, ""retrieved_reference_ids"": """"}"
Experiment001,15,1785826324.9032729,15,2,11,0.9777458552271128,depth,225280,0.9777458552271128,physmem_keep,0 1 2 12 13 14 15 16 17,stableworld_tri_9,9,1,6,115.882299374789,,,,,0.9777458552271128,,,,Viewpoint Locomotion,0.3333333432674408,0.7297699100698736,,KEEP,0.6527304649353027,,,,depth,0.9777458552271128,0.9777458552271128,"{""frame_id"": 15, ""current_frame_id"": 15, ""similarity"": 0.9777458552271128, ""similarity_type"": ""depth"", ""matching_points"": 225280, ""confidence"": 0.9777458552271128, ""decision"": ""physmem_keep"", ""memory_state"": [0, 1, 2, 12, 13, 14, 15, 16, 17], ""memory_id"": ""stableworld_tri_9"", ""memory_size"": 9, ""replace_count"": 1, ""keep_count"": 6, ""runtime"": 115.882299374789, ""pose_event"": """", ""use_pose_memory"": true, ""view_intent"": ""Turn Left"", ""move_intent"": ""Left"", ""has_view_motion"": true, ""has_move_motion"": true, ""action_explanation"": ""viewpoint_locomotion"", ""pose_delta_position"": 0.3333333432674408, ""view_state"": ""Known View"", ""view_confidence"": 0.5377178604598918, ""view_pose_distance"": 0.3333333432674408, ""view_yaw_delta"": 0.2395833320915699, ""nearest_view_frame_id"": 9, ""memory_selection_mode"": ""turn_transition"", ""memory_selection_target"": null, ""memory_selection_anchor_type"": """", ""memory_selection_reason"": ""rotation=0.0599"", ""source_anchor_frame_id"": 2, ""source_anchor_locked"": true, ""protected_anchor_ids"": ""2"", ""loop_closure_detected"": false, ""turn_result"": ""UnstableTransition"", ""policy_mode"": ""ViewTransitionPolicy"", ""allow_memory_query"": false, ""allow_hard_retrieve"": false, ""allow_soft_reuse"": false, ""query_result"": """", ""candidate_count"": 0, ""best_candidate_frame_id"": null, ""best_candidate_score"": 0.0, ""best_candidate_pose_distance"": 0.0, ""best_candidate_yaw_delta"": 0.0, ""best_candidate_frame_gap"": 0, ""best_candidate_first_visit"": 0.0, ""best_candidate_visit_age"": 0.0, ""best_candidate_cluster_id"": -1, ""best_candidate_first_visit_frame_id"": null, ""target_window_ids"": """", ""retrieved_window_ids"": """", ""window_rank_reason"": """", ""trajectory_motion_state"": ""Starting"", ""trajectory_direction"": ""left"", ""trajectory_frames"": 1, ""trajectory_distance"": 0.3333333432674408, ""trajectory_should_progress"": false, ""trajectory_confidence"": 0.75, ""revisit_gate_allow_retrieve"": false, ""revisit_gate_allow_soft_reuse"": false, ""revisit_gate_force_progress"": false, ""revisit_gate_protect_current"": false, ""revisit_gate_reason"": ""known_view_blocked_by_motion:0.3333"", ""selection_is_hard_retrieve"": false, ""selection_is_soft_reuse"": false, ""selection_is_progress"": false, ""action_mode"": ""Viewpoint Locomotion"", ""action_mode_confidence"": 0.3333333432674408, ""action_mode_reason"": ""move=0.3333:view=0.0599:Viewpoint Locomotion"", ""scheduler_path"": ""Viewpoint Locomotion->turn_transition"", ""turn_state"": ""TurnInProgress"", ""turn_confidence"": 0.7486979011446238, ""turn_duration"": 3, ""turn_direction"": ""left"", ""turn_reason"": ""rotation=0.0599"", ""window_layout_type"": ""turn_transition"", ""window_reason"": ""TurnInProgress:turn_transition"", ""frame_index"": 15, ""pose_x"": 0.345069132957115, ""pose_z"": -0.06879758828733987, ""pose_yaw"": -0.2994791641831398, ""pose_pitch"": 0.0, ""delta_x"": -0.32129861668718235, ""delta_z"": -0.08875988197802309, ""local_delta_x"": -0.3333333432674408, ""local_delta_z"": 0.0, ""delta_yaw"": -0.0598958320915699, ""delta_pitch"": 0.0, ""movement_magnitude"": 0.3333333432674408, ""rotation_magnitude"": 0.0598958320915699, ""pose_confidence"": 0.6666666865348816, ""reference_override_used"": false, ""retrieved_reference_active"": false, ""retrieved_reference_ids"": """"}"
Experiment001,18,1785826325.9739828,18,2,14,0.9331919178366661,depth,225280,0.9331919178366661,physmem_insert,2 12 13 14 15 16 17 18 19,stableworld_tri_9,9,1,7,132.5923358090222,,,,,0.9331919178366661,,,,Viewpoint Locomotion,0.7453560147132695,0.5135488848741709,,INSERT,0.603242814540863,,,,depth,0.9331919178366661,0.9331919178366661,"{""frame_id"": 18, ""current_frame_id"": 18, ""similarity"": 0.9331919178366661, ""similarity_type"": ""depth"", ""matching_points"": 225280, ""confidence"": 0.9331919178366661, ""decision"": ""physmem_insert"", ""memory_state"": [2, 12, 13, 14, 15, 16, 17, 18, 19], ""memory_id"": ""stableworld_tri_9"", ""memory_size"": 9, ""replace_count"": 1, ""keep_count"": 7, ""runtime"": 132.5923358090222, ""pose_event"": """", ""use_pose_memory"": true, ""view_intent"": ""Turn Left"", ""move_intent"": ""Right"", ""has_view_motion"": true, ""has_move_motion"": true, ""action_explanation"": ""viewpoint_locomotion"", ""pose_delta_position"": 0.3333333432674408, ""view_state"": ""Known View"", ""view_confidence"": 0.6555028474294428, ""view_pose_distance"": 0.01996229369068325, ""view_yaw_delta"": 0.2994791641831398, ""nearest_view_frame_id"": 9, ""memory_selection_mode"": ""turn_transition"", ""memory_selection_target"": null, ""memory_selection_anchor_type"": """", ""memory_selection_reason"": ""rotation=0.0599"", ""source_anchor_frame_id"": 2, ""source_anchor_locked"": true, ""protected_anchor_ids"": ""2"", ""loop_closure_detected"": false, ""turn_result"": ""UnstableTransition"", ""policy_mode"": ""ViewTransitionPolicy"", ""allow_memory_query"": false, ""allow_hard_retrieve"": false, ""allow_soft_reuse"": false, ""query_result"": """", ""candidate_count"": 0, ""best_candidate_frame_id"": null, ""best_candidate_score"": 0.0, ""best_candidate_pose_distance"": 0.0, ""best_candidate_yaw_delta"": 0.0, ""best_candidate_frame_gap"": 0, ""best_candidate_first_visit"": 0.0, ""best_candidate_visit_age"": 0.0, ""best_candidate_cluster_id"": -1, ""best_candidate_first_visit_frame_id"": null, ""target_window_ids"": """", ""retrieved_window_ids"": """", ""window_rank_reason"": """", ""trajectory_motion_state"": ""Starting"", ""trajectory_direction"": ""right"", ""trajectory_frames"": 1, ""trajectory_distance"": 0.3333333432674408, ""trajectory_should_progress"": false, ""trajectory_confidence"": 0.75, ""revisit_gate_allow_retrieve"": false, ""revisit_gate_allow_soft_reuse"": false, ""revisit_gate_force_progress"": false, ""revisit_gate_protect_current"": false, ""revisit_gate_reason"": ""known_view_blocked_by_motion:0.3333"", ""selection_is_hard_retrieve"": false, ""selection_is_soft_reuse"": false, ""selection_is_progress"": false, ""action_mode"": ""Viewpoint Locomotion"", ""action_mode_confidence"": 0.3333333432674408, ""action_mode_reason"": ""move=0.3333:view=0.0599:Viewpoint Locomotion"", ""scheduler_path"": ""Viewpoint Locomotion->turn_transition"", ""turn_state"": ""TurnInProgress"", ""turn_confidence"": 0.7486979011446238, ""turn_duration"": 4, ""turn_direction"": ""left"", ""turn_reason"": ""rotation=0.0599"", ""window_layout_type"": ""turn_transition"", ""window_reason"": ""TurnInProgress:turn_transition"", ""frame_index"": 18, ""pose_x"": 0.6604784219946442, ""pose_z"": 0.03903607121974452, ""pose_yaw"": -0.3593749962747097, ""pose_pitch"": 0.0, ""delta_x"": 0.3154092890375293, ""delta_z"": 0.10783365950708439, ""local_delta_x"": 0.3333333432674408, ""local_delta_z"": 0.0, ""delta_yaw"": -0.0598958320915699, ""delta_pitch"": 0.0, ""movement_magnitude"": 0.3333333432674408, ""rotation_magnitude"": 0.0598958320915699, ""pose_confidence"": 1.0, ""reference_override_used"": false, ""retrieved_reference_active"": false, ""retrieved_reference_ids"": """"}"
Experiment001,21,1785826327.0570633,20,13,16,0.9560480006039143,depth,225280,0.9560480006039143,physmem_keep,2 12 13 17 18 19 20 21 22,stableworld_tri_9,9,1,6,147.3385151475668,,,,,0.9560480006039143,,,,Viewpoint Locomotion,0.7453560147132695,0.6022015284489651,,KEEP,0.644041895866394,,,,depth,0.9560480006039143,0.9560480006039143,"{""frame_id"": 21, ""current_frame_id"": 20, ""similarity"": 0.9560480006039143, ""similarity_type"": ""depth"", ""matching_points"": 225280, ""confidence"": 0.9560480006039143, ""decision"": ""physmem_keep"", ""memory_state"": [2, 12, 13, 17, 18, 19, 20, 21, 22], ""memory_id"": ""stableworld_tri_9"", ""memory_size"": 9, ""replace_count"": 1, ""keep_count"": 6, ""runtime"": 147.3385151475668, ""pose_event"": """", ""use_pose_memory"": true, ""view_intent"": ""Turn Right"", ""move_intent"": ""Left"", ""has_view_motion"": true, ""has_move_motion"": true, ""action_explanation"": ""viewpoint_locomotion"", ""pose_delta_position"": 0.3333333432674408, ""view_state"": ""Known View"", ""view_confidence"": 1.0, ""view_pose_distance"": 5.551115123125783e-17, ""view_yaw_delta"": 0.0, ""nearest_view_frame_id"": 15, ""memory_selection_mode"": ""turn_transition"", ""memory_selection_target"": null, ""memory_selection_anchor_type"": """", ""memory_selection_reason"": ""rotation=0.0599"", ""source_anchor_frame_id"": 2, ""source_anchor_locked"": true, ""protected_anchor_ids"": ""2"", ""loop_closure_detected"": false, ""turn_result"": ""UnstableTransition"", ""policy_mode"": ""ViewTransitionPolicy"", ""allow_memory_query"": false, ""allow_hard_retrieve"": false, ""allow_soft_reuse"": false, ""query_result"": """", ""candidate_count"": 0, ""best_candidate_frame_id"": null, ""best_candidate_score"": 0.0, ""best_candidate_pose_distance"": 0.0, ""best_candidate_yaw_delta"": 0.0, ""best_candidate_frame_gap"": 0, ""best_candidate_first_visit"": 0.0, ""best_candidate_visit_age"": 0.0, ""best_candidate_cluster_id"": -1, ""best_candidate_first_visit_frame_id"": null, ""target_window_ids"": """", ""retrieved_window_ids"": """", ""window_rank_reason"": """", ""trajectory_motion_state"": ""Starting"", ""trajectory_direction"": ""left"", ""trajectory_frames"": 1, ""trajectory_distance"": 0.3333333432674408, ""trajectory_should_progress"": false, ""trajectory_confidence"": 0.75, ""revisit_gate_allow_retrieve"": false, ""revisit_gate_allow_soft_reuse"": false, ""revisit_gate_force_progress"": false, ""revisit_gate_protect_current"": false, ""revisit_gate_reason"": ""known_view_blocked_by_motion:0.3333"", ""selection_is_hard_retrieve"": false, ""selection_is_soft_reuse"": false, ""selection_is_progress"": false, ""action_mode"": ""Viewpoint Locomotion"", ""action_mode_confidence"": 0.3333333432674408, ""action_mode_reason"": ""move=0.3333:view=0.0599:Viewpoint Locomotion"", ""scheduler_path"": ""Viewpoint Locomotion->turn_transition"", ""turn_state"": ""TurnInProgress"", ""turn_confidence"": 0.7486979011446238, ""turn_duration"": 5, ""turn_direction"": ""right"", ""turn_reason"": ""rotation=0.0599"", ""window_layout_type"": ""turn_transition"", ""window_reason"": ""TurnInProgress:turn_transition"", ""frame_index"": 21, ""pose_x"": 0.34506913295711494, ""pose_z"": -0.06879758828733987, ""pose_yaw"": -0.2994791641831398, ""pose_pitch"": 0.0, ""delta_x"": -0.3154092890375293, ""delta_z"": -0.10783365950708439, ""local_delta_x"": -0.3333333432674408, ""local_delta_z"": 0.0, ""delta_yaw"": 0.0598958320915699, ""delta_pitch"": 0.0, ""movement_magnitude"": 0.3333333432674408, ""rotation_magnitude"": 0.0598958320915699, ""pose_confidence"": 1.0, ""reference_override_used"": false, ""retrieved_reference_active"": false, ""retrieved_reference_ids"": """"}"
Experiment001,24,1785826328.0910184,23,13,19,0.9600997343659401,depth,225280,0.9600997343659401,physmem_insert,2 17 18 19 20 21 22 23 24,stableworld_tri_9,9,1,7,93.18435285240412,,,,,0.9600997343659401,,,,Viewpoint Locomotion,0.3333333432674408,0.6952060442923672,,INSERT,0.5656470060348511,,,,depth,0.9600997343659401,0.9600997343659401,"{""frame_id"": 24, ""current_frame_id"": 23, ""similarity"": 0.9600997343659401, ""similarity_type"": ""depth"", ""matching_points"": 225280, ""confidence"": 0.9600997343659401, ""decision"": ""physmem_insert"", ""memory_state"": [2, 17, 18, 19, 20, 21, 22, 23, 24], ""memory_id"": ""stableworld_tri_9"", ""memory_size"": 9, ""replace_count"": 1, ""keep_count"": 7, ""runtime"": 93.18435285240412, ""pose_event"": """", ""use_pose_memory"": true, ""view_intent"": ""Turn Right"", ""move_intent"": ""Right"", ""has_view_motion"": true, ""has_move_motion"": true, ""action_explanation"": ""viewpoint_locomotion"", ""pose_delta_position"": 0.3333333432674408, ""view_state"": ""Revisit"", ""view_confidence"": 0.7433035714285714, ""view_pose_distance"": 1.1107649934270853e-16, ""view_yaw_delta"": 0.1796875, ""nearest_view_frame_id"": 9, ""memory_selection_mode"": ""turn_transition"", ""memory_selection_target"": null, ""memory_selection_anchor_type"": """", ""memory_selection_reason"": ""rotation=0.0599"", ""source_anchor_frame_id"": 2, ""source_anchor_locked"": true, ""protected_anchor_ids"": ""2"", ""loop_closure_detected"": false, ""turn_result"": ""UnstableTransition"", ""policy_mode"": ""ViewTransitionPolicy"", ""allow_memory_query"": false, ""allow_hard_retrieve"": false, ""allow_soft_reuse"": false, ""query_result"": """", ""candidate_count"": 0, ""best_candidate_frame_id"": null, ""best_candidate_score"": 0.0, ""best_candidate_pose_distance"": 0.0, ""best_candidate_yaw_delta"": 0.0, ""best_candidate_frame_gap"": 0, ""best_candidate_first_visit"": 0.0, ""best_candidate_visit_age"": 0.0, ""best_candidate_cluster_id"": -1, ""best_candidate_first_visit_frame_id"": null, ""target_window_ids"": """", ""retrieved_window_ids"": """", ""window_rank_reason"": """", ""trajectory_motion_state"": ""Starting"", ""trajectory_direction"": ""right"", ""trajectory_frames"": 1, ""trajectory_distance"": 0.3333333432674408, ""trajectory_should_progress"": false, ""trajectory_confidence"": 0.75, ""revisit_gate_allow_retrieve"": false, ""revisit_gate_allow_soft_reuse"": false, ""revisit_gate_force_progress"": false, ""revisit_gate_protect_current"": false, ""revisit_gate_reason"": ""revisit_blocked_by_motion:0.3333"", ""selection_is_hard_retrieve"": false, ""selection_is_soft_reuse"": false, ""selection_is_progress"": false, ""action_mode"": ""Viewpoint Locomotion"", ""action_mode_confidence"": 0.3333333432674408, ""action_mode_reason"": ""move=0.3333:view=0.0599:Viewpoint Locomotion"", ""scheduler_path"": ""Viewpoint Locomotion->turn_transition"", ""turn_state"": ""TurnInProgress"", ""turn_confidence"": 0.7486979011446238, ""turn_duration"": 6, ""turn_direction"": ""right"", ""turn_reason"": ""rotation=0.0599"", ""window_layout_type"": ""turn_transition"", ""window_reason"": ""TurnInProgress:turn_transition"", ""frame_index"": 24, ""pose_x"": 0.6663677496442972, ""pose_z"": 0.019962293690683225, ""pose_yaw"": -0.2395833320915699, ""pose_pitch"": 0.0, ""delta_x"": 0.32129861668718235, ""delta_z"": 0.08875988197802309, ""local_delta_x"": 0.3333333432674408, ""local_delta_z"": 0.0, ""delta_yaw"": 0.0598958320915699, ""delta_pitch"": 0.0, ""movement_magnitude"": 0.3333333432674408, ""rotation_magnitude"": 0.0598958320915699, ""pose_confidence"": 0.6666666865348816, ""reference_override_used"": false, ""retrieved_reference_active"": false, ""retrieved_reference_ids"": """"}"
Experiment001,27,1785826329.2735724,25,18,21,0.8997768089175224,depth,225280,0.8997768089175224,physmem_keep,2 17 18 22 23 24 25 26 27,stableworld_tri_9,9,1,6,161.25492472201586,,,,,0.8997768089175224,,,,Turn Right,0.1796875,0.5805925912781325,,KEEP,0.6711364388465881,,,,depth,0.8997768089175224,0.8997768089175224,"{""frame_id"": 27, ""current_frame_id"": 25, ""similarity"": 0.8997768089175224, ""similarity_type"": ""depth"", ""matching_points"": 225280, ""confidence"": 0.8997768089175224, ""decision"": ""physmem_keep"", ""memory_state"": [2, 17, 18, 22, 23, 24, 25, 26, 27], ""memory_id"": ""stableworld_tri_9"", ""memory_size"": 9, ""replace_count"": 1, ""keep_count"": 6, ""runtime"": 161.25492472201586, ""pose_event"": """", ""use_pose_memory"": true, ""view_intent"": ""Turn Right"", ""move_intent"": ""None"", ""has_view_motion"": true, ""has_move_motion"": false, ""action_explanation"": ""viewpoint_change"", ""pose_delta_position"": 0.0, ""view_state"": ""View Transition"", ""view_confidence"": 0.5989583333333334, ""view_pose_distance"": 0.0, ""view_yaw_delta"": 0.1796875, ""nearest_view_frame_id"": 23, ""memory_selection_mode"": ""turn_transition"", ""memory_selection_target"": null, ""memory_selection_anchor_type"": """", ""memory_selection_reason"": ""rotation=0.1797"", ""source_anchor_frame_id"": 2, ""source_anchor_locked"": true, ""protected_anchor_ids"": ""2"", ""loop_closure_detected"": false, ""turn_result"": ""UnstableTransition"", ""policy_mode"": ""ViewTransitionPolicy"", ""allow_memory_query"": false, ""allow_hard_retrieve"": false, ""allow_soft_reuse"": false, ""query_result"": """", ""candidate_count"": 0, ""best_candidate_frame_id"": null, ""best_candidate_score"": 0.0, ""best_candidate_pose_distance"": 0.0, ""best_candidate_yaw_delta"": 0.0, ""best_candidate_frame_gap"": 0, ""best_candidate_first_visit"": 0.0, ""best_candidate_visit_age"": 0.0, ""best_candidate_cluster_id"": -1, ""best_candidate_first_visit_frame_id"": null, ""target_window_ids"": """", ""retrieved_window_ids"": """", ""window_rank_reason"": """", ""trajectory_motion_state"": ""Idle"", ""trajectory_direction"": ""none"", ""trajectory_frames"": 0, ""trajectory_distance"": 0.0, ""trajectory_should_progress"": false, ""trajectory_confidence"": 0.0, ""revisit_gate_allow_retrieve"": false, ""revisit_gate_allow_soft_reuse"": false, ""revisit_gate_force_progress"": false, ""revisit_gate_protect_current"": true, ""revisit_gate_reason"": ""view_transition"", ""selection_is_hard_retrieve"": false, ""selection_is_soft_reuse"": false, ""selection_is_progress"": false, ""action_mode"": ""View Rotation Only"", ""action_mode_confidence"": 0.998263888888889, ""action_mode_reason"": ""view=0.1797:Turn Right"", ""scheduler_path"": ""View Rotation Only->turn_transition"", ""turn_state"": ""TurnInProgress"", ""turn_confidence"": 1.0, ""turn_duration"": 7, ""turn_direction"": ""right"", ""turn_reason"": ""rotation=0.1797"", ""window_layout_type"": ""turn_transition"", ""window_reason"": ""TurnInProgress:turn_transition"", ""frame_index"": 27, ""pose_x"": 0.6663677496442972, ""pose_z"": 0.019962293690683225, ""pose_yaw"": -0.0598958320915699, ""pose_pitch"": 0.0, ""delta_x"": 0.0, ""delta_z"": 0.0, ""local_delta_x"": 0.0, ""local_delta_z"": 0.0, ""delta_yaw"": 0.1796875, ""delta_pitch"": 0.0, ""movement_magnitude"": 0.0, ""rotation_magnitude"": 0.1796875, ""pose_confidence"": 1.0, ""reference_override_used"": false, ""retrieved_reference_active"": false, ""retrieved_reference_ids"": """"}"
Experiment001,30,1785826330.3976352,28,18,24,0.9153460189700127,depth,225280,0.9153460189700127,physmem_keep,2 17 18 25 26 27 28 29 30,stableworld_tri_9,9,1,6,108.53016283363104,,,,,0.9153460189700127,,,,Viewpoint Locomotion,0.6666666865348816,0.5771394914430097,,KEEP,0.6361523270606995,,,,depth,0.9153460189700127,0.9153460189700127,"{""frame_id"": 30, ""current_frame_id"": 28, ""similarity"": 0.9153460189700127, ""similarity_type"": ""depth"", ""matching_points"": 225280, ""confidence"": 0.9153460189700127, ""decision"": ""physmem_keep"", ""memory_state"": [2, 17, 18, 25, 26, 27, 28, 29, 30], ""memory_id"": ""stableworld_tri_9"", ""memory_size"": 9, ""replace_count"": 1, ""keep_count"": 6, ""runtime"": 108.53016283363104, ""pose_event"": """", ""use_pose_memory"": true, ""view_intent"": ""Turn Left"", ""move_intent"": ""Backward"", ""has_view_motion"": true, ""has_move_motion"": true, ""action_explanation"": ""viewpoint_locomotion"", ""pose_delta_position"": 0.6666666865348816, ""view_state"": ""Revisit"", ""view_confidence"": 0.5267236979589576, ""view_pose_distance"": 0.6666666865348816, ""view_yaw_delta"": 0.02018229104578495, ""nearest_view_frame_id"": 9, ""memory_selection_mode"": ""turn_transition"", ""memory_selection_target"": null, ""memory_selection_anchor_type"": """", ""memory_selection_reason"": ""rotation=0.0202"", ""source_anchor_frame_id"": 2, ""source_anchor_locked"": true, ""protected_anchor_ids"": ""2"", ""loop_closure_detected"": false, ""turn_result"": ""UnstableTransition"", ""policy_mode"": ""ViewTransitionPolicy"", ""allow_memory_query"": false, ""allow_hard_retrieve"": false, ""allow_soft_reuse"": false, ""query_result"": """", ""candidate_count"": 0, ""best_candidate_frame_id"": null, ""best_candidate_score"": 0.0, ""best_candidate_pose_distance"": 0.0, ""best_candidate_yaw_delta"": 0.0, ""best_candidate_frame_gap"": 0, ""best_candidate_first_visit"": 0.0, ""best_candidate_visit_age"": 0.0, ""best_candidate_cluster_id"": -1, ""best_candidate_first_visit_frame_id"": null, ""target_window_ids"": """", ""retrieved_window_ids"": """", ""window_rank_reason"": """", ""trajectory_motion_state"": ""Starting"", ""trajectory_direction"": ""backward"", ""trajectory_frames"": 1, ""trajectory_distance"": 0.6666666865348816, ""trajectory_should_progress"": false, ""trajectory_confidence"": 0.75, ""revisit_gate_allow_retrieve"": false, ""revisit_gate_allow_soft_reuse"": false, ""revisit_gate_force_progress"": false, ""revisit_gate_protect_current"": false, ""revisit_gate_reason"": ""revisit_blocked_by_motion:0.6667"", ""selection_is_hard_retrieve"": false, ""selection_is_soft_reuse"": false, ""selection_is_progress"": false, ""action_mode"": ""Viewpoint Locomotion"", ""action_mode_confidence"": 0.6666666865348816, ""action_mode_reason"": ""move=0.6667:view=0.0202:Viewpoint Locomotion"", ""scheduler_path"": ""Viewpoint Locomotion->turn_transition"", ""turn_state"": ""TurnInProgress"", ""turn_confidence"": 0.2522786380723119, ""turn_duration"": 8, ""turn_direction"": ""left"", ""turn_reason"": ""rotation=0.0202"", ""window_layout_type"": ""turn_transition"", ""window_reason"": ""TurnInProgress:turn_transition"", ""frame_index"": 30, ""pose_x"": 0.7129876555922678, ""pose_z"": -0.6450723334565056, ""pose_yaw"": -0.08007812313735485, ""pose_pitch"": 0.0, ""delta_x"": 0.046619905947970657, ""delta_z"": -0.6650346271471889, ""local_delta_x"": 0.0, ""local_delta_z"": -0.6666666865348816, ""delta_yaw"": -0.02018229104578495, ""delta_pitch"": 0.0, ""movement_magnitude"": 0.6666666865348816, ""rotation_magnitude"": 0.02018229104578495, ""pose_confidence"": 1.0, ""reference_override_used"": false, ""retrieved_reference_active"": false, ""retrieved_reference_ids"": """"}"
Experiment001,33,1785826331.5626132,31,18,27,0.8908963277935982,depth,225280,0.8908963277935982,physmem_keep,2 17 18 28 29 30 31 32 33,stableworld_tri_9,9,1,6,143.91048811376095,,,,,0.8908963277935982,,,,Viewpoint Locomotion,1.0,0.5742381779616679,,KEEP,0.6416018605232239,,,,depth,0.8908963277935982,0.8908963277935982,"{""frame_id"": 33, ""current_frame_id"": 31, ""similarity"": 0.8908963277935982, ""similarity_type"": ""depth"", ""matching_points"": 225280, ""confidence"": 0.8908963277935982, ""decision"": ""physmem_keep"", ""memory_state"": [2, 17, 18, 28, 29, 30, 31, 32, 33], ""memory_id"": ""stableworld_tri_9"", ""memory_size"": 9, ""replace_count"": 1, ""keep_count"": 6, ""runtime"": 143.91048811376095, ""pose_event"": """", ""use_pose_memory"": true, ""view_intent"": ""Turn Right"", ""move_intent"": ""Walk"", ""has_view_motion"": true, ""has_move_motion"": true, ""action_explanation"": ""viewpoint_locomotion"", ""pose_delta_position"": 1.0, ""view_state"": ""Known View"", ""view_confidence"": 0.41520195891044703, ""view_pose_distance"": 0.3153372289261253, ""view_yaw_delta"": 0.35937499813735485, ""nearest_view_frame_id"": 18, ""memory_selection_mode"": ""turn_transition"", ""memory_selection_target"": null, ""memory_selection_anchor_type"": """", ""memory_selection_reason"": ""rotation=0.0801"", ""source_anchor_frame_id"": 2, ""source_anchor_locked"": true, ""protected_anchor_ids"": ""2"", ""loop_closure_detected"": false, ""turn_result"": ""UnstableTransition"", ""policy_mode"": ""ViewTransitionPolicy"", ""allow_memory_query"": false, ""allow_hard_retrieve"": false, ""allow_soft_reuse"": false, ""query_result"": """", ""candidate_count"": 0, ""best_candidate_frame_id"": null, ""best_candidate_score"": 0.0, ""best_candidate_pose_distance"": 0.0, ""best_candidate_yaw_delta"": 0.0, ""best_candidate_frame_gap"": 0, ""best_candidate_first_visit"": 0.0, ""best_candidate_visit_age"": 0.0, ""best_candidate_cluster_id"": -1, ""best_candidate_first_visit_frame_id"": null, ""target_window_ids"": """", ""retrieved_window_ids"": """", ""window_rank_reason"": """", ""trajectory_motion_state"": ""Starting"", ""trajectory_direction"": ""forward"", ""trajectory_frames"": 1, ""trajectory_distance"": 1.0, ""trajectory_should_progress"": false, ""trajectory_confidence"": 0.75, ""revisit_gate_allow_retrieve"": false, ""revisit_gate_allow_soft_reuse"": false, ""revisit_gate_force_progress"": false, ""revisit_gate_protect_current"": false, ""revisit_gate_reason"": ""known_view_blocked_by_motion:1.0000"", ""selection_is_hard_retrieve"": false, ""selection_is_soft_reuse"": false, ""selection_is_progress"": false, ""action_mode"": ""Viewpoint Locomotion"", ""action_mode_confidence"": 1.0, ""action_mode_reason"": ""move=1.0000:view=0.0801:Viewpoint Locomotion"", ""scheduler_path"": ""Viewpoint Locomotion->turn_transition"", ""turn_state"": ""TurnInProgress"", ""turn_confidence"": 1.0, ""turn_duration"": 9, ""turn_direction"": ""right"", ""turn_reason"": ""rotation=0.0801"", ""window_layout_type"": ""turn_transition"", ""window_reason"": ""TurnInProgress:turn_transition"", ""frame_index"": 33, ""pose_x"": 0.672959292043139, ""pose_z"": 0.3541262104333355, ""pose_yaw"": 1.862645149230957e-09, ""pose_pitch"": 0.0, ""delta_x"": -0.04002836354912891, ""delta_z"": 0.9991985438898411, ""local_delta_x"": 0.0, ""local_delta_z"": 1.0, ""delta_yaw"": 0.080078125, ""delta_pitch"": 0.0, ""movement_magnitude"": 1.0, ""rotation_magnitude"": 0.080078125, ""pose_confidence"": 1.0, ""reference_override_used"": false, ""retrieved_reference_active"": false, ""retrieved_reference_ids"": """"}"
Experiment001,36,1785826332.648778,34,18,30,0.9504736103117466,depth,225280,0.9504736103117466,physmem_insert,28 29 30 31 32 33 34 35 36,stableworld_tri_9,9,1,6,92.72212302312255,,,,,0.9504736103117466,,,,Walk,1.0540925565309005,0.560890737860618,,INSERT,0.5986080765724182,,,,depth,0.9504736103117466,0.9504736103117466,"{""frame_id"": 36, ""current_frame_id"": 34, ""similarity"": 0.9504736103117466, ""similarity_type"": ""depth"", ""matching_points"": 225280, ""confidence"": 0.9504736103117466, ""decision"": ""physmem_insert"", ""memory_state"": [28, 29, 30, 31, 32, 33, 34, 35, 36], ""memory_id"": ""stableworld_tri_9"", ""memory_size"": 9, ""replace_count"": 1, ""keep_count"": 6, ""runtime"": 92.72212302312255, ""pose_event"": """", ""use_pose_memory"": true, ""view_intent"": ""None"", ""move_intent"": ""Walk"", ""has_view_motion"": false, ""has_move_motion"": true, ""action_explanation"": ""locomotion"", ""pose_delta_position"": 1.0540925565309005, ""view_state"": ""Novel View"", ""view_confidence"": 0.5, ""view_pose_distance"": 1.0540925565309003, ""view_yaw_delta"": 0.0, ""nearest_view_frame_id"": 31, ""memory_selection_mode"": ""orb_locomotion"", ""memory_selection_target"": null, ""memory_selection_anchor_type"": """", ""memory_selection_reason"": ""move=1.0541:Walk"", ""source_anchor_frame_id"": null, ""source_anchor_locked"": false, ""protected_anchor_ids"": """", ""loop_closure_detected"": false, ""turn_result"": """", ""policy_mode"": ""LocomotionPolicy"", ""allow_memory_query"": false, ""allow_hard_retrieve"": false, ""allow_soft_reuse"": false, ""query_result"": """", ""candidate_count"": 0, ""best_candidate_frame_id"": null, ""best_candidate_score"": 0.0, ""best_candidate_pose_distance"": 0.0, ""best_candidate_yaw_delta"": 0.0, ""best_candidate_frame_gap"": 0, ""best_candidate_first_visit"": 0.0, ""best_candidate_visit_age"": 0.0, ""best_candidate_cluster_id"": -1, ""best_candidate_first_visit_frame_id"": null, ""target_window_ids"": """", ""retrieved_window_ids"": """", ""window_rank_reason"": """", ""trajectory_motion_state"": ""Progressing"", ""trajectory_direction"": ""forward"", ""trajectory_frames"": 2, ""trajectory_distance"": 2.0540925565309003, ""trajectory_should_progress"": true, ""trajectory_confidence"": 1.0, ""revisit_gate_allow_retrieve"": false, ""revisit_gate_allow_soft_reuse"": false, ""revisit_gate_force_progress"": false, ""revisit_gate_protect_current"": false, ""revisit_gate_reason"": ""locomotion_only_orb_dominant"", ""selection_is_hard_retrieve"": false, ""selection_is_soft_reuse"": false, ""selection_is_progress"": false, ""action_mode"": ""Locomotion Only"", ""action_mode_confidence"": 1.0, ""action_mode_reason"": ""move=1.0541:Walk"", ""scheduler_path"": ""Locomotion Only->orb_locomotion"", ""turn_state"": ""PostTurnStabilization"", ""turn_confidence"": 1.0, ""turn_duration"": 1, ""turn_direction"": ""right"", ""turn_reason"": ""mouse_stopped_after_turn"", ""window_layout_type"": ""orb_locomotion"", ""window_reason"": ""PostTurnStabilization:orb_locomotion"", ""frame_index"": 36, ""pose_x"": 0.33962595063834333, ""pose_z"": 1.3541262110542172, ""pose_yaw"": 1.862645149230957e-09, ""pose_pitch"": 0.0, ""delta_x"": -0.33333334140479565, ""delta_z"": 1.0000000006208818, ""local_delta_x"": -0.3333333432674408, ""local_delta_z"": 1.0, ""delta_yaw"": 0.0, ""delta_pitch"": 0.0, ""movement_magnitude"": 1.0540925565309005, ""rotation_magnitude"": 0.0, ""pose_confidence"": 1.0, ""reference_override_used"": false, ""retrieved_reference_active"": false, ""retrieved_reference_ids"": """"}"
Experiment001,39,1785826333.7405844,37,30,33,0.9575453102588654,depth,225280,0.9575453102588654,physmem_keep,28 29 30 34 35 36 37 38 39,stableworld_tri_9,9,1,6,63.954321667551994,,,,,0.9575453102588654,,,,Walk,1.2472191421996568,0.6143881929919153,,KEEP,0.7027970552444458,,,,depth,0.9575453102588654,0.9575453102588654,"{""frame_id"": 39, ""current_frame_id"": 37, ""similarity"": 0.9575453102588654, ""similarity_type"": ""depth"", ""matching_points"": 225280, ""confidence"": 0.9575453102588654, ""decision"": ""physmem_keep"", ""memory_state"": [28, 29, 30, 34, 35, 36, 37, 38, 39], ""memory_id"": ""stableworld_tri_9"", ""memory_size"": 9, ""replace_count"": 1, ""keep_count"": 6, ""runtime"": 63.954321667551994, ""pose_event"": """", ""use_pose_memory"": true, ""view_intent"": ""None"", ""move_intent"": ""Walk"", ""has_view_motion"": false, ""has_move_motion"": true, ""action_explanation"": ""locomotion"", ""pose_delta_position"": 1.0540925565309005, ""view_state"": ""Novel View"", ""view_confidence"": 0.5, ""view_pose_distance"": 1.0540925565309003, ""view_yaw_delta"": 0.0, ""nearest_view_frame_id"": 34, ""memory_selection_mode"": ""orb_locomotion"", ""memory_selection_target"": null, ""memory_selection_anchor_type"": """", ""memory_selection_reason"": ""move=1.0541:Walk"", ""source_anchor_frame_id"": null, ""source_anchor_locked"": false, ""protected_anchor_ids"": """", ""loop_closure_detected"": false, ""turn_result"": """", ""policy_mode"": ""LocomotionPolicy"", ""allow_memory_query"": false, ""allow_hard_retrieve"": false, ""allow_soft_reuse"": false, ""query_result"": """", ""candidate_count"": 0, ""best_candidate_frame_id"": null, ""best_candidate_score"": 0.0, ""best_candidate_pose_distance"": 0.0, ""best_candidate_yaw_delta"": 0.0, ""best_candidate_frame_gap"": 0, ""best_candidate_first_visit"": 0.0, ""best_candidate_visit_age"": 0.0, ""best_candidate_cluster_id"": -1, ""best_candidate_first_visit_frame_id"": null, ""target_window_ids"": """", ""retrieved_window_ids"": """", ""window_rank_reason"": """", ""trajectory_motion_state"": ""Progressing"", ""trajectory_direction"": ""forward"", ""trajectory_frames"": 3, ""trajectory_distance"": 3.1081851130618006, ""trajectory_should_progress"": true, ""trajectory_confidence"": 1.0, ""revisit_gate_allow_retrieve"": false, ""revisit_gate_allow_soft_reuse"": false, ""revisit_gate_force_progress"": false, ""revisit_gate_protect_current"": false, ""revisit_gate_reason"": ""locomotion_only_orb_dominant"", ""selection_is_hard_retrieve"": false, ""selection_is_soft_reuse"": false, ""selection_is_progress"": false, ""action_mode"": ""Locomotion Only"", ""action_mode_confidence"": 1.0, ""action_mode_reason"": ""move=1.0541:Walk"", ""scheduler_path"": ""Locomotion Only->orb_locomotion"", ""turn_state"": ""PostTurnStabilization"", ""turn_confidence"": 0.5, ""turn_duration"": 2, ""turn_direction"": ""right"", ""turn_reason"": ""mouse_stopped_after_turn"", ""window_layout_type"": ""orb_locomotion"", ""window_reason"": ""PostTurnStabilization:orb_locomotion"", ""frame_index"": 39, ""pose_x"": 0.006292609233547686, ""pose_z"": 2.3541262116750987, ""pose_yaw"": 1.862645149230957e-09, ""pose_pitch"": 0.0, ""delta_x"": -0.33333334140479565, ""delta_z"": 1.0000000006208818, ""local_delta_x"": -0.3333333432674408, ""local_delta_z"": 1.0, ""delta_yaw"": 0.0, ""delta_pitch"": 0.0, ""movement_magnitude"": 1.0540925565309005, ""rotation_magnitude"": 0.0, ""pose_confidence"": 1.0, ""reference_override_used"": false, ""retrieved_reference_active"": false, ""retrieved_reference_ids"": """"}"
Experiment001,42,1785826334.8270564,40,30,36,0.9826202243566513,depth,225280,0.9826202243566513,physmem_insert,28 30 35 36 37 38 39 40 41,stableworld_tri_9,9,1,7,70.51193714141846,,,,,0.9826202243566513,,,,Viewpoint Locomotion,1.201850436175566,0.6126965847195476,,INSERT,0.633669376373291,,,,depth,0.9826202243566513,0.9826202243566513,"{""frame_id"": 42, ""current_frame_id"": 40, ""similarity"": 0.9826202243566513, ""similarity_type"": ""depth"", ""matching_points"": 225280, ""confidence"": 0.9826202243566513, ""decision"": ""physmem_insert"", ""memory_state"": [28, 30, 35, 36, 37, 38, 39, 40, 41], ""memory_id"": ""stableworld_tri_9"", ""memory_size"": 9, ""replace_count"": 1, ""keep_count"": 7, ""runtime"": 70.51193714141846, ""pose_event"": """", ""use_pose_memory"": true, ""view_intent"": ""Turn Left"", ""move_intent"": ""Walk"", ""has_view_motion"": true, ""has_move_motion"": true, ""action_explanation"": ""viewpoint_locomotion"", ""pose_delta_position"": 1.2018504361755662, ""view_state"": ""Novel View"", ""view_confidence"": 0.5, ""view_pose_distance"": 1.2018504361755662, ""view_yaw_delta"": 0.0400390625, ""nearest_view_frame_id"": 37, ""memory_selection_mode"": ""protect_current"", ""memory_selection_target"": null, ""memory_selection_anchor_type"": """", ""memory_selection_reason"": ""move=1.2019:view=0.0400:Viewpoint Locomotion"", ""source_anchor_frame_id"": 30, ""source_anchor_locked"": true, ""protected_anchor_ids"": ""30"", ""loop_closure_detected"": false, ""turn_result"": ""TurnStart"", ""policy_mode"": ""TurnStartPolicy"", ""allow_memory_query"": false, ""allow_hard_retrieve"": false, ""allow_soft_reuse"": false, ""query_result"": """", ""candidate_count"": 0, ""best_candidate_frame_id"": null, ""best_candidate_score"": 0.0, ""best_candidate_pose_distance"": 0.0, ""best_candidate_yaw_delta"": 0.0, ""best_candidate_frame_gap"": 0, ""best_candidate_first_visit"": 0.0, ""best_candidate_visit_age"": 0.0, ""best_candidate_cluster_id"": -1, ""best_candidate_first_visit_frame_id"": null, ""target_window_ids"": """", ""retrieved_window_ids"": """", ""window_rank_reason"": """", ""trajectory_motion_state"": ""Progressing"", ""trajectory_direction"": ""forward"", ""trajectory_frames"": 4, ""trajectory_distance"": 4.310035549237367, ""trajectory_should_progress"": true, ""trajectory_confidence"": 1.0, ""revisit_gate_allow_retrieve"": false, ""revisit_gate_allow_soft_reuse"": false, ""revisit_gate_force_progress"": true, ""revisit_gate_protect_current"": false, ""revisit_gate_reason"": ""hybrid_forward_progress"", ""selection_is_hard_retrieve"": false, ""selection_is_soft_reuse"": false, ""selection_is_progress"": false, ""action_mode"": ""Viewpoint Locomotion"", ""action_mode_confidence"": 1.0, ""action_mode_reason"": ""move=1.2019:view=0.0400:Viewpoint Locomotion"", ""scheduler_path"": ""Viewpoint Locomotion->protect_current"", ""turn_state"": ""TurnStart"", ""turn_confidence"": 0.50048828125, ""turn_duration"": 1, ""turn_direction"": ""left"", ""turn_reason"": ""rotation=0.0400"", ""window_layout_type"": ""protect_current"", ""window_reason"": ""TurnStart:protect_current"", ""frame_index"": 42, ""pose_x"": 0.652807514202795, ""pose_z"": 3.3672712894344508, ""pose_yaw"": -0.04003906063735485, ""pose_pitch"": 0.0, ""delta_x"": 0.6465149049692474, ""delta_z"": 1.013145077759352, ""local_delta_x"": 0.6666666865348816, ""local_delta_z"": 1.0, ""delta_yaw"": -0.0400390625, ""delta_pitch"": 0.0, ""movement_magnitude"": 1.2018504361755662, ""rotation_magnitude"": 0.0400390625, ""pose_confidence"": 1.0, ""reference_override_used"": false, ""retrieved_reference_active"": false, ""retrieved_reference_ids"": """"}"
Experiment001,45,1785826336.0092688,42,35,38,0.9829274769872427,depth,225280,0.9829274769872427,physmem_insert,30 36 37 38 39 40 41 42 43,stableworld_tri_9,9,1,7,165.58228386566043,,,,,0.9829274769872427,,,,Viewpoint Locomotion,1.0,0.6223785085250793,,INSERT,0.6957752108573914,,,,depth,0.9829274769872427,0.9829274769872427,"{""frame_id"": 45, ""current_frame_id"": 42, ""similarity"": 0.9829274769872427, ""similarity_type"": ""depth"", ""matching_points"": 225280, ""confidence"": 0.9829274769872427, ""decision"": ""physmem_insert"", ""memory_state"": [30, 36, 37, 38, 39, 40, 41, 42, 43], ""memory_id"": ""stableworld_tri_9"", ""memory_size"": 9, ""replace_count"": 1, ""keep_count"": 7, ""runtime"": 165.58228386566043, ""pose_event"": """", ""use_pose_memory"": true, ""view_intent"": ""Turn Right"", ""move_intent"": ""Walk"", ""has_view_motion"": true, ""has_move_motion"": true, ""action_explanation"": ""viewpoint_locomotion"", ""pose_delta_position"": 1.0, ""view_state"": ""Novel View"", ""view_confidence"": 0.5, ""view_pose_distance"": 1.0000000000000002, ""view_yaw_delta"": 0.0400390625, ""nearest_view_frame_id"": 40, ""key_anchor_frame_id"": 42, ""key_anchor_type"": ""forward_anchor"", ""key_anchor_reason"": ""hybrid_forward_progress"", ""memory_selection_mode"": ""turn_transition"", ""memory_selection_target"": null, ""memory_selection_anchor_type"": """", ""memory_selection_reason"": ""rotation=0.0400"", ""source_anchor_frame_id"": 30, ""source_anchor_locked"": true, ""protected_anchor_ids"": ""30"", ""loop_closure_detected"": false, ""turn_result"": ""UnstableTransition"", ""policy_mode"": ""ViewTransitionPolicy"", ""allow_memory_query"": false, ""allow_hard_retrieve"": false, ""allow_soft_reuse"": false, ""query_result"": """", ""candidate_count"": 0, ""best_candidate_frame_id"": null, ""best_candidate_score"": 0.0, ""best_candidate_pose_distance"": 0.0, ""best_candidate_yaw_delta"": 0.0, ""best_candidate_frame_gap"": 0, ""best_candidate_first_visit"": 0.0, ""best_candidate_visit_age"": 0.0, ""best_candidate_cluster_id"": -1, ""best_candidate_first_visit_frame_id"": null, ""target_window_ids"": """", ""retrieved_window_ids"": """", ""window_rank_reason"": """", ""trajectory_motion_state"": ""Progressing"", ""trajectory_direction"": ""forward"", ""trajectory_frames"": 5, ""trajectory_distance"": 5.310035549237367, ""trajectory_should_progress"": true, ""trajectory_confidence"": 1.0, ""revisit_gate_allow_retrieve"": false, ""revisit_gate_allow_soft_reuse"": false, ""revisit_gate_force_progress"": true, ""revisit_gate_protect_current"": false, ""revisit_gate_reason"": ""hybrid_forward_progress"", ""selection_is_hard_retrieve"": false, ""selection_is_soft_reuse"": false, ""selection_is_progress"": false, ""action_mode"": ""Viewpoint Locomotion"", ""action_mode_confidence"": 1.0, ""action_mode_reason"": ""move=1.0000:view=0.0400:Viewpoint Locomotion"", ""scheduler_path"": ""Viewpoint Locomotion->turn_transition"", ""turn_state"": ""TurnInProgress"", ""turn_confidence"": 0.50048828125, ""turn_duration"": 2, ""turn_direction"": ""right"", ""turn_reason"": ""rotation=0.0400"", ""window_layout_type"": ""turn_transition"", ""window_reason"": ""TurnInProgress:turn_transition"", ""frame_index"": 45, ""pose_x"": 0.6327893220316694, ""pose_z"": 4.36707090534866, ""pose_yaw"": 1.862645149230957e-09, ""pose_pitch"": 0.0, ""delta_x"": -0.020018192171125698, ""delta_z"": 0.9997996159142091, ""local_delta_x"": 0.0, ""local_delta_z"": 1.0, ""delta_yaw"": 0.0400390625, ""delta_pitch"": 0.0, ""movement_magnitude"": 1.0, ""rotation_magnitude"": 0.0400390625, ""pose_confidence"": 1.0, ""reference_override_used"": false, ""retrieved_reference_active"": false, ""retrieved_reference_ids"": """"}"
Experiment001,48,1785826337.1553473,44,37,40,0.9814611691981554,depth,225280,0.9814611691981554,physmem_keep,30 36 37 41 42 43 44 45 46,stableworld_tri_9,9,1,6,109.21903885900974,,,,,0.9814611691981554,,,,Walk,1.0,0.6294905473199819,,KEEP,0.7040851712226868,,,,depth,0.9814611691981554,0.9814611691981554,"{""frame_id"": 48, ""current_frame_id"": 44, ""similarity"": 0.9814611691981554, ""similarity_type"": ""depth"", ""matching_points"": 225280, ""confidence"": 0.9814611691981554, ""decision"": ""physmem_keep"", ""memory_state"": [30, 36, 37, 41, 42, 43, 44, 45, 46], ""memory_id"": ""stableworld_tri_9"", ""memory_size"": 9, ""replace_count"": 1, ""keep_count"": 6, ""runtime"": 109.21903885900974, ""pose_event"": """", ""use_pose_memory"": true, ""view_intent"": ""None"", ""move_intent"": ""Walk"", ""has_view_motion"": false, ""has_move_motion"": true, ""action_explanation"": ""locomotion"", ""pose_delta_position"": 1.0, ""view_state"": ""Novel View"", ""view_confidence"": 0.5, ""view_pose_distance"": 1.0, ""view_yaw_delta"": 0.0, ""nearest_view_frame_id"": 42, ""memory_selection_mode"": ""orb_locomotion"", ""memory_selection_target"": null, ""memory_selection_anchor_type"": """", ""memory_selection_reason"": ""move=1.0000:Walk"", ""source_anchor_frame_id"": null, ""source_anchor_locked"": false, ""protected_anchor_ids"": """", ""loop_closure_detected"": false, ""turn_result"": """", ""policy_mode"": ""LocomotionPolicy"", ""allow_memory_query"": false, ""allow_hard_retrieve"": false, ""allow_soft_reuse"": false, ""query_result"": """", ""candidate_count"": 0, ""best_candidate_frame_id"": null, ""best_candidate_score"": 0.0, ""best_candidate_pose_distance"": 0.0, ""best_candidate_yaw_delta"": 0.0, ""best_candidate_frame_gap"": 0, ""best_candidate_first_visit"": 0.0, ""best_candidate_visit_age"": 0.0, ""best_candidate_cluster_id"": -1, ""best_candidate_first_visit_frame_id"": null, ""target_window_ids"": """", ""retrieved_window_ids"": """", ""window_rank_reason"": """", ""trajectory_motion_state"": ""Progressing"", ""trajectory_direction"": ""forward"", ""trajectory_frames"": 6, ""trajectory_distance"": 6.310035549237367, ""trajectory_should_progress"": true, ""trajectory_confidence"": 1.0, ""revisit_gate_allow_retrieve"": false, ""revisit_gate_allow_soft_reuse"": false, ""revisit_gate_force_progress"": false, ""revisit_gate_protect_current"": false, ""revisit_gate_reason"": ""locomotion_only_orb_dominant"", ""selection_is_hard_retrieve"": false, ""selection_is_soft_reuse"": false, ""selection_is_progress"": false, ""action_mode"": ""Locomotion Only"", ""action_mode_confidence"": 1.0, ""action_mode_reason"": ""move=1.0000:Walk"", ""scheduler_path"": ""Locomotion Only->orb_locomotion"", ""turn_state"": ""PostTurnStabilization"", ""turn_confidence"": 1.0, ""turn_duration"": 1, ""turn_direction"": ""right"", ""turn_reason"": ""mouse_stopped_after_turn"", ""window_layout_type"": ""orb_locomotion"", ""window_reason"": ""PostTurnStabilization:orb_locomotion"", ""frame_index"": 48, ""pose_x"": 0.6327893238943145, ""pose_z"": 5.36707090534866, ""pose_yaw"": 1.862645149230957e-09, ""pose_pitch"": 0.0, ""delta_x"": 1.862645149230957e-09, ""delta_z"": 1.0, ""local_delta_x"": 0.0, ""local_delta_z"": 1.0, ""delta_yaw"": 0.0, ""delta_pitch"": 0.0, ""movement_magnitude"": 1.0, ""rotation_magnitude"": 0.0, ""pose_confidence"": 1.0, ""reference_override_used"": false, ""retrieved_reference_active"": false, ""retrieved_reference_ids"": """"}"
Experiment001,51,1785826338.2975671,47,37,43,0.9845077451318502,depth,225280,0.9845077451318502,physmem_insert,41 42 43 44 45 46 47 48 49,stableworld_tri_9,9,1,6,145.92912001535296,,,,,0.9845077451318502,,,,Walk,1.4142135623730951,0.5773692510854666,,INSERT,0.6774506568908691,,,,depth,0.9845077451318502,0.9845077451318502,"{""frame_id"": 51, ""current_frame_id"": 47, ""similarity"": 0.9845077451318502, ""similarity_type"": ""depth"", ""matching_points"": 225280, ""confidence"": 0.9845077451318502, ""decision"": ""physmem_insert"", ""memory_state"": [41, 42, 43, 44, 45, 46, 47, 48, 49], ""memory_id"": ""stableworld_tri_9"", ""memory_size"": 9, ""replace_count"": 1, ""keep_count"": 6, ""runtime"": 145.92912001535296, ""pose_event"": """", ""use_pose_memory"": true, ""view_intent"": ""None"", ""move_intent"": ""Walk"", ""has_view_motion"": false, ""has_move_motion"": true, ""action_explanation"": ""locomotion"", ""pose_delta_position"": 1.4142135623730951, ""view_state"": ""Novel View"", ""view_confidence"": 0.5, ""view_pose_distance"": 1.4142135623730951, ""view_yaw_delta"": 0.0, ""nearest_view_frame_id"": 44, ""memory_selection_mode"": ""orb_locomotion"", ""memory_selection_target"": null, ""memory_selection_anchor_type"": """", ""memory_selection_reason"": ""move=1.4142:Walk"", ""source_anchor_frame_id"": null, ""source_anchor_locked"": false, ""protected_anchor_ids"": """", ""loop_closure_detected"": false, ""turn_result"": """", ""policy_mode"": ""LocomotionPolicy"", ""allow_memory_query"": false, ""allow_hard_retrieve"": false, ""allow_soft_reuse"": false, ""query_result"": """", ""candidate_count"": 0, ""best_candidate_frame_id"": null, ""best_candidate_score"": 0.0, ""best_candidate_pose_distance"": 0.0, ""best_candidate_yaw_delta"": 0.0, ""best_candidate_frame_gap"": 0, ""best_candidate_first_visit"": 0.0, ""best_candidate_visit_age"": 0.0, ""best_candidate_cluster_id"": -1, ""best_candidate_first_visit_frame_id"": null, ""target_window_ids"": """", ""retrieved_window_ids"": """", ""window_rank_reason"": """", ""trajectory_motion_state"": ""Progressing"", ""trajectory_direction"": ""forward"", ""trajectory_frames"": 7, ""trajectory_distance"": 7.724249111610462, ""trajectory_should_progress"": true, ""trajectory_confidence"": 1.0, ""revisit_gate_allow_retrieve"": false, ""revisit_gate_allow_soft_reuse"": false, ""revisit_gate_force_progress"": false, ""revisit_gate_protect_current"": false, ""revisit_gate_reason"": ""locomotion_only_orb_dominant"", ""selection_is_hard_retrieve"": false, ""selection_is_soft_reuse"": false, ""selection_is_progress"": false, ""action_mode"": ""Locomotion Only"", ""action_mode_confidence"": 1.0, ""action_mode_reason"": ""move=1.4142:Walk"", ""scheduler_path"": ""Locomotion Only->orb_locomotion"", ""turn_state"": ""PostTurnStabilization"", ""turn_confidence"": 0.5, ""turn_duration"": 2, ""turn_direction"": ""right"", ""turn_reason"": ""mouse_stopped_after_turn"", ""window_layout_type"": ""orb_locomotion"", ""window_reason"": ""PostTurnStabilization:orb_locomotion"", ""frame_index"": 51, ""pose_x"": -0.3672106742430403, ""pose_z"": 6.367070907211305, ""pose_yaw"": 1.862645149230957e-09, ""pose_pitch"": 0.0, ""delta_x"": -0.9999999981373549, ""delta_z"": 1.0000000018626451, ""local_delta_x"": -1.0, ""local_delta_z"": 1.0, ""delta_yaw"": 0.0, ""delta_pitch"": 0.0, ""movement_magnitude"": 1.4142135623730951, ""rotation_magnitude"": 0.0, ""pose_confidence"": 1.0, ""reference_override_used"": false, ""retrieved_reference_active"": false, ""retrieved_reference_ids"": """"}"
Experiment001,54,1785826339.4223728,50,43,46,0.9715860337018967,depth,225280,0.9715860337018967,physmem_insert,44 45 46 47 48 49 50 51 52,stableworld_tri_9,9,1,6,120.81917375326157,,,,,0.9715860337018967,,,,Walk,1.4142135623730951,0.5754063461154924,,INSERT,0.6339001655578613,,,,depth,0.9715860337018967,0.9715860337018967,"{""frame_id"": 54, ""current_frame_id"": 50, ""similarity"": 0.9715860337018967, ""similarity_type"": ""depth"", ""matching_points"": 225280, ""confidence"": 0.9715860337018967, ""decision"": ""physmem_insert"", ""memory_state"": [44, 45, 46, 47, 48, 49, 50, 51, 52], ""memory_id"": ""stableworld_tri_9"", ""memory_size"": 9, ""replace_count"": 1, ""keep_count"": 6, ""runtime"": 120.81917375326157, ""pose_event"": """", ""use_pose_memory"": true, ""view_intent"": ""None"", ""move_intent"": ""Walk"", ""has_view_motion"": false, ""has_move_motion"": true, ""action_explanation"": ""locomotion"", ""pose_delta_position"": 1.4142135623730951, ""view_state"": ""Novel View"", ""view_confidence"": 0.5, ""view_pose_distance"": 1.4142135623730951, ""view_yaw_delta"": 0.0, ""nearest_view_frame_id"": 47, ""memory_selection_mode"": ""orb_locomotion"", ""memory_selection_target"": null, ""memory_selection_anchor_type"": """", ""memory_selection_reason"": ""move=1.4142:Walk"", ""source_anchor_frame_id"": null, ""source_anchor_locked"": false, ""protected_anchor_ids"": """", ""loop_closure_detected"": false, ""turn_result"": """", ""policy_mode"": ""LocomotionPolicy"", ""allow_memory_query"": false, ""allow_hard_retrieve"": false, ""allow_soft_reuse"": false, ""query_result"": """", ""candidate_count"": 0, ""best_candidate_frame_id"": null, ""best_candidate_score"": 0.0, ""best_candidate_pose_distance"": 0.0, ""best_candidate_yaw_delta"": 0.0, ""best_candidate_frame_gap"": 0, ""best_candidate_first_visit"": 0.0, ""best_candidate_visit_age"": 0.0, ""best_candidate_cluster_id"": -1, ""best_candidate_first_visit_frame_id"": null, ""target_window_ids"": """", ""retrieved_window_ids"": """", ""window_rank_reason"": """", ""trajectory_motion_state"": ""Progressing"", ""trajectory_direction"": ""forward"", ""trajectory_frames"": 8, ""trajectory_distance"": 9.138462673983557, ""trajectory_should_progress"": true, ""trajectory_confidence"": 1.0, ""revisit_gate_allow_retrieve"": false, ""revisit_gate_allow_soft_reuse"": false, ""revisit_gate_force_progress"": false, ""revisit_gate_protect_current"": false, ""revisit_gate_reason"": ""locomotion_only_orb_dominant"", ""selection_is_hard_retrieve"": false, ""selection_is_soft_reuse"": false, ""selection_is_progress"": false, ""action_mode"": ""Locomotion Only"", ""action_mode_confidence"": 1.0, ""action_mode_reason"": ""move=1.4142:Walk"", ""scheduler_path"": ""Locomotion Only->orb_locomotion"", ""turn_state"": ""StableNewView"", ""turn_confidence"": 1.0, ""turn_duration"": 0, ""turn_direction"": ""right"", ""turn_reason"": ""stable"", ""window_layout_type"": ""orb_locomotion"", ""window_reason"": ""StableNewView:orb_locomotion"", ""frame_index"": 54, ""pose_x"": 0.6327893276196048, ""pose_z"": 7.36707090534866, ""pose_yaw"": 1.862645149230957e-09, ""pose_pitch"": 0.0, ""delta_x"": 1.0000000018626451, ""delta_z"": 0.9999999981373549, ""local_delta_x"": 1.0, ""local_delta_z"": 1.0, ""delta_yaw"": 0.0, ""delta_pitch"": 0.0, ""movement_magnitude"": 1.4142135623730951, ""rotation_magnitude"": 0.0, ""pose_confidence"": 1.0, ""reference_override_used"": false, ""retrieved_reference_active"": false, ""retrieved_reference_ids"": """"}"
Experiment001,57,1785826340.4994955,53,46,49,0.9733508210629225,depth,225280,0.9733508210629225,physmem_insert,47 48 49 50 51 52 53 54 55,stableworld_tri_9,9,1,6,67.97027215361595,,,,,0.9733508210629225,,,,Left,0.7453560147132695,0.5618471296312118,,INSERT,0.5705576539039612,,,,depth,0.9733508210629225,0.9733508210629225,"{""frame_id"": 57, ""current_frame_id"": 53, ""similarity"": 0.9733508210629225, ""similarity_type"": ""depth"", ""matching_points"": 225280, ""confidence"": 0.9733508210629225, ""decision"": ""physmem_insert"", ""memory_state"": [47, 48, 49, 50, 51, 52, 53, 54, 55], ""memory_id"": ""stableworld_tri_9"", ""memory_size"": 9, ""replace_count"": 1, ""keep_count"": 6, ""runtime"": 67.97027215361595, ""pose_event"": """", ""use_pose_memory"": true, ""view_intent"": ""None"", ""move_intent"": ""Left"", ""has_view_motion"": false, ""has_move_motion"": true, ""action_explanation"": ""lateral_motion"", ""pose_delta_position"": 0.3333333432674408, ""view_state"": ""Known View"", ""view_confidence"": 0.8039215627838583, ""view_pose_distance"": 0.3333333432674408, ""view_yaw_delta"": 0.0, ""nearest_view_frame_id"": 50, ""memory_selection_mode"": ""orb_locomotion"", ""memory_selection_target"": null, ""memory_selection_anchor_type"": """", ""memory_selection_reason"": ""move=0.3333:Left"", ""source_anchor_frame_id"": null, ""source_anchor_locked"": false, ""protected_anchor_ids"": """", ""loop_closure_detected"": false, ""turn_result"": """", ""policy_mode"": ""LocomotionPolicy"", ""allow_memory_query"": false, ""allow_hard_retrieve"": false, ""allow_soft_reuse"": false, ""query_result"": """", ""candidate_count"": 0, ""best_candidate_frame_id"": null, ""best_candidate_score"": 0.0, ""best_candidate_pose_distance"": 0.0, ""best_candidate_yaw_delta"": 0.0, ""best_candidate_frame_gap"": 0, ""best_candidate_first_visit"": 0.0, ""best_candidate_visit_age"": 0.0, ""best_candidate_cluster_id"": -1, ""best_candidate_first_visit_frame_id"": null, ""target_window_ids"": """", ""retrieved_window_ids"": """", ""window_rank_reason"": """", ""trajectory_motion_state"": ""Starting"", ""trajectory_direction"": ""left"", ""trajectory_frames"": 1, ""trajectory_distance"": 0.3333333432674408, ""trajectory_should_progress"": false, ""trajectory_confidence"": 0.75, ""revisit_gate_allow_retrieve"": false, ""revisit_gate_allow_soft_reuse"": false, ""revisit_gate_force_progress"": false, ""revisit_gate_protect_current"": false, ""revisit_gate_reason"": ""locomotion_only_orb_dominant"", ""selection_is_hard_retrieve"": false, ""selection_is_soft_reuse"": false, ""selection_is_progress"": false, ""action_mode"": ""Locomotion Only"", ""action_mode_confidence"": 0.3333333432674408, ""action_mode_reason"": ""move=0.3333:Left"", ""scheduler_path"": ""Locomotion Only->orb_locomotion"", ""turn_state"": ""StableNewView"", ""turn_confidence"": 1.0, ""turn_duration"": 0, ""turn_direction"": ""right"", ""turn_reason"": ""stable"", ""window_layout_type"": ""orb_locomotion"", ""window_reason"": ""StableNewView:orb_locomotion"", ""frame_index"": 57, ""pose_x"": 0.29945598435216403, ""pose_z"": 7.367070905969542, ""pose_yaw"": 1.862645149230957e-09, ""pose_pitch"": 0.0, ""delta_x"": -0.3333333432674408, ""delta_z"": 6.208817349140361e-10, ""local_delta_x"": -0.3333333432674408, ""local_delta_z"": 0.0, ""delta_yaw"": 0.0, ""delta_pitch"": 0.0, ""movement_magnitude"": 0.3333333432674408, ""rotation_magnitude"": 0.0, ""pose_confidence"": 1.0, ""reference_override_used"": false, ""retrieved_reference_active"": false, ""retrieved_reference_ids"": """"}"
Experiment001,60,1785826341.6618085,56,49,52,0.9652863517403603,depth,225280,0.9652863517403603,physmem_keep,47 48 49 53 54 55 56 57 58,stableworld_tri_9,9,1,6,144.5675641298294,,,,,0.9652863517403603,,,,Viewpoint Locomotion,0.3333333432674408,0.5946857175094296,,KEEP,0.6726115942001343,,,,depth,0.9652863517403603,0.9652863517403603,"{""frame_id"": 60, ""current_frame_id"": 56, ""similarity"": 0.9652863517403603, ""similarity_type"": ""depth"", ""matching_points"": 225280, ""confidence"": 0.9652863517403603, ""decision"": ""physmem_keep"", ""memory_state"": [47, 48, 49, 53, 54, 55, 56, 57, 58], ""memory_id"": ""stableworld_tri_9"", ""memory_size"": 9, ""replace_count"": 1, ""keep_count"": 6, ""runtime"": 144.5675641298294, ""pose_event"": """", ""use_pose_memory"": true, ""view_intent"": ""Turn Left"", ""move_intent"": ""Right"", ""has_view_motion"": true, ""has_move_motion"": true, ""action_explanation"": ""viewpoint_locomotion"", ""pose_delta_position"": 0.3333333432674408, ""view_state"": ""Known View"", ""view_confidence"": 0.8551556252072205, ""view_pose_distance"": 0.019962293690683336, ""view_yaw_delta"": 0.1197916641831398, ""nearest_view_frame_id"": 50, ""memory_selection_mode"": ""protect_current"", ""memory_selection_target"": null, ""memory_selection_anchor_type"": """", ""memory_selection_reason"": ""move=0.3333:view=0.1198:Viewpoint Locomotion"", ""source_anchor_frame_id"": 49, ""source_anchor_locked"": true, ""protected_anchor_ids"": ""49"", ""loop_closure_detected"": false, ""turn_result"": ""TurnStart"", ""policy_mode"": ""TurnStartPolicy"", ""allow_memory_query"": false, ""allow_hard_retrieve"": false, ""allow_soft_reuse"": false, ""query_result"": """", ""candidate_count"": 0, ""best_candidate_frame_id"": null, ""best_candidate_score"": 0.0, ""best_candidate_pose_distance"": 0.0, ""best_candidate_yaw_delta"": 0.0, ""best_candidate_frame_gap"": 0, ""best_candidate_first_visit"": 0.0, ""best_candidate_visit_age"": 0.0, ""best_candidate_cluster_id"": -1, ""best_candidate_first_visit_frame_id"": null, ""target_window_ids"": """", ""retrieved_window_ids"": """", ""window_rank_reason"": """", ""trajectory_motion_state"": ""Starting"", ""trajectory_direction"": ""right"", ""trajectory_frames"": 1, ""trajectory_distance"": 0.3333333432674408, ""trajectory_should_progress"": false, ""trajectory_confidence"": 0.75, ""revisit_gate_allow_retrieve"": false, ""revisit_gate_allow_soft_reuse"": false, ""revisit_gate_force_progress"": false, ""revisit_gate_protect_current"": false, ""revisit_gate_reason"": ""known_view_blocked_by_motion:0.3333"", ""selection_is_hard_retrieve"": false, ""selection_is_soft_reuse"": false, ""selection_is_progress"": false, ""action_mode"": ""Viewpoint Locomotion"", ""action_mode_confidence"": 0.3333333432674408, ""action_mode_reason"": ""move=0.3333:view=0.1198:Viewpoint Locomotion"", ""scheduler_path"": ""Viewpoint Locomotion->protect_current"", ""turn_state"": ""TurnStart"", ""turn_confidence"": 1.0, ""turn_duration"": 1, ""turn_direction"": ""left"", ""turn_reason"": ""rotation=0.1198"", ""window_layout_type"": ""protect_current"", ""window_reason"": ""TurnStart:protect_current"", ""frame_index"": 60, ""pose_x"": 0.6321915879204952, ""pose_z"": 7.387024247841716, ""pose_yaw"": -0.11979166232049465, ""pose_pitch"": 0.0, ""delta_x"": 0.3327356035683312, ""delta_z"": 0.019953341872174398, ""local_delta_x"": 0.3333333432674408, ""local_delta_z"": 0.0, ""delta_yaw"": -0.1197916641831398, ""delta_pitch"": 0.0, ""movement_magnitude"": 0.3333333432674408, ""rotation_magnitude"": 0.1197916641831398, ""pose_confidence"": 1.0, ""reference_override_used"": false, ""retrieved_reference_active"": false, ""retrieved_reference_ids"": """"}"
Experiment001,63,1785826342.8105838,59,49,55,0.9534249380230904,depth,225280,0.9534249380230904,physmem_insert,49 53 54 55 56 57 58 59 60,stableworld_tri_9,9,1,7,139.85656620934606,,,,,0.9534249380230904,,,,Turn Left,0.1796875,0.568379229669977,,INSERT,0.6549984812736511,,,,depth,0.9534249380230904,0.9534249380230904,"{""frame_id"": 63, ""current_frame_id"": 59, ""similarity"": 0.9534249380230904, ""similarity_type"": ""depth"", ""matching_points"": 225280, ""confidence"": 0.9534249380230904, ""decision"": ""physmem_insert"", ""memory_state"": [49, 53, 54, 55, 56, 57, 58, 59, 60], ""memory_id"": ""stableworld_tri_9"", ""memory_size"": 9, ""replace_count"": 1, ""keep_count"": 7, ""runtime"": 139.85656620934606, ""pose_event"": """", ""use_pose_memory"": true, ""view_intent"": ""Turn Left"", ""move_intent"": ""None"", ""has_view_motion"": true, ""has_move_motion"": false, ""action_explanation"": ""viewpoint_change"", ""pose_delta_position"": 0.0, ""view_state"": ""View Transition"", ""view_confidence"": 0.5989583333333334, ""view_pose_distance"": 0.0, ""view_yaw_delta"": 0.1796875, ""nearest_view_frame_id"": 56, ""memory_selection_mode"": ""turn_transition"", ""memory_selection_target"": null, ""memory_selection_anchor_type"": """", ""memory_selection_reason"": ""rotation=0.1797"", ""source_anchor_frame_id"": 49, ""source_anchor_locked"": true, ""protected_anchor_ids"": ""49"", ""loop_closure_detected"": false, ""turn_result"": ""UnstableTransition"", ""policy_mode"": ""ViewTransitionPolicy"", ""allow_memory_query"": false, ""allow_hard_retrieve"": false, ""allow_soft_reuse"": false, ""query_result"": """", ""candidate_count"": 0, ""best_candidate_frame_id"": null, ""best_candidate_score"": 0.0, ""best_candidate_pose_distance"": 0.0, ""best_candidate_yaw_delta"": 0.0, ""best_candidate_frame_gap"": 0, ""best_candidate_first_visit"": 0.0, ""best_candidate_visit_age"": 0.0, ""best_candidate_cluster_id"": -1, ""best_candidate_first_visit_frame_id"": null, ""target_window_ids"": """", ""retrieved_window_ids"": """", ""window_rank_reason"": """", ""trajectory_motion_state"": ""Idle"", ""trajectory_direction"": ""none"", ""trajectory_frames"": 0, ""trajectory_distance"": 0.0, ""trajectory_should_progress"": false, ""trajectory_confidence"": 0.0, ""revisit_gate_allow_retrieve"": false, ""revisit_gate_allow_soft_reuse"": false, ""revisit_gate_force_progress"": false, ""revisit_gate_protect_current"": true, ""revisit_gate_reason"": ""view_transition"", ""selection_is_hard_retrieve"": false, ""selection_is_soft_reuse"": false, ""selection_is_progress"": false, ""action_mode"": ""View Rotation Only"", ""action_mode_confidence"": 0.998263888888889, ""action_mode_reason"": ""view=0.1797:Turn Left"", ""scheduler_path"": ""View Rotation Only->turn_transition"", ""turn_state"": ""TurnInProgress"", ""turn_confidence"": 1.0, ""turn_duration"": 2, ""turn_direction"": ""left"", ""turn_reason"": ""rotation=0.1797"", ""window_layout_type"": ""turn_transition"", ""window_reason"": ""TurnInProgress:turn_transition"", ""frame_index"": 63, ""pose_x"": 0.6321915879204952, ""pose_z"": 7.387024247841716, ""pose_yaw"": -0.29947916232049465, ""pose_pitch"": 0.0, ""delta_x"": 0.0, ""delta_z"": 0.0, ""local_delta_x"": 0.0, ""local_delta_z"": 0.0, ""delta_yaw"": -0.1796875, ""delta_pitch"": 0.0, ""movement_magnitude"": 0.0, ""rotation_magnitude"": 0.1796875, ""pose_confidence"": 1.0, ""reference_override_used"": false, ""retrieved_reference_active"": false, ""retrieved_reference_ids"": """"}"
Experiment001,66,1785826343.9326053,61,54,57,0.9764670003205538,depth,225280,0.9764670003205538,physmem_keep,49 53 54 58 59 60 61 62 63,stableworld_tri_9,9,1,6,102.05882368609309,,,,,0.9764670003205538,,,,Viewpoint Locomotion,0.6666666865348816,0.6371840019324366,,KEEP,0.7421078085899353,,,,depth,0.9764670003205538,0.9764670003205538,"{""frame_id"": 66, ""current_frame_id"": 61, ""similarity"": 0.9764670003205538, ""similarity_type"": ""depth"", ""matching_points"": 225280, ""confidence"": 0.9764670003205538, ""decision"": ""physmem_keep"", ""memory_state"": [49, 53, 54, 58, 59, 60, 61, 62, 63], ""memory_id"": ""stableworld_tri_9"", ""memory_size"": 9, ""replace_count"": 1, ""keep_count"": 6, ""runtime"": 102.05882368609309, ""pose_event"": """", ""use_pose_memory"": true, ""view_intent"": ""Turn Right"", ""move_intent"": ""Left"", ""has_view_motion"": true, ""has_move_motion"": true, ""action_explanation"": ""viewpoint_locomotion"", ""pose_delta_position"": 0.6666666865348816, ""view_state"": ""Revisit"", ""view_confidence"": 0.4259897595402765, ""view_pose_distance"": 0.3476225062076498, ""view_yaw_delta"": 0.2395833320915699, ""nearest_view_frame_id"": 53, ""memory_selection_mode"": ""turn_transition"", ""memory_selection_target"": null, ""memory_selection_anchor_type"": """", ""memory_selection_reason"": ""rotation=0.0599"", ""source_anchor_frame_id"": 49, ""source_anchor_locked"": true, ""protected_anchor_ids"": ""49"", ""loop_closure_detected"": false, ""turn_result"": ""UnstableTransition"", ""policy_mode"": ""ViewTransitionPolicy"", ""allow_memory_query"": false, ""allow_hard_retrieve"": false, ""allow_soft_reuse"": false, ""query_result"": """", ""candidate_count"": 0, ""best_candidate_frame_id"": null, ""best_candidate_score"": 0.0, ""best_candidate_pose_distance"": 0.0, ""best_candidate_yaw_delta"": 0.0, ""best_candidate_frame_gap"": 0, ""best_candidate_first_visit"": 0.0, ""best_candidate_visit_age"": 0.0, ""best_candidate_cluster_id"": -1, ""best_candidate_first_visit_frame_id"": null, ""target_window_ids"": """", ""retrieved_window_ids"": """", ""window_rank_reason"": """", ""trajectory_motion_state"": ""Starting"", ""trajectory_direction"": ""left"", ""trajectory_frames"": 1, ""trajectory_distance"": 0.6666666865348816, ""trajectory_should_progress"": false, ""trajectory_confidence"": 0.75, ""revisit_gate_allow_retrieve"": false, ""revisit_gate_allow_soft_reuse"": false, ""revisit_gate_force_progress"": false, ""revisit_gate_protect_current"": false, ""revisit_gate_reason"": ""revisit_blocked_by_motion:0.6667"", ""selection_is_hard_retrieve"": false, ""selection_is_soft_reuse"": false, ""selection_is_progress"": false, ""action_mode"": ""Viewpoint Locomotion"", ""action_mode_confidence"": 0.6666666865348816, ""action_mode_reason"": ""move=0.6667:view=0.0599:Viewpoint Locomotion"", ""scheduler_path"": ""Viewpoint Locomotion->turn_transition"", ""turn_state"": ""TurnInProgress"", ""turn_confidence"": 0.7486979011446238, ""turn_duration"": 3, ""turn_direction"": ""right"", ""turn_reason"": ""rotation=0.0599"", ""window_layout_type"": ""turn_transition"", ""window_reason"": ""TurnInProgress:turn_transition"", ""frame_index"": 66, ""pose_x"": -0.010405645784525741, ""pose_z"": 7.209504485082601, ""pose_yaw"": -0.23958333022892475, ""pose_pitch"": 0.0, ""delta_x"": -0.642597233705021, ""delta_z"": -0.17751976275911557, ""local_delta_x"": -0.6666666865348816, ""local_delta_z"": 0.0, ""delta_yaw"": 0.0598958320915699, ""delta_pitch"": 0.0, ""movement_magnitude"": 0.6666666865348816, ""rotation_magnitude"": 0.0598958320915699, ""pose_confidence"": 1.0, ""reference_override_used"": false, ""retrieved_reference_active"": false, ""retrieved_reference_ids"": """"}"
Experiment001,69,1785826345.0953703,64,54,60,0.9692567829042673,depth,225280,0.9692567829042673,physmem_keep,49 53 54 61 62 63 64 65 66,stableworld_tri_9,9,1,6,139.44198470562696,,,,,0.9692567829042673,,,,Viewpoint Locomotion,0.7453560147132695,0.603565045753899,,KEEP,0.72151118516922,,,,depth,0.9692567829042673,0.9692567829042673,"{""frame_id"": 69, ""current_frame_id"": 64, ""similarity"": 0.9692567829042673, ""similarity_type"": ""depth"", ""matching_points"": 225280, ""confidence"": 0.9692567829042673, ""decision"": ""physmem_keep"", ""memory_state"": [49, 53, 54, 61, 62, 63, 64, 65, 66], ""memory_id"": ""stableworld_tri_9"", ""memory_size"": 9, ""replace_count"": 1, ""keep_count"": 6, ""runtime"": 139.44198470562696, ""pose_event"": """", ""use_pose_memory"": true, ""view_intent"": ""Turn Left"", ""move_intent"": ""Right"", ""has_view_motion"": true, ""has_move_motion"": true, ""action_explanation"": ""viewpoint_locomotion"", ""pose_delta_position"": 0.3333333432674408, ""view_state"": ""Revisit"", ""view_confidence"": 0.5256722305105771, ""view_pose_distance"": 0.0697505881274062, ""view_yaw_delta"": 0.2994791641831398, ""nearest_view_frame_id"": 53, ""memory_selection_mode"": ""turn_transition"", ""memory_selection_target"": null, ""memory_selection_anchor_type"": """", ""memory_selection_reason"": ""rotation=0.0599"", ""source_anchor_frame_id"": 49, ""source_anchor_locked"": true, ""protected_anchor_ids"": ""49"", ""loop_closure_detected"": false, ""turn_result"": ""UnstableTransition"", ""policy_mode"": ""ViewTransitionPolicy"", ""allow_memory_query"": false, ""allow_hard_retrieve"": false, ""allow_soft_reuse"": false, ""query_result"": """", ""candidate_count"": 0, ""best_candidate_frame_id"": null, ""best_candidate_score"": 0.0, ""best_candidate_pose_distance"": 0.0, ""best_candidate_yaw_delta"": 0.0, ""best_candidate_frame_gap"": 0, ""best_candidate_first_visit"": 0.0, ""best_candidate_visit_age"": 0.0, ""best_candidate_cluster_id"": -1, ""best_candidate_first_visit_frame_id"": null, ""target_window_ids"": """", ""retrieved_window_ids"": """", ""window_rank_reason"": """", ""trajectory_motion_state"": ""Starting"", ""trajectory_direction"": ""right"", ""trajectory_frames"": 1, ""trajectory_distance"": 0.3333333432674408, ""trajectory_should_progress"": false, ""trajectory_confidence"": 0.75, ""revisit_gate_allow_retrieve"": false, ""revisit_gate_allow_soft_reuse"": false, ""revisit_gate_force_progress"": false, ""revisit_gate_protect_current"": false, ""revisit_gate_reason"": ""revisit_blocked_by_motion:0.3333"", ""selection_is_hard_retrieve"": false, ""selection_is_soft_reuse"": false, ""selection_is_progress"": false, ""action_mode"": ""Viewpoint Locomotion"", ""action_mode_confidence"": 0.3333333432674408, ""action_mode_reason"": ""move=0.3333:view=0.0599:Viewpoint Locomotion"", ""scheduler_path"": ""Viewpoint Locomotion->turn_transition"", ""turn_state"": ""TurnInProgress"", ""turn_confidence"": 0.7486979011446238, ""turn_duration"": 4, ""turn_direction"": ""left"", ""turn_reason"": ""rotation=0.0599"", ""window_layout_type"": ""turn_transition"", ""window_reason"": ""TurnInProgress:turn_transition"", ""frame_index"": 69, ""pose_x"": 0.31089297106798475, ""pose_z"": 7.298264366462158, ""pose_yaw"": -0.29947916232049465, ""pose_pitch"": 0.0, ""delta_x"": 0.3212986168525105, ""delta_z"": 0.08875988137955779, ""local_delta_x"": 0.3333333432674408, ""local_delta_z"": 0.0, ""delta_yaw"": -0.0598958320915699, ""delta_pitch"": 0.0, ""movement_magnitude"": 0.3333333432674408, ""rotation_magnitude"": 0.0598958320915699, ""pose_confidence"": 1.0, ""reference_override_used"": false, ""retrieved_reference_active"": false, ""retrieved_reference_ids"": """"}"
Experiment001,72,1785826346.2729676,67,54,63,0.881710909307003,depth,225280,0.881710909307003,physmem_insert,49 61 62 63 64 65 66 67 68,stableworld_tri_9,9,1,7,137.6024312339723,,,,,0.881710909307003,,,,Viewpoint Locomotion,0.7453560147132695,0.47367105805003074,,INSERT,0.6123856902122498,,,,depth,0.881710909307003,0.881710909307003,"{""frame_id"": 72, ""current_frame_id"": 67, ""similarity"": 0.881710909307003, ""similarity_type"": ""depth"", ""matching_points"": 225280, ""confidence"": 0.881710909307003, ""decision"": ""physmem_insert"", ""memory_state"": [49, 61, 62, 63, 64, 65, 66, 67, 68], ""memory_id"": ""stableworld_tri_9"", ""memory_size"": 9, ""replace_count"": 1, ""keep_count"": 7, ""runtime"": 137.6024312339723, ""pose_event"": """", ""use_pose_memory"": true, ""view_intent"": ""Turn Left"", ""move_intent"": ""Right"", ""has_view_motion"": true, ""has_move_motion"": true, ""action_explanation"": ""viewpoint_locomotion"", ""pose_delta_position"": 0.3333333432674408, ""view_state"": ""Revisit"", ""view_confidence"": 0.6444299012182546, ""view_pose_distance"": 0.01996229369068248, ""view_yaw_delta"": 0.2395833320915699, ""nearest_view_frame_id"": 56, ""memory_selection_mode"": ""turn_transition"", ""memory_selection_target"": null, ""memory_selection_anchor_type"": """", ""memory_selection_reason"": ""rotation=0.0599"", ""source_anchor_frame_id"": 49, ""source_anchor_locked"": true, ""protected_anchor_ids"": ""49"", ""loop_closure_detected"": false, ""turn_result"": ""UnstableTransition"", ""policy_mode"": ""ViewTransitionPolicy"", ""allow_memory_query"": false, ""allow_hard_retrieve"": false, ""allow_soft_reuse"": false, ""query_result"": """", ""candidate_count"": 0, ""best_candidate_frame_id"": null, ""best_candidate_score"": 0.0, ""best_candidate_pose_distance"": 0.0, ""best_candidate_yaw_delta"": 0.0, ""best_candidate_frame_gap"": 0, ""best_candidate_first_visit"": 0.0, ""best_candidate_visit_age"": 0.0, ""best_candidate_cluster_id"": -1, ""best_candidate_first_visit_frame_id"": null, ""target_window_ids"": """", ""retrieved_window_ids"": """", ""window_rank_reason"": """", ""trajectory_motion_state"": ""Progressing"", ""trajectory_direction"": ""right"", ""trajectory_frames"": 2, ""trajectory_distance"": 0.6666666865348816, ""trajectory_should_progress"": true, ""trajectory_confidence"": 1.0, ""revisit_gate_allow_retrieve"": false, ""revisit_gate_allow_soft_reuse"": false, ""revisit_gate_force_progress"": true, ""revisit_gate_protect_current"": false, ""revisit_gate_reason"": ""hybrid_right_progress"", ""selection_is_hard_retrieve"": false, ""selection_is_soft_reuse"": false, ""selection_is_progress"": false, ""action_mode"": ""Viewpoint Locomotion"", ""action_mode_confidence"": 0.3333333432674408, ""action_mode_reason"": ""move=0.3333:view=0.0599:Viewpoint Locomotion"", ""scheduler_path"": ""Viewpoint Locomotion->turn_transition"", ""turn_state"": ""TurnInProgress"", ""turn_confidence"": 0.7486979011446238, ""turn_duration"": 5, ""turn_direction"": ""left"", ""turn_reason"": ""rotation=0.0599"", ""window_layout_type"": ""turn_transition"", ""window_reason"": ""TurnInProgress:turn_transition"", ""frame_index"": 72, ""pose_x"": 0.6263022603063699, ""pose_z"": 7.4060980253817466, ""pose_yaw"": -0.35937499441206455, ""pose_pitch"": 0.0, ""delta_x"": 0.3154092892383852, ""delta_z"": 0.10783365891958879, ""local_delta_x"": 0.3333333432674408, ""local_delta_z"": 0.0, ""delta_yaw"": -0.0598958320915699, ""delta_pitch"": 0.0, ""movement_magnitude"": 0.3333333432674408, ""rotation_magnitude"": 0.0598958320915699, ""pose_confidence"": 1.0, ""reference_override_used"": false, ""retrieved_reference_active"": false, ""retrieved_reference_ids"": """"}"
Experiment001,75,1785826347.357292,69,62,65,0.9279965981841087,depth,225280,0.9279965981841087,physmem_keep,49 61 62 66 67 68 69 70 71,stableworld_tri_9,9,1,6,88.27893389388919,,,,,0.9279965981841087,,,,Turn Right,0.1796875,0.5953633059049471,,KEEP,0.671839714050293,,,,depth,0.9279965981841087,0.9279965981841087,"{""frame_id"": 75, ""current_frame_id"": 69, ""similarity"": 0.9279965981841087, ""similarity_type"": ""depth"", ""matching_points"": 225280, ""confidence"": 0.9279965981841087, ""decision"": ""physmem_keep"", ""memory_state"": [49, 61, 62, 66, 67, 68, 69, 70, 71], ""memory_id"": ""stableworld_tri_9"", ""memory_size"": 9, ""replace_count"": 1, ""keep_count"": 6, ""runtime"": 88.27893389388919, ""pose_event"": """", ""use_pose_memory"": true, ""view_intent"": ""Turn Right"", ""move_intent"": ""None"", ""has_view_motion"": true, ""has_move_motion"": false, ""action_explanation"": ""viewpoint_change"", ""pose_delta_position"": 0.0, ""view_state"": ""View Transition"", ""view_confidence"": 0.5989583333333334, ""view_pose_distance"": 0.0, ""view_yaw_delta"": 0.1796875, ""nearest_view_frame_id"": 67, ""memory_selection_mode"": ""turn_transition"", ""memory_selection_target"": null, ""memory_selection_anchor_type"": """", ""memory_selection_reason"": ""rotation=0.1797"", ""source_anchor_frame_id"": 49, ""source_anchor_locked"": true, ""protected_anchor_ids"": ""49"", ""loop_closure_detected"": false, ""turn_result"": ""UnstableTransition"", ""policy_mode"": ""ViewTransitionPolicy"", ""allow_memory_query"": false, ""allow_hard_retrieve"": false, ""allow_soft_reuse"": false, ""query_result"": """", ""candidate_count"": 0, ""best_candidate_frame_id"": null, ""best_candidate_score"": 0.0, ""best_candidate_pose_distance"": 0.0, ""best_candidate_yaw_delta"": 0.0, ""best_candidate_frame_gap"": 0, ""best_candidate_first_visit"": 0.0, ""best_candidate_visit_age"": 0.0, ""best_candidate_cluster_id"": -1, ""best_candidate_first_visit_frame_id"": null, ""target_window_ids"": """", ""retrieved_window_ids"": """", ""window_rank_reason"": """", ""trajectory_motion_state"": ""Idle"", ""trajectory_direction"": ""none"", ""trajectory_frames"": 0, ""trajectory_distance"": 0.0, ""trajectory_should_progress"": false, ""trajectory_confidence"": 0.0, ""revisit_gate_allow_retrieve"": false, ""revisit_gate_allow_soft_reuse"": false, ""revisit_gate_force_progress"": false, ""revisit_gate_protect_current"": true, ""revisit_gate_reason"": ""view_transition"", ""selection_is_hard_retrieve"": false, ""selection_is_soft_reuse"": false, ""selection_is_progress"": false, ""action_mode"": ""View Rotation Only"", ""action_mode_confidence"": 0.998263888888889, ""action_mode_reason"": ""view=0.1797:Turn Right"", ""scheduler_path"": ""View Rotation Only->turn_transition"", ""turn_state"": ""TurnInProgress"", ""turn_confidence"": 1.0, ""turn_duration"": 6, ""turn_direction"": ""right"", ""turn_reason"": ""rotation=0.1797"", ""window_layout_type"": ""turn_transition"", ""window_reason"": ""TurnInProgress:turn_transition"", ""frame_index"": 75, ""pose_x"": 0.6263022603063699, ""pose_z"": 7.4060980253817466, ""pose_yaw"": -0.17968749441206455, ""pose_pitch"": 0.0, ""delta_x"": 0.0, ""delta_z"": 0.0, ""local_delta_x"": 0.0, ""local_delta_z"": 0.0, ""delta_yaw"": 0.1796875, ""delta_pitch"": 0.0, ""movement_magnitude"": 0.0, ""rotation_magnitude"": 0.1796875, ""pose_confidence"": 1.0, ""reference_override_used"": false, ""retrieved_reference_active"": false, ""retrieved_reference_ids"": """"}"
Experiment001,78,1785826348.4157996,72,62,68,0.9302130937576294,depth,225280,0.9302130937576294,physmem_insert,49 66 67 68 69 70 71 72 73,stableworld_tri_9,9,1,7,132.1286242455244,,,,,0.9302130937576294,,,,Turn Right,0.1796875,0.5316752182913276,,INSERT,0.5706688761711121,,,,depth,0.9302130937576294,0.9302130937576294,"{""frame_id"": 78, ""current_frame_id"": 72, ""similarity"": 0.9302130937576294, ""similarity_type"": ""depth"", ""matching_points"": 225280, ""confidence"": 0.9302130937576294, ""decision"": ""physmem_insert"", ""memory_state"": [49, 66, 67, 68, 69, 70, 71, 72, 73], ""memory_id"": ""stableworld_tri_9"", ""memory_size"": 9, ""replace_count"": 1, ""keep_count"": 7, ""runtime"": 132.1286242455244, ""pose_event"": """", ""use_pose_memory"": true, ""view_intent"": ""Turn Right"", ""move_intent"": ""None"", ""has_view_motion"": true, ""has_move_motion"": false, ""action_explanation"": ""viewpoint_change"", ""pose_delta_position"": 0.0, ""view_state"": ""View Transition"", ""view_confidence"": 0.5989583333333334, ""view_pose_distance"": 0.0, ""view_yaw_delta"": 0.359375, ""nearest_view_frame_id"": 67, ""memory_selection_mode"": ""turn_transition"", ""memory_selection_target"": null, ""memory_selection_anchor_type"": """", ""memory_selection_reason"": ""rotation=0.1797"", ""source_anchor_frame_id"": 49, ""source_anchor_locked"": true, ""protected_anchor_ids"": ""49"", ""loop_closure_detected"": false, ""turn_result"": ""UnstableTransition"", ""policy_mode"": ""ViewTransitionPolicy"", ""allow_memory_query"": false, ""allow_hard_retrieve"": false, ""allow_soft_reuse"": false, ""query_result"": """", ""candidate_count"": 0, ""best_candidate_frame_id"": null, ""best_candidate_score"": 0.0, ""best_candidate_pose_distance"": 0.0, ""best_candidate_yaw_delta"": 0.0, ""best_candidate_frame_gap"": 0, ""best_candidate_first_visit"": 0.0, ""best_candidate_visit_age"": 0.0, ""best_candidate_cluster_id"": -1, ""best_candidate_first_visit_frame_id"": null, ""target_window_ids"": """", ""retrieved_window_ids"": """", ""window_rank_reason"": """", ""trajectory_motion_state"": ""Idle"", ""trajectory_direction"": ""none"", ""trajectory_frames"": 0, ""trajectory_distance"": 0.0, ""trajectory_should_progress"": false, ""trajectory_confidence"": 0.0, ""revisit_gate_allow_retrieve"": false, ""revisit_gate_allow_soft_reuse"": false, ""revisit_gate_force_progress"": false, ""revisit_gate_protect_current"": true, ""revisit_gate_reason"": ""view_transition"", ""selection_is_hard_retrieve"": false, ""selection_is_soft_reuse"": false, ""selection_is_progress"": false, ""action_mode"": ""View Rotation Only"", ""action_mode_confidence"": 0.998263888888889, ""action_mode_reason"": ""view=0.1797:Turn Right"", ""scheduler_path"": ""View Rotation Only->turn_transition"", ""turn_state"": ""TurnInProgress"", ""turn_confidence"": 1.0, ""turn_duration"": 7, ""turn_direction"": ""right"", ""turn_reason"": ""rotation=0.1797"", ""window_layout_type"": ""turn_transition"", ""window_reason"": ""TurnInProgress:turn_transition"", ""frame_index"": 78, ""pose_x"": 0.6263022603063699, ""pose_z"": 7.4060980253817466, ""pose_yaw"": 5.587935447692871e-09, ""pose_pitch"": 0.0, ""delta_x"": 0.0, ""delta_z"": 0.0, ""local_delta_x"": 0.0, ""local_delta_z"": 0.0, ""delta_yaw"": 0.1796875, ""delta_pitch"": 0.0, ""movement_magnitude"": 0.0, ""rotation_magnitude"": 0.1796875, ""pose_confidence"": 1.0, ""reference_override_used"": false, ""retrieved_reference_active"": false, ""retrieved_reference_ids"": """"}"
Experiment001,81,1785826349.5271387,74,67,70,0.9400343373417854,depth,225280,0.9400343373417854,physmem_keep,49 66 67 71 72 73 74 75 76,stableworld_tri_9,9,1,6,160.46927636489272,,,,,0.9400343373417854,,,,Viewpoint Locomotion,0.7453560147132695,0.5970561343721779,,KEEP,0.6600658297538757,,,,depth,0.9400343373417854,0.9400343373417854,"{""frame_id"": 81, ""current_frame_id"": 74, ""similarity"": 0.9400343373417854, ""similarity_type"": ""depth"", ""matching_points"": 225280, ""confidence"": 0.9400343373417854, ""decision"": ""physmem_keep"", ""memory_state"": [49, 66, 67, 71, 72, 73, 74, 75, 76], ""memory_id"": ""stableworld_tri_9"", ""memory_size"": 9, ""replace_count"": 1, ""keep_count"": 6, ""runtime"": 160.46927636489272, ""pose_event"": """", ""use_pose_memory"": true, ""view_intent"": ""Turn Left"", ""move_intent"": ""Backward"", ""has_view_motion"": true, ""has_move_motion"": true, ""action_explanation"": ""viewpoint_locomotion"", ""pose_delta_position"": 0.33333334326744085, ""view_state"": ""Revisit"", ""view_confidence"": 0.7466416865158421, ""view_pose_distance"": 0.29423948713757336, ""view_yaw_delta"": 0.0400390587747097, ""nearest_view_frame_id"": 50, ""memory_selection_mode"": ""turn_transition"", ""memory_selection_target"": null, ""memory_selection_anchor_type"": """", ""memory_selection_reason"": ""rotation=0.0400"", ""source_anchor_frame_id"": 49, ""source_anchor_locked"": true, ""protected_anchor_ids"": ""49"", ""loop_closure_detected"": false, ""turn_result"": ""UnstableTransition"", ""policy_mode"": ""ViewTransitionPolicy"", ""allow_memory_query"": false, ""allow_hard_retrieve"": false, ""allow_soft_reuse"": false, ""query_result"": """", ""candidate_count"": 0, ""best_candidate_frame_id"": null, ""best_candidate_score"": 0.0, ""best_candidate_pose_distance"": 0.0, ""best_candidate_yaw_delta"": 0.0, ""best_candidate_frame_gap"": 0, ""best_candidate_first_visit"": 0.0, ""best_candidate_visit_age"": 0.0, ""best_candidate_cluster_id"": -1, ""best_candidate_first_visit_frame_id"": null, ""target_window_ids"": """", ""retrieved_window_ids"": """", ""window_rank_reason"": """", ""trajectory_motion_state"": ""Starting"", ""trajectory_direction"": ""backward"", ""trajectory_frames"": 1, ""trajectory_distance"": 0.3333333432674408, ""trajectory_should_progress"": false, ""trajectory_confidence"": 0.75, ""revisit_gate_allow_retrieve"": false, ""revisit_gate_allow_soft_reuse"": false, ""revisit_gate_force_progress"": false, ""revisit_gate_protect_current"": false, ""revisit_gate_reason"": ""revisit_blocked_by_motion:0.3333"", ""selection_is_hard_retrieve"": false, ""selection_is_soft_reuse"": false, ""selection_is_progress"": false, ""action_mode"": ""Viewpoint Locomotion"", ""action_mode_confidence"": 0.33333334326744085, ""action_mode_reason"": ""move=0.3333:view=0.0400:Viewpoint Locomotion"", ""scheduler_path"": ""Viewpoint Locomotion->turn_transition"", ""turn_state"": ""TurnInProgress"", ""turn_confidence"": 0.50048828125, ""turn_duration"": 8, ""turn_direction"": ""left"", ""turn_reason"": ""rotation=0.0400"", ""window_layout_type"": ""turn_transition"", ""window_reason"": ""TurnInProgress:turn_transition"", ""frame_index"": 81, ""pose_x"": 0.6329749899874267, ""pose_z"": 7.072831476786702, ""pose_yaw"": -0.04003905691206455, ""pose_pitch"": 0.0, ""delta_x"": 0.006672729681056797, ""delta_z"": -0.3332665485950444, ""local_delta_x"": 0.0, ""local_delta_z"": -0.3333333432674408, ""delta_yaw"": -0.0400390625, ""delta_pitch"": 0.0, ""movement_magnitude"": 0.33333334326744085, ""rotation_magnitude"": 0.0400390625, ""pose_confidence"": 1.0, ""reference_override_used"": false, ""retrieved_reference_active"": false, ""retrieved_reference_ids"": """"}"
Experiment001,84,1785826350.7086668,77,67,73,0.9100171402096748,depth,225280,0.9100171402096748,physmem_insert,49 71 72 73 74 75 76 77 78,stableworld_tri_9,9,1,7,150.73786675930023,,,,,0.9100171402096748,,,,Viewpoint Locomotion,1.0,0.5032417367824087,,INSERT,0.5146129131317139,,,,depth,0.9100171402096748,0.9100171402096748,"{""frame_id"": 84, ""current_frame_id"": 77, ""similarity"": 0.9100171402096748, ""similarity_type"": ""depth"", ""matching_points"": 225280, ""confidence"": 0.9100171402096748, ""decision"": ""physmem_insert"", ""memory_state"": [49, 71, 72, 73, 74, 75, 76, 77, 78], ""memory_id"": ""stableworld_tri_9"", ""memory_size"": 9, ""replace_count"": 1, ""keep_count"": 7, ""runtime"": 150.73786675930023, ""pose_event"": """", ""use_pose_memory"": true, ""view_intent"": ""Turn Right"", ""move_intent"": ""Walk"", ""has_view_motion"": true, ""has_move_motion"": true, ""action_explanation"": ""viewpoint_locomotion"", ""pose_delta_position"": 1.0, ""view_state"": ""Known View"", ""view_confidence"": 0.20853758754293916, ""view_pose_distance"": 0.666666656732559, ""view_yaw_delta"": 0.359375, ""nearest_view_frame_id"": 67, ""memory_selection_mode"": ""turn_transition"", ""memory_selection_target"": null, ""memory_selection_anchor_type"": """", ""memory_selection_reason"": ""rotation=0.0400"", ""source_anchor_frame_id"": 49, ""source_anchor_locked"": true, ""protected_anchor_ids"": ""49"", ""loop_closure_detected"": false, ""turn_result"": ""UnstableTransition"", ""policy_mode"": ""ViewTransitionPolicy"", ""allow_memory_query"": false, ""allow_hard_retrieve"": false, ""allow_soft_reuse"": false, ""query_result"": """", ""candidate_count"": 0, ""best_candidate_frame_id"": null, ""best_candidate_score"": 0.0, ""best_candidate_pose_distance"": 0.0, ""best_candidate_yaw_delta"": 0.0, ""best_candidate_frame_gap"": 0, ""best_candidate_first_visit"": 0.0, ""best_candidate_visit_age"": 0.0, ""best_candidate_cluster_id"": -1, ""best_candidate_first_visit_frame_id"": null, ""target_window_ids"": """", ""retrieved_window_ids"": """", ""window_rank_reason"": """", ""trajectory_motion_state"": ""Starting"", ""trajectory_direction"": ""forward"", ""trajectory_frames"": 1, ""trajectory_distance"": 1.0, ""trajectory_should_progress"": false, ""trajectory_confidence"": 0.75, ""revisit_gate_allow_retrieve"": false, ""revisit_gate_allow_soft_reuse"": false, ""revisit_gate_force_progress"": false, ""revisit_gate_protect_current"": false, ""revisit_gate_reason"": ""known_view_blocked_by_motion:1.0000"", ""selection_is_hard_retrieve"": false, ""selection_is_soft_reuse"": false, ""selection_is_progress"": false, ""action_mode"": ""Viewpoint Locomotion"", ""action_mode_confidence"": 1.0, ""action_mode_reason"": ""move=1.0000:view=0.0400:Viewpoint Locomotion"", ""scheduler_path"": ""Viewpoint Locomotion->turn_transition"", ""turn_state"": ""TurnInProgress"", ""turn_confidence"": 0.50048828125, ""turn_duration"": 9, ""turn_direction"": ""right"", ""turn_reason"": ""rotation=0.0400"", ""window_layout_type"": ""turn_transition"", ""window_reason"": ""TurnInProgress:turn_transition"", ""frame_index"": 84, ""pose_x"": 0.6129568015408449, ""pose_z"": 8.072631092775485, ""pose_yaw"": 5.587935447692871e-09, ""pose_pitch"": 0.0, ""delta_x"": -0.020018188446581885, ""delta_z"": 0.9997996159887826, ""local_delta_x"": 0.0, ""local_delta_z"": 1.0, ""delta_yaw"": 0.0400390625, ""delta_pitch"": 0.0, ""movement_magnitude"": 1.0, ""rotation_magnitude"": 0.0400390625, ""pose_confidence"": 1.0, ""reference_override_used"": false, ""retrieved_reference_active"": false, ""retrieved_reference_ids"": """"}"
Experiment001,87,1785826351.927922,79,72,75,0.9574101306498051,depth,225280,0.9574101306498051,physmem_keep,49 71 72 76 77 78 79 80 81,stableworld_tri_9,9,1,6,163.68550015613437,,,,,0.9574101306498051,,,,Walk,1.201850436175566,0.5716189162665023,,KEEP,0.6103144884109497,,,,depth,0.9574101306498051,0.9574101306498051,"{""frame_id"": 87, ""current_frame_id"": 79, ""similarity"": 0.9574101306498051, ""similarity_type"": ""depth"", ""matching_points"": 225280, ""confidence"": 0.9574101306498051, ""decision"": ""physmem_keep"", ""memory_state"": [49, 71, 72, 76, 77, 78, 79, 80, 81], ""memory_id"": ""stableworld_tri_9"", ""memory_size"": 9, ""replace_count"": 1, ""keep_count"": 6, ""runtime"": 163.68550015613437, ""pose_event"": """", ""use_pose_memory"": true, ""view_intent"": ""None"", ""move_intent"": ""Walk"", ""has_view_motion"": false, ""has_move_motion"": true, ""action_explanation"": ""locomotion"", ""pose_delta_position"": 1.2018504361755658, ""view_state"": ""Novel View"", ""view_confidence"": 0.5, ""view_pose_distance"": 1.2018504361755658, ""view_yaw_delta"": 0.0, ""nearest_view_frame_id"": 77, ""memory_selection_mode"": ""orb_locomotion"", ""memory_selection_target"": null, ""memory_selection_anchor_type"": """", ""memory_selection_reason"": ""move=1.2019:Walk"", ""source_anchor_frame_id"": null, ""source_anchor_locked"": false, ""protected_anchor_ids"": """", ""loop_closure_detected"": false, ""turn_result"": """", ""policy_mode"": ""LocomotionPolicy"", ""allow_memory_query"": false, ""allow_hard_retrieve"": false, ""allow_soft_reuse"": false, ""query_result"": """", ""candidate_count"": 0, ""best_candidate_frame_id"": null, ""best_candidate_score"": 0.0, ""best_candidate_pose_distance"": 0.0, ""best_candidate_yaw_delta"": 0.0, ""best_candidate_frame_gap"": 0, ""best_candidate_first_visit"": 0.0, ""best_candidate_visit_age"": 0.0, ""best_candidate_cluster_id"": -1, ""best_candidate_first_visit_frame_id"": null, ""target_window_ids"": """", ""retrieved_window_ids"": """", ""window_rank_reason"": """", ""trajectory_motion_state"": ""Progressing"", ""trajectory_direction"": ""forward"", ""trajectory_frames"": 2, ""trajectory_distance"": 2.201850436175566, ""trajectory_should_progress"": true, ""trajectory_confidence"": 1.0, ""revisit_gate_allow_retrieve"": false, ""revisit_gate_allow_soft_reuse"": false, ""revisit_gate_force_progress"": false, ""revisit_gate_protect_current"": false, ""revisit_gate_reason"": ""locomotion_only_orb_dominant"", ""selection_is_hard_retrieve"": false, ""selection_is_soft_reuse"": false, ""selection_is_progress"": false, ""action_mode"": ""Locomotion Only"", ""action_mode_confidence"": 1.0, ""action_mode_reason"": ""move=1.2019:Walk"", ""scheduler_path"": ""Locomotion Only->orb_locomotion"", ""turn_state"": ""PostTurnStabilization"", ""turn_confidence"": 1.0, ""turn_duration"": 1, ""turn_direction"": ""right"", ""turn_reason"": ""mouse_stopped_after_turn"", ""window_layout_type"": ""orb_locomotion"", ""window_reason"": ""PostTurnStabilization:orb_locomotion"", ""frame_index"": 87, ""pose_x"": -0.05370987940610128, ""pose_z"": 9.072631096500775, ""pose_yaw"": 5.587935447692871e-09, ""pose_pitch"": 0.0, ""delta_x"": -0.6666666809469461, ""delta_z"": 1.0000000037252903, ""local_delta_x"": -0.6666666865348816, ""local_delta_z"": 1.0, ""delta_yaw"": 0.0, ""delta_pitch"": 0.0, ""movement_magnitude"": 1.2018504361755658, ""rotation_magnitude"": 0.0, ""pose_confidence"": 1.0, ""reference_override_used"": false, ""retrieved_reference_active"": false, ""retrieved_reference_ids"": """"}"
Experiment001,90,1785826352.9992933,82,72,78,0.9483112990856171,depth,225280,0.9483112990856171,physmem_keep,49 71 72 79 80 81 82 83 84,stableworld_tri_9,9,1,6,61.99308577924967,,,,,0.9483112990856171,,,,Walk,1.2472191421996568,0.5564904225623764,,KEEP,0.5740752816200256,,,,depth,0.9483112990856171,0.9483112990856171,"{""frame_id"": 90, ""current_frame_id"": 82, ""similarity"": 0.9483112990856171, ""similarity_type"": ""depth"", ""matching_points"": 225280, ""confidence"": 0.9483112990856171, ""decision"": ""physmem_keep"", ""memory_state"": [49, 71, 72, 79, 80, 81, 82, 83, 84], ""memory_id"": ""stableworld_tri_9"", ""memory_size"": 9, ""replace_count"": 1, ""keep_count"": 6, ""runtime"": 61.99308577924967, ""pose_event"": """", ""use_pose_memory"": true, ""view_intent"": ""None"", ""move_intent"": ""Walk"", ""has_view_motion"": false, ""has_move_motion"": true, ""action_explanation"": ""locomotion"", ""pose_delta_position"": 1.0540925565309005, ""view_state"": ""Novel View"", ""view_confidence"": 0.5, ""view_pose_distance"": 1.0540925565309005, ""view_yaw_delta"": 0.0, ""nearest_view_frame_id"": 79, ""memory_selection_mode"": ""orb_locomotion"", ""memory_selection_target"": null, ""memory_selection_anchor_type"": """", ""memory_selection_reason"": ""move=1.0541:Walk"", ""source_anchor_frame_id"": null, ""source_anchor_locked"": false, ""protected_anchor_ids"": """", ""loop_closure_detected"": false, ""turn_result"": """", ""policy_mode"": ""LocomotionPolicy"", ""allow_memory_query"": false, ""allow_hard_retrieve"": false, ""allow_soft_reuse"": false, ""query_result"": """", ""candidate_count"": 0, ""best_candidate_frame_id"": null, ""best_candidate_score"": 0.0, ""best_candidate_pose_distance"": 0.0, ""best_candidate_yaw_delta"": 0.0, ""best_candidate_frame_gap"": 0, ""best_candidate_first_visit"": 0.0, ""best_candidate_visit_age"": 0.0, ""best_candidate_cluster_id"": -1, ""best_candidate_first_visit_frame_id"": null, ""target_window_ids"": """", ""retrieved_window_ids"": """", ""window_rank_reason"": """", ""trajectory_motion_state"": ""Progressing"", ""trajectory_direction"": ""forward"", ""trajectory_frames"": 3, ""trajectory_distance"": 3.2559429927064665, ""trajectory_should_progress"": true, ""trajectory_confidence"": 1.0, ""revisit_gate_allow_retrieve"": false, ""revisit_gate_allow_soft_reuse"": false, ""revisit_gate_force_progress"": false, ""revisit_gate_protect_current"": false, ""revisit_gate_reason"": ""locomotion_only_orb_dominant"", ""selection_is_hard_retrieve"": false, ""selection_is_soft_reuse"": false, ""selection_is_progress"": false, ""action_mode"": ""Locomotion Only"", ""action_mode_confidence"": 1.0, ""action_mode_reason"": ""move=1.0541:Walk"", ""scheduler_path"": ""Locomotion Only->orb_locomotion"", ""turn_state"": ""PostTurnStabilization"", ""turn_confidence"": 0.5, ""turn_duration"": 2, ""turn_direction"": ""right"", ""turn_reason"": ""mouse_stopped_after_turn"", ""window_layout_type"": ""orb_locomotion"", ""window_reason"": ""PostTurnStabilization:orb_locomotion"", ""frame_index"": 90, ""pose_x"": 0.27962346944927496, ""pose_z"": 10.07263109463813, ""pose_yaw"": 5.587935447692871e-09, ""pose_pitch"": 0.0, ""delta_x"": 0.33333334885537624, ""delta_z"": 0.9999999981373549, ""local_delta_x"": 0.3333333432674408, ""local_delta_z"": 1.0, ""delta_yaw"": 0.0, ""delta_pitch"": 0.0, ""movement_magnitude"": 1.0540925565309005, ""rotation_magnitude"": 0.0, ""pose_confidence"": 1.0, ""reference_override_used"": false, ""retrieved_reference_active"": false, ""retrieved_reference_ids"": """"}"
Experiment001,93,1785826354.1417255,85,72,81,0.9347801804542542,depth,225280,0.9347801804542542,physmem_insert,49 72 80 81 82 83 84 85 86,stableworld_tri_9,9,1,7,139.44470090791583,,,,,0.9347801804542542,,,,Viewpoint Locomotion,1.0540925565309005,0.5070559657779382,,INSERT,0.5323576331138611,,,,depth,0.9347801804542542,0.9347801804542542,"{""frame_id"": 93, ""current_frame_id"": 85, ""similarity"": 0.9347801804542542, ""similarity_type"": ""depth"", ""matching_points"": 225280, ""confidence"": 0.9347801804542542, ""decision"": ""physmem_insert"", ""memory_state"": [49, 72, 80, 81, 82, 83, 84, 85, 86], ""memory_id"": ""stableworld_tri_9"", ""memory_size"": 9, ""replace_count"": 1, ""keep_count"": 7, ""runtime"": 139.44470090791583, ""pose_event"": """", ""use_pose_memory"": true, ""view_intent"": ""Turn Left"", ""move_intent"": ""Walk"", ""has_view_motion"": true, ""has_move_motion"": true, ""action_explanation"": ""viewpoint_locomotion"", ""pose_delta_position"": 1.0540925565309005, ""view_state"": ""Novel View"", ""view_confidence"": 0.5, ""view_pose_distance"": 1.0540925565309, ""view_yaw_delta"": 0.080078125, ""nearest_view_frame_id"": 82, ""key_anchor_frame_id"": 85, ""key_anchor_type"": ""forward_anchor"", ""key_anchor_reason"": ""hybrid_forward_progress"", ""memory_selection_mode"": ""protect_current"", ""memory_selection_target"": null, ""memory_selection_anchor_type"": """", ""memory_selection_reason"": ""move=1.0541:view=0.0801:Viewpoint Locomotion"", ""source_anchor_frame_id"": 72, ""source_anchor_locked"": true, ""protected_anchor_ids"": ""72"", ""loop_closure_detected"": false, ""turn_result"": ""TurnStart"", ""policy_mode"": ""TurnStartPolicy"", ""allow_memory_query"": false, ""allow_hard_retrieve"": false, ""allow_soft_reuse"": false, ""query_result"": """", ""candidate_count"": 0, ""best_candidate_frame_id"": null, ""best_candidate_score"": 0.0, ""best_candidate_pose_distance"": 0.0, ""best_candidate_yaw_delta"": 0.0, ""best_candidate_frame_gap"": 0, ""best_candidate_first_visit"": 0.0, ""best_candidate_visit_age"": 0.0, ""best_candidate_cluster_id"": -1, ""best_candidate_first_visit_frame_id"": null, ""target_window_ids"": """", ""retrieved_window_ids"": """", ""window_rank_reason"": """", ""trajectory_motion_state"": ""Progressing"", ""trajectory_direction"": ""forward"", ""trajectory_frames"": 4, ""trajectory_distance"": 4.310035549237367, ""trajectory_should_progress"": true, ""trajectory_confidence"": 1.0, ""revisit_gate_allow_retrieve"": false, ""revisit_gate_allow_soft_reuse"": false, ""revisit_gate_force_progress"": true, ""revisit_gate_protect_current"": false, ""revisit_gate_reason"": ""hybrid_forward_progress"", ""selection_is_hard_retrieve"": false, ""selection_is_soft_reuse"": false, ""selection_is_progress"": false, ""action_mode"": ""Viewpoint Locomotion"", ""action_mode_confidence"": 1.0, ""action_mode_reason"": ""move=1.0541:view=0.0801:Viewpoint Locomotion"", ""scheduler_path"": ""Viewpoint Locomotion->protect_current"", ""turn_state"": ""TurnStart"", ""turn_confidence"": 1.0, ""turn_duration"": 1, ""turn_direction"": ""left"", ""turn_reason"": ""rotation=0.0801"", ""window_layout_type"": ""protect_current"", ""window_reason"": ""TurnStart:protect_current"", ""frame_index"": 93, ""pose_x"": 0.5726613008949158, ""pose_z"": 11.085172425683675, ""pose_yaw"": -0.08007811941206455, ""pose_pitch"": 0.0, ""delta_x"": 0.2930378314456409, ""delta_z"": 1.0125413310455458, ""local_delta_x"": 0.3333333432674408, ""local_delta_z"": 1.0, ""delta_yaw"": -0.080078125, ""delta_pitch"": 0.0, ""movement_magnitude"": 1.0540925565309005, ""rotation_magnitude"": 0.080078125, ""pose_confidence"": 1.0, ""reference_override_used"": false, ""retrieved_reference_active"": false, ""retrieved_reference_ids"": """"}"
Experiment001,96,1785826355.2652843,87,80,83,0.9671277701854706,depth,225280,0.9671277701854706,physmem_insert,72 81 82 83 84 85 86 87 88,stableworld_tri_9,9,1,7,103.63235417753458,,,,,0.9671277701854706,,,,Viewpoint Locomotion,1.0,0.6073509645802135,,INSERT,0.6121649742126465,,,,depth,0.9671277701854706,0.9671277701854706,"{""frame_id"": 96, ""current_frame_id"": 87, ""similarity"": 0.9671277701854706, ""similarity_type"": ""depth"", ""matching_points"": 225280, ""confidence"": 0.9671277701854706, ""decision"": ""physmem_insert"", ""memory_state"": [72, 81, 82, 83, 84, 85, 86, 87, 88], ""memory_id"": ""stableworld_tri_9"", ""memory_size"": 9, ""replace_count"": 1, ""keep_count"": 7, ""runtime"": 103.63235417753458, ""pose_event"": """", ""use_pose_memory"": true, ""view_intent"": ""Turn Right"", ""move_intent"": ""Walk"", ""has_view_motion"": true, ""has_move_motion"": true, ""action_explanation"": ""viewpoint_locomotion"", ""pose_delta_position"": 1.0, ""view_state"": ""Novel View"", ""view_confidence"": 0.5, ""view_pose_distance"": 0.9999999999999993, ""view_yaw_delta"": 0.080078125, ""nearest_view_frame_id"": 85, ""memory_selection_mode"": ""turn_transition"", ""memory_selection_target"": null, ""memory_selection_anchor_type"": """", ""memory_selection_reason"": ""rotation=0.0801"", ""source_anchor_frame_id"": 72, ""source_anchor_locked"": true, ""protected_anchor_ids"": ""72"", ""loop_closure_detected"": false, ""turn_result"": ""UnstableTransition"", ""policy_mode"": ""ViewTransitionPolicy"", ""allow_memory_query"": false, ""allow_hard_retrieve"": false, ""allow_soft_reuse"": false, ""query_result"": """", ""candidate_count"": 0, ""best_candidate_frame_id"": null, ""best_candidate_score"": 0.0, ""best_candidate_pose_distance"": 0.0, ""best_candidate_yaw_delta"": 0.0, ""best_candidate_frame_gap"": 0, ""best_candidate_first_visit"": 0.0, ""best_candidate_visit_age"": 0.0, ""best_candidate_cluster_id"": -1, ""best_candidate_first_visit_frame_id"": null, ""target_window_ids"": """", ""retrieved_window_ids"": """", ""window_rank_reason"": """", ""trajectory_motion_state"": ""Progressing"", ""trajectory_direction"": ""forward"", ""trajectory_frames"": 5, ""trajectory_distance"": 5.310035549237367, ""trajectory_should_progress"": true, ""trajectory_confidence"": 1.0, ""revisit_gate_allow_retrieve"": false, ""revisit_gate_allow_soft_reuse"": false, ""revisit_gate_force_progress"": true, ""revisit_gate_protect_current"": false, ""revisit_gate_reason"": ""hybrid_forward_progress"", ""selection_is_hard_retrieve"": false, ""selection_is_soft_reuse"": false, ""selection_is_progress"": false, ""action_mode"": ""Viewpoint Locomotion"", ""action_mode_confidence"": 1.0, ""action_mode_reason"": ""move=1.0000:view=0.0801:Viewpoint Locomotion"", ""scheduler_path"": ""Viewpoint Locomotion->turn_transition"", ""turn_state"": ""TurnInProgress"", ""turn_confidence"": 1.0, ""turn_duration"": 2, ""turn_direction"": ""right"", ""turn_reason"": ""rotation=0.0801"", ""window_layout_type"": ""turn_transition"", ""window_reason"": ""TurnInProgress:turn_transition"", ""frame_index"": 96, ""pose_x"": 0.5326329410680916, ""pose_z"": 12.084370969722633, ""pose_yaw"": 5.587935447692871e-09, ""pose_pitch"": 0.0, ""delta_x"": -0.040028359826824275, ""delta_z"": 0.9991985440389584, ""local_delta_x"": 0.0, ""local_delta_z"": 1.0, ""delta_yaw"": 0.080078125, ""delta_pitch"": 0.0, ""movement_magnitude"": 1.0, ""rotation_magnitude"": 0.080078125, ""pose_confidence"": 1.0, ""reference_override_used"": false, ""retrieved_reference_active"": false, ""retrieved_reference_ids"": """"}"
Experiment001,99,1785826356.3885918,89,82,85,0.950783733278513,depth,225280,0.950783733278513,physmem_keep,72 81 82 86 87 88 89 90 91,stableworld_tri_9,9,1,6,151.3964030891657,,,,,0.950783733278513,,,,Walk,1.0540925565309005,0.5443758738829008,,KEEP,0.44761404395103455,,,,depth,0.950783733278513,0.950783733278513,"{""frame_id"": 99, ""current_frame_id"": 89, ""similarity"": 0.950783733278513, ""similarity_type"": ""depth"", ""matching_points"": 225280, ""confidence"": 0.950783733278513, ""decision"": ""physmem_keep"", ""memory_state"": [72, 81, 82, 86, 87, 88, 89, 90, 91], ""memory_id"": ""stableworld_tri_9"", ""memory_size"": 9, ""replace_count"": 1, ""keep_count"": 6, ""runtime"": 151.3964030891657, ""pose_event"": """", ""use_pose_memory"": true, ""view_intent"": ""None"", ""move_intent"": ""Walk"", ""has_view_motion"": false, ""has_move_motion"": true, ""action_explanation"": ""locomotion"", ""pose_delta_position"": 1.0540925565309005, ""view_state"": ""Novel View"", ""view_confidence"": 0.5, ""view_pose_distance"": 1.0540925565309005, ""view_yaw_delta"": 0.0, ""nearest_view_frame_id"": 87, ""memory_selection_mode"": ""orb_locomotion"", ""memory_selection_target"": null, ""memory_selection_anchor_type"": """", ""memory_selection_reason"": ""move=1.0541:Walk"", ""source_anchor_frame_id"": null, ""source_anchor_locked"": false, ""protected_anchor_ids"": """", ""loop_closure_detected"": false, ""turn_result"": """", ""policy_mode"": ""LocomotionPolicy"", ""allow_memory_query"": false, ""allow_hard_retrieve"": false, ""allow_soft_reuse"": false, ""query_result"": """", ""candidate_count"": 0, ""best_candidate_frame_id"": null, ""best_candidate_score"": 0.0, ""best_candidate_pose_distance"": 0.0, ""best_candidate_yaw_delta"": 0.0, ""best_candidate_frame_gap"": 0, ""best_candidate_first_visit"": 0.0, ""best_candidate_visit_age"": 0.0, ""best_candidate_cluster_id"": -1, ""best_candidate_first_visit_frame_id"": null, ""target_window_ids"": """", ""retrieved_window_ids"": """", ""window_rank_reason"": """", ""trajectory_motion_state"": ""Progressing"", ""trajectory_direction"": ""forward"", ""trajectory_frames"": 6, ""trajectory_distance"": 6.364128105768267, ""trajectory_should_progress"": true, ""trajectory_confidence"": 1.0, ""revisit_gate_allow_retrieve"": false, ""revisit_gate_allow_soft_reuse"": false, ""revisit_gate_force_progress"": false, ""revisit_gate_protect_current"": false, ""revisit_gate_reason"": ""locomotion_only_orb_dominant"", ""selection_is_hard_retrieve"": false, ""selection_is_soft_reuse"": false, ""selection_is_progress"": false, ""action_mode"": ""Locomotion Only"", ""action_mode_confidence"": 1.0, ""action_mode_reason"": ""move=1.0541:Walk"", ""scheduler_path"": ""Locomotion Only->orb_locomotion"", ""turn_state"": ""PostTurnStabilization"", ""turn_confidence"": 1.0, ""turn_duration"": 1, ""turn_direction"": ""right"", ""turn_reason"": ""mouse_stopped_after_turn"", ""window_layout_type"": ""orb_locomotion"", ""window_reason"": ""PostTurnStabilization:orb_locomotion"", ""frame_index"": 99, ""pose_x"": 0.1992996033885862, ""pose_z"": 13.084370971585278, ""pose_yaw"": 5.587935447692871e-09, ""pose_pitch"": 0.0, ""delta_x"": -0.33333333767950535, ""delta_z"": 1.0000000018626451, ""local_delta_x"": -0.3333333432674408, ""local_delta_z"": 1.0, ""delta_yaw"": 0.0, ""delta_pitch"": 0.0, ""movement_magnitude"": 1.0540925565309005, ""rotation_magnitude"": 0.0, ""pose_confidence"": 1.0, ""reference_override_used"": false, ""retrieved_reference_active"": false, ""retrieved_reference_ids"": """"}"
Experiment001,102,1785826357.3778617,92,82,88,0.937739472836256,depth,225280,0.937739472836256,physmem_insert,86 87 88 89 90 91 92 93 94,stableworld_tri_9,9,1,6,62.80466681346297,,,,,0.937739472836256,,,,Walk,1.2472191421996568,0.5256583357832163,,INSERT,0.46062278747558594,,,,depth,0.937739472836256,0.937739472836256,"{""frame_id"": 102, ""current_frame_id"": 92, ""similarity"": 0.937739472836256, ""similarity_type"": ""depth"", ""matching_points"": 225280, ""confidence"": 0.937739472836256, ""decision"": ""physmem_insert"", ""memory_state"": [86, 87, 88, 89, 90, 91, 92, 93, 94], ""memory_id"": ""stableworld_tri_9"", ""memory_size"": 9, ""replace_count"": 1, ""keep_count"": 6, ""runtime"": 62.80466681346297, ""pose_event"": """", ""use_pose_memory"": true, ""view_intent"": ""None"", ""move_intent"": ""Walk"", ""has_view_motion"": false, ""has_move_motion"": true, ""action_explanation"": ""locomotion"", ""pose_delta_position"": 1.0540925565309005, ""view_state"": ""Novel View"", ""view_confidence"": 0.5, ""view_pose_distance"": 1.0540925565309005, ""view_yaw_delta"": 0.0, ""nearest_view_frame_id"": 89, ""memory_selection_mode"": ""orb_locomotion"", ""memory_selection_target"": null, ""memory_selection_anchor_type"": """", ""memory_selection_reason"": ""move=1.0541:Walk"", ""source_anchor_frame_id"": null, ""source_anchor_locked"": false, ""protected_anchor_ids"": """", ""loop_closure_detected"": false, ""turn_result"": """", ""policy_mode"": ""LocomotionPolicy"", ""allow_memory_query"": false, ""allow_hard_retrieve"": false, ""allow_soft_reuse"": false, ""query_result"": """", ""candidate_count"": 0, ""best_candidate_frame_id"": null, ""best_candidate_score"": 0.0, ""best_candidate_pose_distance"": 0.0, ""best_candidate_yaw_delta"": 0.0, ""best_candidate_frame_gap"": 0, ""best_candidate_first_visit"": 0.0, ""best_candidate_visit_age"": 0.0, ""best_candidate_cluster_id"": -1, ""best_candidate_first_visit_frame_id"": null, ""target_window_ids"": """", ""retrieved_window_ids"": """", ""window_rank_reason"": """", ""trajectory_motion_state"": ""Progressing"", ""trajectory_direction"": ""forward"", ""trajectory_frames"": 7, ""trajectory_distance"": 7.418220662299167, ""trajectory_should_progress"": true, ""trajectory_confidence"": 1.0, ""revisit_gate_allow_retrieve"": false, ""revisit_gate_allow_soft_reuse"": false, ""revisit_gate_force_progress"": false, ""revisit_gate_protect_current"": false, ""revisit_gate_reason"": ""locomotion_only_orb_dominant"", ""selection_is_hard_retrieve"": false, ""selection_is_soft_reuse"": false, ""selection_is_progress"": false, ""action_mode"": ""Locomotion Only"", ""action_mode_confidence"": 1.0, ""action_mode_reason"": ""move=1.0541:Walk"", ""scheduler_path"": ""Locomotion Only->orb_locomotion"", ""turn_state"": ""PostTurnStabilization"", ""turn_confidence"": 0.5, ""turn_duration"": 2, ""turn_direction"": ""right"", ""turn_reason"": ""mouse_stopped_after_turn"", ""window_layout_type"": ""orb_locomotion"", ""window_reason"": ""PostTurnStabilization:orb_locomotion"", ""frame_index"": 102, ""pose_x"": -0.13403373429091914, ""pose_z"": 14.084370973447923, ""pose_yaw"": 5.587935447692871e-09, ""pose_pitch"": 0.0, ""delta_x"": -0.33333333767950535, ""delta_z"": 1.0000000018626451, ""local_delta_x"": -0.3333333432674408, ""local_delta_z"": 1.0, ""delta_yaw"": 0.0, ""delta_pitch"": 0.0, ""movement_magnitude"": 1.0540925565309005, ""rotation_magnitude"": 0.0, ""pose_confidence"": 1.0, ""reference_override_used"": false, ""retrieved_reference_active"": false, ""retrieved_reference_ids"": """"}"
Experiment001,105,1785826358.8486133,95,88,91,0.9743382576853037,depth,225280,0.9743382576853037,physmem_keep,86 87 88 92 93 94 95 96 97,stableworld_tri_9,9,1,6,77.62142783030868,,,,,0.9743382576853037,,,,Walk,1.0000000298023224,0.6177101900066102,,KEEP,0.6966819167137146,,,,depth,0.9743382576853037,0.9743382576853037,"{""frame_id"": 105, ""current_frame_id"": 95, ""similarity"": 0.9743382576853037, ""similarity_type"": ""depth"", ""matching_points"": 225280, ""confidence"": 0.9743382576853037, ""decision"": ""physmem_keep"", ""memory_state"": [86, 87, 88, 92, 93, 94, 95, 96, 97], ""memory_id"": ""stableworld_tri_9"", ""memory_size"": 9, ""replace_count"": 1, ""keep_count"": 6, ""runtime"": 77.62142783030868, ""pose_event"": """", ""use_pose_memory"": true, ""view_intent"": ""None"", ""move_intent"": ""Walk"", ""has_view_motion"": false, ""has_move_motion"": true, ""action_explanation"": ""locomotion"", ""pose_delta_position"": 0.7453560147132695, ""view_state"": ""Revisit"", ""view_confidence"": 0.5030959901911536, ""view_pose_distance"": 0.7453560147132695, ""view_yaw_delta"": 0.0, ""nearest_view_frame_id"": 92, ""memory_selection_mode"": ""orb_locomotion"", ""memory_selection_target"": null, ""memory_selection_anchor_type"": """", ""memory_selection_reason"": ""move=0.7454:Walk"", ""source_anchor_frame_id"": null, ""source_anchor_locked"": false, ""protected_anchor_ids"": """", ""loop_closure_detected"": false, ""turn_result"": """", ""policy_mode"": ""LocomotionPolicy"", ""allow_memory_query"": false, ""allow_hard_retrieve"": false, ""allow_soft_reuse"": false, ""query_result"": """", ""candidate_count"": 0, ""best_candidate_frame_id"": null, ""best_candidate_score"": 0.0, ""best_candidate_pose_distance"": 0.0, ""best_candidate_yaw_delta"": 0.0, ""best_candidate_frame_gap"": 0, ""best_candidate_first_visit"": 0.0, ""best_candidate_visit_age"": 0.0, ""best_candidate_cluster_id"": -1, ""best_candidate_first_visit_frame_id"": null, ""target_window_ids"": """", ""retrieved_window_ids"": """", ""window_rank_reason"": """", ""trajectory_motion_state"": ""Progressing"", ""trajectory_direction"": ""forward"", ""trajectory_frames"": 8, ""trajectory_distance"": 8.163576677012436, ""trajectory_should_progress"": true, ""trajectory_confidence"": 1.0, ""revisit_gate_allow_retrieve"": false, ""revisit_gate_allow_soft_reuse"": false, ""revisit_gate_force_progress"": false, ""revisit_gate_protect_current"": false, ""revisit_gate_reason"": ""locomotion_only_orb_dominant"", ""selection_is_hard_retrieve"": false, ""selection_is_soft_reuse"": false, ""selection_is_progress"": false, ""action_mode"": ""Locomotion Only"", ""action_mode_confidence"": 0.7453560147132695, ""action_mode_reason"": ""move=0.7454:Walk"", ""scheduler_path"": ""Locomotion Only->orb_locomotion"", ""turn_state"": ""StableNewView"", ""turn_confidence"": 1.0, ""turn_duration"": 0, ""turn_direction"": ""right"", ""turn_reason"": ""stable"", ""window_layout_type"": ""orb_locomotion"", ""window_reason"": ""StableNewView:orb_locomotion"", ""frame_index"": 105, ""pose_x"": 0.19929961270181207, ""pose_z"": 14.75103765812016, ""pose_yaw"": 5.587935447692871e-09, ""pose_pitch"": 0.0, ""delta_x"": 0.3333333469927312, ""delta_z"": 0.6666666846722364, ""local_delta_x"": 0.3333333432674408, ""local_delta_z"": 0.6666666865348816, ""delta_yaw"": 0.0, ""delta_pitch"": 0.0, ""movement_magnitude"": 0.7453560147132695, ""rotation_magnitude"": 0.0, ""pose_confidence"": 1.0, ""reference_override_used"": false, ""retrieved_reference_active"": false, ""retrieved_reference_ids"": """"}"
Experiment001,108,1785826360.0135915,98,88,94,0.9803645964711905,depth,225280,0.9803645964711905,physmem_keep,86 87 88 95 96 97 98 99 100,stableworld_tri_9,9,1,6,145.8862740546465,,,,,0.9803645964711905,,,,Right,0.7453560147132695,0.578829670832069,,KEEP,0.5685580372810364,,,,depth,0.9803645964711905,0.9803645964711905,"{""frame_id"": 108, ""current_frame_id"": 98, ""similarity"": 0.9803645964711905, ""similarity_type"": ""depth"", ""matching_points"": 225280, ""confidence"": 0.9803645964711905, ""decision"": ""physmem_keep"", ""memory_state"": [86, 87, 88, 95, 96, 97, 98, 99, 100], ""memory_id"": ""stableworld_tri_9"", ""memory_size"": 9, ""replace_count"": 1, ""keep_count"": 6, ""runtime"": 145.8862740546465, ""pose_event"": """", ""use_pose_memory"": true, ""view_intent"": ""None"", ""move_intent"": ""Right"", ""has_view_motion"": false, ""has_move_motion"": true, ""action_explanation"": ""lateral_motion"", ""pose_delta_position"": 0.3333333432674408, ""view_state"": ""Revisit"", ""view_confidence"": 0.7777777711550394, ""view_pose_distance"": 0.3333333432674408, ""view_yaw_delta"": 0.0, ""nearest_view_frame_id"": 95, ""memory_selection_mode"": ""orb_locomotion"", ""memory_selection_target"": null, ""memory_selection_anchor_type"": """", ""memory_selection_reason"": ""move=0.3333:Right"", ""source_anchor_frame_id"": null, ""source_anchor_locked"": false, ""protected_anchor_ids"": """", ""loop_closure_detected"": false, ""turn_result"": """", ""policy_mode"": ""LocomotionPolicy"", ""allow_memory_query"": false, ""allow_hard_retrieve"": false, ""allow_soft_reuse"": false, ""query_result"": """", ""candidate_count"": 0, ""best_candidate_frame_id"": null, ""best_candidate_score"": 0.0, ""best_candidate_pose_distance"": 0.0, ""best_candidate_yaw_delta"": 0.0, ""best_candidate_frame_gap"": 0, ""best_candidate_first_visit"": 0.0, ""best_candidate_visit_age"": 0.0, ""best_candidate_cluster_id"": -1, ""best_candidate_first_visit_frame_id"": null, ""target_window_ids"": """", ""retrieved_window_ids"": """", ""window_rank_reason"": """", ""trajectory_motion_state"": ""Starting"", ""trajectory_direction"": ""right"", ""trajectory_frames"": 1, ""trajectory_distance"": 0.3333333432674408, ""trajectory_should_progress"": false, ""trajectory_confidence"": 0.75, ""revisit_gate_allow_retrieve"": false, ""revisit_gate_allow_soft_reuse"": false, ""revisit_gate_force_progress"": false, ""revisit_gate_protect_current"": false, ""revisit_gate_reason"": ""locomotion_only_orb_dominant"", ""selection_is_hard_retrieve"": false, ""selection_is_soft_reuse"": false, ""selection_is_progress"": false, ""action_mode"": ""Locomotion Only"", ""action_mode_confidence"": 0.3333333432674408, ""action_mode_reason"": ""move=0.3333:Right"", ""scheduler_path"": ""Locomotion Only->orb_locomotion"", ""turn_state"": ""StableNewView"", ""turn_confidence"": 1.0, ""turn_duration"": 0, ""turn_direction"": ""right"", ""turn_reason"": ""stable"", ""window_layout_type"": ""orb_locomotion"", ""window_reason"": ""StableNewView:orb_locomotion"", ""frame_index"": 108, ""pose_x"": 0.5326329559692529, ""pose_z"": 14.751037656257514, ""pose_yaw"": 5.587935447692871e-09, ""pose_pitch"": 0.0, ""delta_x"": 0.3333333432674408, ""delta_z"": -1.8626452047421083e-09, ""local_delta_x"": 0.3333333432674408, ""local_delta_z"": 0.0, ""delta_yaw"": 0.0, ""delta_pitch"": 0.0, ""movement_magnitude"": 0.3333333432674408, ""rotation_magnitude"": 0.0, ""pose_confidence"": 1.0, ""reference_override_used"": false, ""retrieved_reference_active"": false, ""retrieved_reference_ids"": """"}"
Experiment001,111,1785826361.1708066,101,88,97,0.9746661428362131,depth,225280,0.9746661428362131,physmem_keep,86 87 88 98 99 100 101 102 103,stableworld_tri_9,9,1,6,144.15015280246735,,,,,0.9746661428362131,,,,Turn Left,0.1796875,0.5716454035732469,,KEEP,0.6462582349777222,,,,depth,0.9746661428362131,0.9746661428362131,"{""frame_id"": 111, ""current_frame_id"": 101, ""similarity"": 0.9746661428362131, ""similarity_type"": ""depth"", ""matching_points"": 225280, ""confidence"": 0.9746661428362131, ""decision"": ""physmem_keep"", ""memory_state"": [86, 87, 88, 98, 99, 100, 101, 102, 103], ""memory_id"": ""stableworld_tri_9"", ""memory_size"": 9, ""replace_count"": 1, ""keep_count"": 6, ""runtime"": 144.15015280246735, ""pose_event"": """", ""use_pose_memory"": true, ""view_intent"": ""Turn Left"", ""move_intent"": ""None"", ""has_view_motion"": true, ""has_move_motion"": false, ""action_explanation"": ""viewpoint_change"", ""pose_delta_position"": 0.0, ""view_state"": ""View Transition"", ""view_confidence"": 0.5989583333333334, ""view_pose_distance"": 0.0, ""view_yaw_delta"": 0.1796875, ""nearest_view_frame_id"": 98, ""memory_selection_mode"": ""protect_current"", ""memory_selection_target"": null, ""memory_selection_anchor_type"": """", ""memory_selection_reason"": ""view=0.1797:Turn Left"", ""source_anchor_frame_id"": 88, ""source_anchor_locked"": true, ""protected_anchor_ids"": ""88"", ""loop_closure_detected"": false, ""turn_result"": ""TurnStart"", ""policy_mode"": ""TurnStartPolicy"", ""allow_memory_query"": false, ""allow_hard_retrieve"": false, ""allow_soft_reuse"": false, ""query_result"": """", ""candidate_count"": 0, ""best_candidate_frame_id"": null, ""best_candidate_score"": 0.0, ""best_candidate_pose_distance"": 0.0, ""best_candidate_yaw_delta"": 0.0, ""best_candidate_frame_gap"": 0, ""best_candidate_first_visit"": 0.0, ""best_candidate_visit_age"": 0.0, ""best_candidate_cluster_id"": -1, ""best_candidate_first_visit_frame_id"": null, ""target_window_ids"": """", ""retrieved_window_ids"": """", ""window_rank_reason"": """", ""trajectory_motion_state"": ""Idle"", ""trajectory_direction"": ""none"", ""trajectory_frames"": 0, ""trajectory_distance"": 0.0, ""trajectory_should_progress"": false, ""trajectory_confidence"": 0.0, ""revisit_gate_allow_retrieve"": false, ""revisit_gate_allow_soft_reuse"": false, ""revisit_gate_force_progress"": false, ""revisit_gate_protect_current"": true, ""revisit_gate_reason"": ""view_transition"", ""selection_is_hard_retrieve"": false, ""selection_is_soft_reuse"": false, ""selection_is_progress"": false, ""action_mode"": ""View Rotation Only"", ""action_mode_confidence"": 0.998263888888889, ""action_mode_reason"": ""view=0.1797:Turn Left"", ""scheduler_path"": ""View Rotation Only->protect_current"", ""turn_state"": ""TurnStart"", ""turn_confidence"": 1.0, ""turn_duration"": 1, ""turn_direction"": ""left"", ""turn_reason"": ""rotation=0.1797"", ""window_layout_type"": ""protect_current"", ""window_reason"": ""TurnStart:protect_current"", ""frame_index"": 111, ""pose_x"": 0.5326329559692529, ""pose_z"": 14.751037656257514, ""pose_yaw"": -0.17968749441206455, ""pose_pitch"": 0.0, ""delta_x"": 0.0, ""delta_z"": 0.0, ""local_delta_x"": 0.0, ""local_delta_z"": 0.0, ""delta_yaw"": -0.1796875, ""delta_pitch"": 0.0, ""movement_magnitude"": 0.0, ""rotation_magnitude"": 0.1796875, ""pose_confidence"": 1.0, ""reference_override_used"": false, ""retrieved_reference_active"": false, ""retrieved_reference_ids"": """"}"
Experiment001,114,1785826362.1747332,104,88,100,0.9629142470657825,depth,225280,0.9629142470657825,physmem_keep,86 87 88 101 102 103 104 105 106,stableworld_tri_9,9,1,6,60.44415617361665,,,,,0.9629142470657825,,,,Turn Left,0.1796875,0.5785778843699958,,KEEP,0.6358376741409302,,,,depth,0.9629142470657825,0.9629142470657825,"{""frame_id"": 114, ""current_frame_id"": 104, ""similarity"": 0.9629142470657825, ""similarity_type"": ""depth"", ""matching_points"": 225280, ""confidence"": 0.9629142470657825, ""decision"": ""physmem_keep"", ""memory_state"": [86, 87, 88, 101, 102, 103, 104, 105, 106], ""memory_id"": ""stableworld_tri_9"", ""memory_size"": 9, ""replace_count"": 1, ""keep_count"": 6, ""runtime"": 60.44415617361665, ""pose_event"": """", ""use_pose_memory"": true, ""view_intent"": ""Turn Left"", ""move_intent"": ""None"", ""has_view_motion"": true, ""has_move_motion"": false, ""action_explanation"": ""viewpoint_change"", ""pose_delta_position"": 0.0, ""view_state"": ""View Transition"", ""view_confidence"": 0.5989583333333334, ""view_pose_distance"": 0.0, ""view_yaw_delta"": 0.359375, ""nearest_view_frame_id"": 98, ""memory_selection_mode"": ""turn_transition"", ""memory_selection_target"": null, ""memory_selection_anchor_type"": """", ""memory_selection_reason"": ""rotation=0.1797"", ""source_anchor_frame_id"": 88, ""source_anchor_locked"": true, ""protected_anchor_ids"": ""88"", ""loop_closure_detected"": false, ""turn_result"": ""UnstableTransition"", ""policy_mode"": ""ViewTransitionPolicy"", ""allow_memory_query"": false, ""allow_hard_retrieve"": false, ""allow_soft_reuse"": false, ""query_result"": """", ""candidate_count"": 0, ""best_candidate_frame_id"": null, ""best_candidate_score"": 0.0, ""best_candidate_pose_distance"": 0.0, ""best_candidate_yaw_delta"": 0.0, ""best_candidate_frame_gap"": 0, ""best_candidate_first_visit"": 0.0, ""best_candidate_visit_age"": 0.0, ""best_candidate_cluster_id"": -1, ""best_candidate_first_visit_frame_id"": null, ""target_window_ids"": """", ""retrieved_window_ids"": """", ""window_rank_reason"": """", ""trajectory_motion_state"": ""Idle"", ""trajectory_direction"": ""none"", ""trajectory_frames"": 0, ""trajectory_distance"": 0.0, ""trajectory_should_progress"": false, ""trajectory_confidence"": 0.0, ""revisit_gate_allow_retrieve"": false, ""revisit_gate_allow_soft_reuse"": false, ""revisit_gate_force_progress"": false, ""revisit_gate_protect_current"": true, ""revisit_gate_reason"": ""view_transition"", ""selection_is_hard_retrieve"": false, ""selection_is_soft_reuse"": false, ""selection_is_progress"": false, ""action_mode"": ""View Rotation Only"", ""action_mode_confidence"": 0.998263888888889, ""action_mode_reason"": ""view=0.1797:Turn Left"", ""scheduler_path"": ""View Rotation Only->turn_transition"", ""turn_state"": ""TurnInProgress"", ""turn_confidence"": 1.0, ""turn_duration"": 2, ""turn_direction"": ""left"", ""turn_reason"": ""rotation=0.1797"", ""window_layout_type"": ""turn_transition"", ""window_reason"": ""TurnInProgress:turn_transition"", ""frame_index"": 114, ""pose_x"": 0.5326329559692529, ""pose_z"": 14.751037656257514, ""pose_yaw"": -0.35937499441206455, ""pose_pitch"": 0.0, ""delta_x"": 0.0, ""delta_z"": 0.0, ""local_delta_x"": 0.0, ""local_delta_z"": 0.0, ""delta_yaw"": -0.1796875, ""delta_pitch"": 0.0, ""movement_magnitude"": 0.0, ""rotation_magnitude"": 0.1796875, ""pose_confidence"": 1.0, ""reference_override_used"": false, ""retrieved_reference_active"": false, ""retrieved_reference_ids"": """"}"
Experiment001,117,1785826363.172767,107,88,103,0.9600507169961929,depth,225280,0.9600507169961929,physmem_insert,88 101 102 103 104 105 106 107 108,stableworld_tri_9,9,1,7,56.77496688440442,,,,,0.9600507169961929,,,,Viewpoint Locomotion,0.7453560147132695,0.5465336391248403,,INSERT,0.6175373196601868,,,,depth,0.9600507169961929,0.9600507169961929,"{""frame_id"": 117, ""current_frame_id"": 107, ""similarity"": 0.9600507169961929, ""similarity_type"": ""depth"", ""matching_points"": 225280, ""confidence"": 0.9600507169961929, ""decision"": ""physmem_insert"", ""memory_state"": [88, 101, 102, 103, 104, 105, 106, 107, 108], ""memory_id"": ""stableworld_tri_9"", ""memory_size"": 9, ""replace_count"": 1, ""keep_count"": 7, ""runtime"": 56.77496688440442, ""pose_event"": """", ""use_pose_memory"": true, ""view_intent"": ""Turn Right"", ""move_intent"": ""Left"", ""has_view_motion"": true, ""has_move_motion"": true, ""action_explanation"": ""viewpoint_locomotion"", ""pose_delta_position"": 0.3333333432674408, ""view_state"": ""Revisit"", ""view_confidence"": 0.4992971676336348, ""view_pose_distance"": 0.10931317446005465, ""view_yaw_delta"": 0.2994791679084301, ""nearest_view_frame_id"": 95, ""memory_selection_mode"": ""turn_transition"", ""memory_selection_target"": null, ""memory_selection_anchor_type"": """", ""memory_selection_reason"": ""rotation=0.0599"", ""source_anchor_frame_id"": 88, ""source_anchor_locked"": true, ""protected_anchor_ids"": ""88"", ""loop_closure_detected"": false, ""turn_result"": ""UnstableTransition"", ""policy_mode"": ""ViewTransitionPolicy"", ""allow_memory_query"": false, ""allow_hard_retrieve"": false, ""allow_soft_reuse"": false, ""query_result"": """", ""candidate_count"": 0, ""best_candidate_frame_id"": null, ""best_candidate_score"": 0.0, ""best_candidate_pose_distance"": 0.0, ""best_candidate_yaw_delta"": 0.0, ""best_candidate_frame_gap"": 0, ""best_candidate_first_visit"": 0.0, ""best_candidate_visit_age"": 0.0, ""best_candidate_cluster_id"": -1, ""best_candidate_first_visit_frame_id"": null, ""target_window_ids"": """", ""retrieved_window_ids"": """", ""window_rank_reason"": """", ""trajectory_motion_state"": ""Starting"", ""trajectory_direction"": ""left"", ""trajectory_frames"": 1, ""trajectory_distance"": 0.3333333432674408, ""trajectory_should_progress"": false, ""trajectory_confidence"": 0.75, ""revisit_gate_allow_retrieve"": false, ""revisit_gate_allow_soft_reuse"": false, ""revisit_gate_force_progress"": false, ""revisit_gate_protect_current"": false, ""revisit_gate_reason"": ""revisit_blocked_by_motion:0.3333"", ""selection_is_hard_retrieve"": false, ""selection_is_soft_reuse"": false, ""selection_is_progress"": false, ""action_mode"": ""Viewpoint Locomotion"", ""action_mode_confidence"": 0.3333333432674408, ""action_mode_reason"": ""move=0.3333:view=0.0599:Viewpoint Locomotion"", ""scheduler_path"": ""Viewpoint Locomotion->turn_transition"", ""turn_state"": ""TurnInProgress"", ""turn_confidence"": 0.7486979011446238, ""turn_duration"": 3, ""turn_direction"": ""right"", ""turn_reason"": ""rotation=0.0599"", ""window_layout_type"": ""turn_transition"", ""window_reason"": ""TurnInProgress:turn_transition"", ""frame_index"": 117, ""pose_x"": 0.21722366673086768, ""pose_z"": 14.643203997337926, ""pose_yaw"": -0.29947916232049465, ""pose_pitch"": 0.0, ""delta_x"": -0.3154092892383852, ""delta_z"": -0.10783365891958879, ""local_delta_x"": -0.3333333432674408, ""local_delta_z"": 0.0, ""delta_yaw"": 0.0598958320915699, ""delta_pitch"": 0.0, ""movement_magnitude"": 0.3333333432674408, ""rotation_magnitude"": 0.0598958320915699, ""pose_confidence"": 1.0, ""reference_override_used"": false, ""retrieved_reference_active"": false, ""retrieved_reference_ids"": """"}"
