ExperimentID,FrameID,Timestamp,CurrentFrameID,ReferenceFrameID,MiddleFrameID,Similarity,SimilarityType,MatchingPoints,Confidence,Decision,MemoryState,MemoryID,MemorySize,ReplaceCount,KeepCount,Runtime,CPUTime,GPUTime,VRAM,FPS,GeometryScore,DepthConsistency,CameraMotion,ActionEmbedding,ActionType,ActionMagnitude,FusionWeight,FusionEntropy,FusionDecision,SemanticScore,SemanticConfidence,PhysicalScore,PhysicalConfidence,EvidenceType,PolicyConfidence,DecisionConfidence,ExtraFields
Experiment001,9,1785830375.356215,9,2,5,0.9482377022504807,depth,225280,0.9482377022504807,physmem_keep,0 1 2 6 7 8 9 10 11,stableworld_tri_9,9,1,6,993.6818797141314,,,,,0.9482377022504807,,,,Turn Right,0.0598958320915699,0.7499934439318996,,KEEP,0.6623972058296204,,,,depth,0.9482377022504807,0.9482377022504807,"{""frame_id"": 9, ""current_frame_id"": 9, ""similarity"": 0.9482377022504807, ""similarity_type"": ""depth"", ""matching_points"": 225280, ""confidence"": 0.9482377022504807, ""decision"": ""physmem_keep"", ""memory_state"": [0, 1, 2, 6, 7, 8, 9, 10, 11], ""memory_id"": ""stableworld_tri_9"", ""memory_size"": 9, ""replace_count"": 1, ""keep_count"": 6, ""runtime"": 993.6818797141314, ""pose_event"": """", ""use_pose_memory"": true, ""view_intent"": ""Turn Right"", ""move_intent"": ""None"", ""has_view_motion"": true, ""has_move_motion"": false, ""action_explanation"": ""viewpoint_change"", ""pose_delta_position"": 0.0, ""view_state"": ""Novel View"", ""view_confidence"": 0.0, ""view_pose_distance"": Infinity, ""view_yaw_delta"": Infinity, ""nearest_view_frame_id"": null, ""memory_selection_mode"": ""protect_current"", ""memory_selection_target"": null, ""memory_selection_anchor_type"": """", ""memory_selection_reason"": ""view=0.0599:Turn Right"", ""source_anchor_frame_id"": 2, ""source_anchor_locked"": true, ""protected_anchor_ids"": ""2"", ""loop_closure_detected"": false, ""turn_result"": ""TurnStart"", ""policy_mode"": ""TurnStartPolicy"", ""allow_memory_query"": false, ""allow_hard_retrieve"": false, ""allow_soft_reuse"": false, ""query_result"": """", ""candidate_count"": 0, ""best_candidate_frame_id"": null, ""best_candidate_score"": 0.0, ""best_candidate_pose_distance"": 0.0, ""best_candidate_yaw_delta"": 0.0, ""best_candidate_frame_gap"": 0, ""best_candidate_first_visit"": 0.0, ""best_candidate_visit_age"": 0.0, ""best_candidate_cluster_id"": -1, ""best_candidate_first_visit_frame_id"": null, ""target_window_ids"": """", ""retrieved_window_ids"": """", ""window_rank_reason"": """", ""trajectory_motion_state"": ""Idle"", ""trajectory_direction"": ""none"", ""trajectory_frames"": 0, ""trajectory_distance"": 0.0, ""trajectory_should_progress"": false, ""trajectory_confidence"": 0.0, ""revisit_gate_allow_retrieve"": false, ""revisit_gate_allow_soft_reuse"": false, ""revisit_gate_force_progress"": false, ""revisit_gate_protect_current"": true, ""revisit_gate_reason"": ""view_rotation_only"", ""revisit_type"": """", ""selection_is_hard_retrieve"": false, ""selection_is_soft_reuse"": false, ""selection_is_progress"": false, ""action_mode"": ""View Rotation Only"", ""action_mode_confidence"": 0.3327546227309439, ""action_mode_reason"": ""view=0.0599:Turn Right"", ""scheduler_path"": ""View Rotation Only->protect_current"", ""turn_state"": ""TurnStart"", ""turn_confidence"": 0.7486979011446238, ""turn_duration"": 1, ""turn_direction"": ""right"", ""turn_reason"": ""rotation=0.0599"", ""window_layout_type"": ""protect_current"", ""window_reason"": ""TurnStart:protect_current"", ""frame_index"": 9, ""pose_x"": 0.0, ""pose_z"": 0.0, ""pose_yaw"": 0.0598958320915699, ""pose_pitch"": 0.0, ""delta_x"": 0.0, ""delta_z"": 0.0, ""local_delta_x"": 0.0, ""local_delta_z"": 0.0, ""delta_yaw"": 0.0598958320915699, ""delta_pitch"": 0.0, ""movement_magnitude"": 0.0, ""rotation_magnitude"": 0.0598958320915699, ""pose_confidence"": 0.598958320915699, ""reference_override_used"": false, ""retrieved_reference_active"": false, ""retrieved_reference_ids"": """", ""anchor_frame_id"": 2, ""anchor_distance"": -1.0, ""anchor_gap"": 7, ""anchor_lag"": -1.0, ""anchor_advance_triggered"": false}"
Experiment001,12,1785830377.409683,12,2,8,0.8953705206513405,depth,225280,0.8953705206513405,physmem_insert,2 6 7 8 9 10 11 12 13,stableworld_tri_9,9,1,7,91.87281969934702,,,,,0.8953705206513405,,,,Turn Right,0.1796875,0.5595831022790092,,INSERT,0.6923018097877502,,,,depth,0.8953705206513405,0.8953705206513405,"{""frame_id"": 12, ""current_frame_id"": 12, ""similarity"": 0.8953705206513405, ""similarity_type"": ""depth"", ""matching_points"": 225280, ""confidence"": 0.8953705206513405, ""decision"": ""physmem_insert"", ""memory_state"": [2, 6, 7, 8, 9, 10, 11, 12, 13], ""memory_id"": ""stableworld_tri_9"", ""memory_size"": 9, ""replace_count"": 1, ""keep_count"": 7, ""runtime"": 91.87281969934702, ""pose_event"": """", ""use_pose_memory"": true, ""view_intent"": ""Turn Right"", ""move_intent"": ""None"", ""has_view_motion"": true, ""has_move_motion"": false, ""action_explanation"": ""viewpoint_change"", ""pose_delta_position"": 0.0, ""view_state"": ""View Transition"", ""view_confidence"": 0.5989583333333334, ""view_pose_distance"": 0.0, ""view_yaw_delta"": 0.1796875, ""nearest_view_frame_id"": 9, ""memory_selection_mode"": ""turn_transition"", ""memory_selection_target"": null, ""memory_selection_anchor_type"": """", ""memory_selection_reason"": ""rotation=0.1797"", ""source_anchor_frame_id"": 2, ""source_anchor_locked"": true, ""protected_anchor_ids"": ""2"", ""loop_closure_detected"": false, ""turn_result"": ""UnstableTransition"", ""policy_mode"": ""ViewTransitionPolicy"", ""allow_memory_query"": false, ""allow_hard_retrieve"": false, ""allow_soft_reuse"": false, ""query_result"": """", ""candidate_count"": 0, ""best_candidate_frame_id"": null, ""best_candidate_score"": 0.0, ""best_candidate_pose_distance"": 0.0, ""best_candidate_yaw_delta"": 0.0, ""best_candidate_frame_gap"": 0, ""best_candidate_first_visit"": 0.0, ""best_candidate_visit_age"": 0.0, ""best_candidate_cluster_id"": -1, ""best_candidate_first_visit_frame_id"": null, ""target_window_ids"": """", ""retrieved_window_ids"": """", ""window_rank_reason"": """", ""trajectory_motion_state"": ""Idle"", ""trajectory_direction"": ""none"", ""trajectory_frames"": 0, ""trajectory_distance"": 0.0, ""trajectory_should_progress"": false, ""trajectory_confidence"": 0.0, ""revisit_gate_allow_retrieve"": false, ""revisit_gate_allow_soft_reuse"": false, ""revisit_gate_force_progress"": false, ""revisit_gate_protect_current"": true, ""revisit_gate_reason"": ""view_transition"", ""revisit_type"": """", ""selection_is_hard_retrieve"": false, ""selection_is_soft_reuse"": false, ""selection_is_progress"": false, ""action_mode"": ""View Rotation Only"", ""action_mode_confidence"": 0.998263888888889, ""action_mode_reason"": ""view=0.1797:Turn Right"", ""scheduler_path"": ""View Rotation Only->turn_transition"", ""turn_state"": ""TurnInProgress"", ""turn_confidence"": 1.0, ""turn_duration"": 2, ""turn_direction"": ""right"", ""turn_reason"": ""rotation=0.1797"", ""window_layout_type"": ""turn_transition"", ""window_reason"": ""TurnInProgress:turn_transition"", ""frame_index"": 12, ""pose_x"": 0.0, ""pose_z"": 0.0, ""pose_yaw"": 0.2395833320915699, ""pose_pitch"": 0.0, ""delta_x"": 0.0, ""delta_z"": 0.0, ""local_delta_x"": 0.0, ""local_delta_z"": 0.0, ""delta_yaw"": 0.1796875, ""delta_pitch"": 0.0, ""movement_magnitude"": 0.0, ""rotation_magnitude"": 0.1796875, ""pose_confidence"": 1.0, ""reference_override_used"": false, ""retrieved_reference_active"": false, ""retrieved_reference_ids"": """", ""anchor_frame_id"": 2, ""anchor_distance"": -1.0, ""anchor_gap"": 10, ""anchor_lag"": -1.0, ""anchor_advance_triggered"": false}"
Experiment001,15,1785830379.4431565,14,7,10,0.9249854758381844,depth,225280,0.9249854758381844,physmem_keep,2 6 7 11 12 13 14 15 16,stableworld_tri_9,9,1,6,154.49123596772552,,,,,0.9249854758381844,,,,Turn Right,0.0598958320915699,0.7741363215879865,,KEEP,0.7008779644966125,,,,depth,0.9249854758381844,0.9249854758381844,"{""frame_id"": 15, ""current_frame_id"": 14, ""similarity"": 0.9249854758381844, ""similarity_type"": ""depth"", ""matching_points"": 225280, ""confidence"": 0.9249854758381844, ""decision"": ""physmem_keep"", ""memory_state"": [2, 6, 7, 11, 12, 13, 14, 15, 16], ""memory_id"": ""stableworld_tri_9"", ""memory_size"": 9, ""replace_count"": 1, ""keep_count"": 6, ""runtime"": 154.49123596772552, ""pose_event"": """", ""use_pose_memory"": true, ""view_intent"": ""Turn Right"", ""move_intent"": ""None"", ""has_view_motion"": true, ""has_move_motion"": false, ""action_explanation"": ""viewpoint_change"", ""pose_delta_position"": 0.0, ""view_state"": ""Known View"", ""view_confidence"": 0.7337962976760335, ""view_pose_distance"": 0.0, ""view_yaw_delta"": 0.2395833320915699, ""nearest_view_frame_id"": 9, ""memory_selection_mode"": ""turn_transition"", ""memory_selection_target"": null, ""memory_selection_anchor_type"": """", ""memory_selection_reason"": ""rotation=0.0599"", ""source_anchor_frame_id"": 2, ""source_anchor_locked"": true, ""protected_anchor_ids"": ""2"", ""loop_closure_detected"": false, ""turn_result"": ""UnstableTransition"", ""policy_mode"": ""ViewTransitionPolicy"", ""allow_memory_query"": false, ""allow_hard_retrieve"": false, ""allow_soft_reuse"": false, ""query_result"": """", ""candidate_count"": 0, ""best_candidate_frame_id"": null, ""best_candidate_score"": 0.0, ""best_candidate_pose_distance"": 0.0, ""best_candidate_yaw_delta"": 0.0, ""best_candidate_frame_gap"": 0, ""best_candidate_first_visit"": 0.0, ""best_candidate_visit_age"": 0.0, ""best_candidate_cluster_id"": -1, ""best_candidate_first_visit_frame_id"": null, ""target_window_ids"": """", ""retrieved_window_ids"": """", ""window_rank_reason"": """", ""trajectory_motion_state"": ""Idle"", ""trajectory_direction"": ""none"", ""trajectory_frames"": 0, ""trajectory_distance"": 0.0, ""trajectory_should_progress"": false, ""trajectory_confidence"": 0.0, ""revisit_gate_allow_retrieve"": false, ""revisit_gate_allow_soft_reuse"": false, ""revisit_gate_force_progress"": false, ""revisit_gate_protect_current"": true, ""revisit_gate_reason"": ""view_rotation_only"", ""revisit_type"": """", ""selection_is_hard_retrieve"": false, ""selection_is_soft_reuse"": false, ""selection_is_progress"": false, ""action_mode"": ""View Rotation Only"", ""action_mode_confidence"": 0.3327546227309439, ""action_mode_reason"": ""view=0.0599:Turn Right"", ""scheduler_path"": ""View Rotation Only->turn_transition"", ""turn_state"": ""TurnInProgress"", ""turn_confidence"": 0.7486979011446238, ""turn_duration"": 3, ""turn_direction"": ""right"", ""turn_reason"": ""rotation=0.0599"", ""window_layout_type"": ""turn_transition"", ""window_reason"": ""TurnInProgress:turn_transition"", ""frame_index"": 15, ""pose_x"": 0.0, ""pose_z"": 0.0, ""pose_yaw"": 0.2994791641831398, ""pose_pitch"": 0.0, ""delta_x"": 0.0, ""delta_z"": 0.0, ""local_delta_x"": 0.0, ""local_delta_z"": 0.0, ""delta_yaw"": 0.0598958320915699, ""delta_pitch"": 0.0, ""movement_magnitude"": 0.0, ""rotation_magnitude"": 0.0598958320915699, ""pose_confidence"": 0.598958320915699, ""reference_override_used"": false, ""retrieved_reference_active"": false, ""retrieved_reference_ids"": """", ""anchor_frame_id"": 7, ""anchor_distance"": -1.0, ""anchor_gap"": 7, ""anchor_lag"": -1.0, ""anchor_advance_triggered"": false}"
Experiment001,18,1785830381.4145508,17,7,13,0.9357589855790138,depth,225280,0.9357589855790138,physmem_keep,2 6 7 14 15 16 17 18 19,stableworld_tri_9,9,1,6,89.2553417943418,,,,,0.9357589855790138,,,,Walk,1.0,0.6060903086006839,,KEEP,0.7454274296760559,,,,depth,0.9357589855790138,0.9357589855790138,"{""frame_id"": 18, ""current_frame_id"": 17, ""similarity"": 0.9357589855790138, ""similarity_type"": ""depth"", ""matching_points"": 225280, ""confidence"": 0.9357589855790138, ""decision"": ""physmem_keep"", ""memory_state"": [2, 6, 7, 14, 15, 16, 17, 18, 19], ""memory_id"": ""stableworld_tri_9"", ""memory_size"": 9, ""replace_count"": 1, ""keep_count"": 6, ""runtime"": 89.2553417943418, ""pose_event"": """", ""use_pose_memory"": true, ""view_intent"": ""None"", ""move_intent"": ""Walk"", ""has_view_motion"": false, ""has_move_motion"": true, ""action_explanation"": ""locomotion"", ""pose_delta_position"": 1.0, ""view_state"": ""Novel View"", ""view_confidence"": 0.5, ""view_pose_distance"": 1.0, ""view_yaw_delta"": 0.2395833320915699, ""nearest_view_frame_id"": 9, ""memory_selection_mode"": ""orb_locomotion"", ""memory_selection_target"": null, ""memory_selection_anchor_type"": """", ""memory_selection_reason"": ""move=1.0000:Walk"", ""source_anchor_frame_id"": null, ""source_anchor_locked"": false, ""protected_anchor_ids"": """", ""loop_closure_detected"": false, ""turn_result"": """", ""policy_mode"": ""LocomotionPolicy"", ""allow_memory_query"": false, ""allow_hard_retrieve"": false, ""allow_soft_reuse"": false, ""query_result"": """", ""candidate_count"": 0, ""best_candidate_frame_id"": null, ""best_candidate_score"": 0.0, ""best_candidate_pose_distance"": 0.0, ""best_candidate_yaw_delta"": 0.0, ""best_candidate_frame_gap"": 0, ""best_candidate_first_visit"": 0.0, ""best_candidate_visit_age"": 0.0, ""best_candidate_cluster_id"": -1, ""best_candidate_first_visit_frame_id"": null, ""target_window_ids"": """", ""retrieved_window_ids"": """", ""window_rank_reason"": """", ""trajectory_motion_state"": ""Starting"", ""trajectory_direction"": ""forward"", ""trajectory_frames"": 1, ""trajectory_distance"": 1.0, ""trajectory_should_progress"": false, ""trajectory_confidence"": 0.75, ""revisit_gate_allow_retrieve"": false, ""revisit_gate_allow_soft_reuse"": false, ""revisit_gate_force_progress"": false, ""revisit_gate_protect_current"": false, ""revisit_gate_reason"": ""locomotion_only_orb_dominant"", ""revisit_type"": """", ""selection_is_hard_retrieve"": false, ""selection_is_soft_reuse"": false, ""selection_is_progress"": false, ""action_mode"": ""Locomotion Only"", ""action_mode_confidence"": 1.0, ""action_mode_reason"": ""move=1.0000:Walk"", ""scheduler_path"": ""Locomotion Only->orb_locomotion"", ""turn_state"": ""PostTurnStabilization"", ""turn_confidence"": 1.0, ""turn_duration"": 1, ""turn_direction"": ""right"", ""turn_reason"": ""mouse_stopped_after_turn"", ""window_layout_type"": ""orb_locomotion"", ""window_reason"": ""PostTurnStabilization:orb_locomotion"", ""frame_index"": 18, ""pose_x"": 0.29502259314027096, ""pose_z"": 0.9554902770498453, ""pose_yaw"": 0.2994791641831398, ""pose_pitch"": 0.0, ""delta_x"": 0.29502259314027096, ""delta_z"": 0.9554902770498453, ""local_delta_x"": 0.0, ""local_delta_z"": 1.0, ""delta_yaw"": 0.0, ""delta_pitch"": 0.0, ""movement_magnitude"": 1.0, ""rotation_magnitude"": 0.0, ""pose_confidence"": 1.0, ""reference_override_used"": false, ""retrieved_reference_active"": false, ""retrieved_reference_ids"": """", ""anchor_frame_id"": 7, ""anchor_distance"": -1.0, ""anchor_gap"": 10, ""anchor_lag"": -1.0, ""anchor_advance_triggered"": false}"
Experiment001,21,1785830382.404489,20,7,16,0.900989942252636,depth,225280,0.900989942252636,physmem_keep,2 6 7 17 18 19 20 21 22,stableworld_tri_9,9,1,6,53.54474997147918,,,,,0.900989942252636,,,,Walk,1.0,0.5755584084626104,,KEEP,0.690907895565033,,,,depth,0.900989942252636,0.900989942252636,"{""frame_id"": 21, ""current_frame_id"": 20, ""similarity"": 0.900989942252636, ""similarity_type"": ""depth"", ""matching_points"": 225280, ""confidence"": 0.900989942252636, ""decision"": ""physmem_keep"", ""memory_state"": [2, 6, 7, 17, 18, 19, 20, 21, 22], ""memory_id"": ""stableworld_tri_9"", ""memory_size"": 9, ""replace_count"": 1, ""keep_count"": 6, ""runtime"": 53.54474997147918, ""pose_event"": """", ""use_pose_memory"": true, ""view_intent"": ""None"", ""move_intent"": ""Walk"", ""has_view_motion"": false, ""has_move_motion"": true, ""action_explanation"": ""locomotion"", ""pose_delta_position"": 1.0, ""view_state"": ""Novel View"", ""view_confidence"": 0.5, ""view_pose_distance"": 1.0, ""view_yaw_delta"": 0.0, ""nearest_view_frame_id"": 17, ""memory_selection_mode"": ""orb_locomotion"", ""memory_selection_target"": null, ""memory_selection_anchor_type"": """", ""memory_selection_reason"": ""move=1.0000:Walk"", ""source_anchor_frame_id"": null, ""source_anchor_locked"": false, ""protected_anchor_ids"": """", ""loop_closure_detected"": false, ""turn_result"": """", ""policy_mode"": ""LocomotionPolicy"", ""allow_memory_query"": false, ""allow_hard_retrieve"": false, ""allow_soft_reuse"": false, ""query_result"": """", ""candidate_count"": 0, ""best_candidate_frame_id"": null, ""best_candidate_score"": 0.0, ""best_candidate_pose_distance"": 0.0, ""best_candidate_yaw_delta"": 0.0, ""best_candidate_frame_gap"": 0, ""best_candidate_first_visit"": 0.0, ""best_candidate_visit_age"": 0.0, ""best_candidate_cluster_id"": -1, ""best_candidate_first_visit_frame_id"": null, ""target_window_ids"": """", ""retrieved_window_ids"": """", ""window_rank_reason"": """", ""trajectory_motion_state"": ""Progressing"", ""trajectory_direction"": ""forward"", ""trajectory_frames"": 2, ""trajectory_distance"": 2.0, ""trajectory_should_progress"": true, ""trajectory_confidence"": 1.0, ""revisit_gate_allow_retrieve"": false, ""revisit_gate_allow_soft_reuse"": false, ""revisit_gate_force_progress"": false, ""revisit_gate_protect_current"": false, ""revisit_gate_reason"": ""locomotion_only_orb_dominant"", ""revisit_type"": """", ""selection_is_hard_retrieve"": false, ""selection_is_soft_reuse"": false, ""selection_is_progress"": false, ""action_mode"": ""Locomotion Only"", ""action_mode_confidence"": 1.0, ""action_mode_reason"": ""move=1.0000:Walk"", ""scheduler_path"": ""Locomotion Only->orb_locomotion"", ""turn_state"": ""PostTurnStabilization"", ""turn_confidence"": 0.5, ""turn_duration"": 2, ""turn_direction"": ""right"", ""turn_reason"": ""mouse_stopped_after_turn"", ""window_layout_type"": ""orb_locomotion"", ""window_reason"": ""PostTurnStabilization:orb_locomotion"", ""frame_index"": 21, ""pose_x"": 0.5900451862805419, ""pose_z"": 1.9109805540996907, ""pose_yaw"": 0.2994791641831398, ""pose_pitch"": 0.0, ""delta_x"": 0.29502259314027096, ""delta_z"": 0.9554902770498453, ""local_delta_x"": 0.0, ""local_delta_z"": 1.0, ""delta_yaw"": 0.0, ""delta_pitch"": 0.0, ""movement_magnitude"": 1.0, ""rotation_magnitude"": 0.0, ""pose_confidence"": 1.0, ""reference_override_used"": false, ""retrieved_reference_active"": false, ""retrieved_reference_ids"": """", ""anchor_frame_id"": 7, ""anchor_distance"": -1.0, ""anchor_gap"": 13, ""anchor_lag"": -1.0, ""anchor_advance_triggered"": false}"
Experiment001,24,1785830383.467918,23,7,19,0.9404751807451248,depth,225280,0.9404751807451248,physmem_keep,2 6 7 20 21 22 23 24 25,stableworld_tri_9,9,1,6,134.88761987537146,,,,,0.9404751807451248,,,,Backward,1.0,0.6016495415479113,,KEEP,0.668212354183197,,,,depth,0.9404751807451248,0.9404751807451248,"{""frame_id"": 24, ""current_frame_id"": 23, ""similarity"": 0.9404751807451248, ""similarity_type"": ""depth"", ""matching_points"": 225280, ""confidence"": 0.9404751807451248, ""decision"": ""physmem_keep"", ""memory_state"": [2, 6, 7, 20, 21, 22, 23, 24, 25], ""memory_id"": ""stableworld_tri_9"", ""memory_size"": 9, ""replace_count"": 1, ""keep_count"": 6, ""runtime"": 134.88761987537146, ""pose_event"": """", ""use_pose_memory"": true, ""view_intent"": ""None"", ""move_intent"": ""Backward"", ""has_view_motion"": false, ""has_move_motion"": true, ""action_explanation"": ""locomotion"", ""pose_delta_position"": 1.0, ""view_state"": ""Known View"", ""view_confidence"": 1.0, ""view_pose_distance"": 0.0, ""view_yaw_delta"": 0.0, ""nearest_view_frame_id"": 17, ""memory_selection_mode"": ""orb_locomotion"", ""memory_selection_target"": null, ""memory_selection_anchor_type"": """", ""memory_selection_reason"": ""move=1.0000:Backward"", ""source_anchor_frame_id"": null, ""source_anchor_locked"": false, ""protected_anchor_ids"": """", ""loop_closure_detected"": false, ""turn_result"": """", ""policy_mode"": ""LocomotionPolicy"", ""allow_memory_query"": false, ""allow_hard_retrieve"": false, ""allow_soft_reuse"": false, ""query_result"": """", ""candidate_count"": 0, ""best_candidate_frame_id"": null, ""best_candidate_score"": 0.0, ""best_candidate_pose_distance"": 0.0, ""best_candidate_yaw_delta"": 0.0, ""best_candidate_frame_gap"": 0, ""best_candidate_first_visit"": 0.0, ""best_candidate_visit_age"": 0.0, ""best_candidate_cluster_id"": -1, ""best_candidate_first_visit_frame_id"": null, ""target_window_ids"": """", ""retrieved_window_ids"": """", ""window_rank_reason"": """", ""trajectory_motion_state"": ""Starting"", ""trajectory_direction"": ""backward"", ""trajectory_frames"": 1, ""trajectory_distance"": 1.0, ""trajectory_should_progress"": false, ""trajectory_confidence"": 0.75, ""revisit_gate_allow_retrieve"": false, ""revisit_gate_allow_soft_reuse"": false, ""revisit_gate_force_progress"": false, ""revisit_gate_protect_current"": false, ""revisit_gate_reason"": ""locomotion_only_orb_dominant"", ""revisit_type"": """", ""selection_is_hard_retrieve"": false, ""selection_is_soft_reuse"": false, ""selection_is_progress"": false, ""action_mode"": ""Locomotion Only"", ""action_mode_confidence"": 1.0, ""action_mode_reason"": ""move=1.0000:Backward"", ""scheduler_path"": ""Locomotion Only->orb_locomotion"", ""turn_state"": ""StableNewView"", ""turn_confidence"": 1.0, ""turn_duration"": 0, ""turn_direction"": ""right"", ""turn_reason"": ""stable"", ""window_layout_type"": ""orb_locomotion"", ""window_reason"": ""StableNewView:orb_locomotion"", ""frame_index"": 24, ""pose_x"": 0.29502259314027096, ""pose_z"": 0.9554902770498453, ""pose_yaw"": 0.2994791641831398, ""pose_pitch"": 0.0, ""delta_x"": -0.29502259314027096, ""delta_z"": -0.9554902770498453, ""local_delta_x"": 0.0, ""local_delta_z"": -1.0, ""delta_yaw"": 0.0, ""delta_pitch"": 0.0, ""movement_magnitude"": 1.0, ""rotation_magnitude"": 0.0, ""pose_confidence"": 1.0, ""reference_override_used"": false, ""retrieved_reference_active"": false, ""retrieved_reference_ids"": """", ""anchor_frame_id"": 7, ""anchor_distance"": -1.0, ""anchor_gap"": 16, ""anchor_lag"": -1.0, ""anchor_advance_triggered"": false}"
Experiment001,27,1785830384.6210742,26,7,22,0.9134692624211311,depth,225280,0.9134692624211311,physmem_keep,2 6 7 23 24 25 26 27 28,stableworld_tri_9,9,1,6,124.58023009821773,,,,,0.9134692624211311,,,,Backward,1.0,0.521411864854049,,KEEP,0.5692455768585205,,,,depth,0.9134692624211311,0.9134692624211311,"{""frame_id"": 27, ""current_frame_id"": 26, ""similarity"": 0.9134692624211311, ""similarity_type"": ""depth"", ""matching_points"": 225280, ""confidence"": 0.9134692624211311, ""decision"": ""physmem_keep"", ""memory_state"": [2, 6, 7, 23, 24, 25, 26, 27, 28], ""memory_id"": ""stableworld_tri_9"", ""memory_size"": 9, ""replace_count"": 1, ""keep_count"": 6, ""runtime"": 124.58023009821773, ""pose_event"": """", ""use_pose_memory"": true, ""view_intent"": ""None"", ""move_intent"": ""Backward"", ""has_view_motion"": false, ""has_move_motion"": true, ""action_explanation"": ""locomotion"", ""pose_delta_position"": 1.0, ""view_state"": ""Revisit"", ""view_confidence"": 0.657738097012043, ""view_pose_distance"": 0.0, ""view_yaw_delta"": 0.2395833320915699, ""nearest_view_frame_id"": 9, ""memory_selection_mode"": ""retrieve_window"", ""memory_selection_target"": 9, ""memory_selection_anchor_type"": ""pose_path_window"", ""memory_selection_reason"": ""pose_path_window:yaw=0.2396:pose=0.0000:gap=17:fid=0.984:first=1.00:age=1.00:stab=1.000:cluster=0:score=0.774"", ""source_anchor_frame_id"": 7, ""source_anchor_locked"": true, ""protected_anchor_ids"": ""7 0 1 2"", ""loop_closure_detected"": true, ""turn_result"": ""ReturnToKnownView"", ""policy_mode"": ""RevisitPolicy"", ""allow_memory_query"": true, ""allow_hard_retrieve"": true, ""allow_soft_reuse"": true, ""query_result"": ""matched_window"", ""candidate_count"": 6, ""best_candidate_frame_id"": 9, ""best_candidate_score"": 0.7741796697485064, ""best_candidate_pose_distance"": 0.0, ""best_candidate_yaw_delta"": 0.2395833320915699, ""best_candidate_frame_gap"": 17, ""best_candidate_first_visit"": 1.0, ""best_candidate_visit_age"": 1.0, ""best_candidate_cluster_id"": -1, ""best_candidate_first_visit_frame_id"": 9, ""target_window_ids"": ""0 1 2 3 4 5 6 7 8"", ""retrieved_window_ids"": ""0 1 2 3 4 5 6 7 8"", ""window_rank_reason"": ""yaw=0.2396:pose=0.0000:gap=17:fid=0.984:first=1.00:age=1.00:stab=1.000:cluster=0:score=0.774"", ""trajectory_motion_state"": ""Progressing"", ""trajectory_direction"": ""backward"", ""trajectory_frames"": 2, ""trajectory_distance"": 2.0, ""trajectory_should_progress"": true, ""trajectory_confidence"": 1.0, ""revisit_gate_allow_retrieve"": true, ""revisit_gate_allow_soft_reuse"": false, ""revisit_gate_force_progress"": false, ""revisit_gate_protect_current"": false, ""revisit_gate_reason"": ""dynamic_revisit:traveled=2.000"", ""revisit_type"": ""dynamic"", ""selection_is_hard_retrieve"": false, ""selection_is_soft_reuse"": false, ""selection_is_progress"": false, ""action_mode"": ""Locomotion Only"", ""action_mode_confidence"": 1.0, ""action_mode_reason"": ""move=1.0000:Backward"", ""scheduler_path"": ""Locomotion Only->retrieve_window"", ""turn_state"": ""StableNewView"", ""turn_confidence"": 1.0, ""turn_duration"": 0, ""turn_direction"": ""right"", ""turn_reason"": ""stable"", ""window_layout_type"": ""retrieve_window"", ""window_reason"": ""StableNewView:retrieve_window"", ""frame_index"": 27, ""pose_x"": 0.0, ""pose_z"": 0.0, ""pose_yaw"": 0.2994791641831398, ""pose_pitch"": 0.0, ""delta_x"": -0.29502259314027096, ""delta_z"": -0.9554902770498453, ""local_delta_x"": 0.0, ""local_delta_z"": -1.0, ""delta_yaw"": 0.0, ""delta_pitch"": 0.0, ""movement_magnitude"": 1.0, ""rotation_magnitude"": 0.0, ""pose_confidence"": 1.0, ""reference_override_used"": false, ""retrieved_reference_active"": true, ""retrieved_reference_ids"": ""0 1 2 3 4 5 6 7 8"", ""anchor_frame_id"": 7, ""anchor_distance"": -1.0, ""anchor_gap"": 19, ""anchor_lag"": -1.0, ""anchor_advance_triggered"": false}"
Experiment001,30,1785830385.5974913,29,2,25,0.9353449940681458,depth,225280,0.9353449940681458,physmem_keep,2 6 7 26 27 28 29 30 31,stableworld_tri_9,9,1,6,54.15733205154538,,,,,0.9353449940681458,,,,Viewpoint Locomotion,0.4714045348399812,0.5839028989847195,,KEEP,0.5628448724746704,,,,depth,0.9353449940681458,0.9353449940681458,"{""frame_id"": 30, ""current_frame_id"": 29, ""similarity"": 0.9353449940681458, ""similarity_type"": ""depth"", ""matching_points"": 225280, ""confidence"": 0.9353449940681458, ""decision"": ""physmem_keep"", ""memory_state"": [2, 6, 7, 26, 27, 28, 29, 30, 31], ""memory_id"": ""stableworld_tri_9"", ""memory_size"": 9, ""replace_count"": 1, ""keep_count"": 6, ""runtime"": 54.15733205154538, ""pose_event"": """", ""use_pose_memory"": true, ""view_intent"": ""Turn Left"", ""move_intent"": ""Walk"", ""has_view_motion"": true, ""has_move_motion"": true, ""action_explanation"": ""viewpoint_locomotion"", ""pose_delta_position"": 0.47140453483998124, ""view_state"": ""Revisit"", ""view_confidence"": 0.4006670678330079, ""view_pose_distance"": 0.47140453483998124, ""view_yaw_delta"": 0.1995442695915699, ""nearest_view_frame_id"": 9, ""memory_selection_mode"": ""protect_current"", ""memory_selection_target"": null, ""memory_selection_anchor_type"": """", ""memory_selection_reason"": ""move=0.4714:view=0.0400:Viewpoint Locomotion"", ""source_anchor_frame_id"": 7, ""source_anchor_locked"": true, ""protected_anchor_ids"": ""7"", ""loop_closure_detected"": false, ""turn_result"": ""TurnStart"", ""policy_mode"": ""TurnStartPolicy"", ""allow_memory_query"": false, ""allow_hard_retrieve"": false, ""allow_soft_reuse"": false, ""query_result"": """", ""candidate_count"": 0, ""best_candidate_frame_id"": null, ""best_candidate_score"": 0.0, ""best_candidate_pose_distance"": 0.0, ""best_candidate_yaw_delta"": 0.0, ""best_candidate_frame_gap"": 0, ""best_candidate_first_visit"": 0.0, ""best_candidate_visit_age"": 0.0, ""best_candidate_cluster_id"": -1, ""best_candidate_first_visit_frame_id"": null, ""target_window_ids"": """", ""retrieved_window_ids"": """", ""window_rank_reason"": """", ""trajectory_motion_state"": ""Starting"", ""trajectory_direction"": ""forward"", ""trajectory_frames"": 1, ""trajectory_distance"": 0.4714045348399812, ""trajectory_should_progress"": false, ""trajectory_confidence"": 0.75, ""revisit_gate_allow_retrieve"": false, ""revisit_gate_allow_soft_reuse"": false, ""revisit_gate_force_progress"": false, ""revisit_gate_protect_current"": false, ""revisit_gate_reason"": ""revisit_blocked_by_motion:0.4714"", ""revisit_type"": """", ""selection_is_hard_retrieve"": false, ""selection_is_soft_reuse"": false, ""selection_is_progress"": false, ""action_mode"": ""Viewpoint Locomotion"", ""action_mode_confidence"": 0.47140453483998124, ""action_mode_reason"": ""move=0.4714:view=0.0400:Viewpoint Locomotion"", ""scheduler_path"": ""Viewpoint Locomotion->protect_current"", ""turn_state"": ""TurnStart"", ""turn_confidence"": 0.50048828125, ""turn_duration"": 1, ""turn_direction"": ""left"", ""turn_reason"": ""rotation=0.0400"", ""window_layout_type"": ""protect_current"", ""window_reason"": ""TurnStart:protect_current"", ""frame_index"": 30, ""pose_x"": -0.228456122124736, ""pose_z"": 0.4123469846275425, ""pose_yaw"": 0.2594401016831398, ""pose_pitch"": 0.0, ""delta_x"": -0.228456122124736, ""delta_z"": 0.4123469846275425, ""local_delta_x"": -0.3333333432674408, ""local_delta_z"": 0.3333333432674408, ""delta_yaw"": -0.0400390625, ""delta_pitch"": 0.0, ""movement_magnitude"": 0.47140453483998124, ""rotation_magnitude"": 0.0400390625, ""pose_confidence"": 0.9428090696799624, ""reference_override_used"": true, ""retrieved_reference_active"": true, ""retrieved_reference_ids"": ""0 1 2 3 4 5 6 7 8"", ""anchor_frame_id"": 7, ""anchor_distance"": -1.0, ""anchor_gap"": 22, ""anchor_lag"": -1.0, ""anchor_advance_triggered"": false}"
Experiment001,33,1785830386.6530628,32,2,28,0.9158265963196754,depth,225280,0.9158265963196754,physmem_insert,7 26 27 28 29 30 31 32 33,stableworld_tri_9,9,1,7,84.49915098026395,,,,,0.9158265963196754,,,,Viewpoint Locomotion,1.201850436175566,0.5355650236388511,,INSERT,0.5693243741989136,,,,depth,0.9158265963196754,0.9158265963196754,"{""frame_id"": 33, ""current_frame_id"": 32, ""similarity"": 0.9158265963196754, ""similarity_type"": ""depth"", ""matching_points"": 225280, ""confidence"": 0.9158265963196754, ""decision"": ""physmem_insert"", ""memory_state"": [7, 26, 27, 28, 29, 30, 31, 32, 33], ""memory_id"": ""stableworld_tri_9"", ""memory_size"": 9, ""replace_count"": 1, ""keep_count"": 7, ""runtime"": 84.49915098026395, ""pose_event"": """", ""use_pose_memory"": true, ""view_intent"": ""Turn Left"", ""move_intent"": ""Walk"", ""has_view_motion"": true, ""has_move_motion"": true, ""action_explanation"": ""viewpoint_locomotion"", ""pose_delta_position"": 1.201850436175566, ""view_state"": ""Novel View"", ""view_confidence"": 0.5, ""view_pose_distance"": 1.1175827027295793, ""view_yaw_delta"": 0.1201171875, ""nearest_view_frame_id"": 17, ""key_anchor_frame_id"": 32, ""key_anchor_type"": ""forward_anchor"", ""key_anchor_reason"": ""hybrid_forward_progress"", ""memory_selection_mode"": ""turn_transition"", ""memory_selection_target"": null, ""memory_selection_anchor_type"": """", ""memory_selection_reason"": ""rotation=0.0801"", ""source_anchor_frame_id"": 7, ""source_anchor_locked"": true, ""protected_anchor_ids"": ""7"", ""loop_closure_detected"": false, ""turn_result"": ""UnstableTransition"", ""policy_mode"": ""ViewTransitionPolicy"", ""allow_memory_query"": false, ""allow_hard_retrieve"": false, ""allow_soft_reuse"": false, ""query_result"": """", ""candidate_count"": 0, ""best_candidate_frame_id"": null, ""best_candidate_score"": 0.0, ""best_candidate_pose_distance"": 0.0, ""best_candidate_yaw_delta"": 0.0, ""best_candidate_frame_gap"": 0, ""best_candidate_first_visit"": 0.0, ""best_candidate_visit_age"": 0.0, ""best_candidate_cluster_id"": -1, ""best_candidate_first_visit_frame_id"": null, ""target_window_ids"": """", ""retrieved_window_ids"": """", ""window_rank_reason"": """", ""trajectory_motion_state"": ""Progressing"", ""trajectory_direction"": ""forward"", ""trajectory_frames"": 2, ""trajectory_distance"": 1.673254971015547, ""trajectory_should_progress"": true, ""trajectory_confidence"": 1.0, ""revisit_gate_allow_retrieve"": false, ""revisit_gate_allow_soft_reuse"": false, ""revisit_gate_force_progress"": true, ""revisit_gate_protect_current"": false, ""revisit_gate_reason"": ""hybrid_forward_progress"", ""revisit_type"": """", ""selection_is_hard_retrieve"": false, ""selection_is_soft_reuse"": false, ""selection_is_progress"": false, ""action_mode"": ""Viewpoint Locomotion"", ""action_mode_confidence"": 1.0, ""action_mode_reason"": ""move=1.2019:view=0.0801:Viewpoint Locomotion"", ""scheduler_path"": ""Viewpoint Locomotion->turn_transition"", ""turn_state"": ""TurnInProgress"", ""turn_confidence"": 1.0, ""turn_duration"": 2, ""turn_direction"": ""left"", ""turn_reason"": ""rotation=0.0801"", ""window_layout_type"": ""turn_transition"", ""window_reason"": ""TurnInProgress:turn_transition"", ""frame_index"": 33, ""pose_x"": -0.6614964053879955, ""pose_z"": 1.5334716806389515, ""pose_yaw"": 0.1793619766831398, ""pose_pitch"": 0.0, ""delta_x"": -0.4330402832632595, ""delta_z"": 1.121124696011409, ""local_delta_x"": -0.6666666865348816, ""local_delta_z"": 1.0, ""delta_yaw"": -0.080078125, ""delta_pitch"": 0.0, ""movement_magnitude"": 1.201850436175566, ""rotation_magnitude"": 0.080078125, ""pose_confidence"": 1.0, ""reference_override_used"": true, ""retrieved_reference_active"": true, ""retrieved_reference_ids"": ""0 1 2 3 4 5 6 7 8"", ""anchor_frame_id"": 7, ""anchor_distance"": -1.0, ""anchor_gap"": 25, ""anchor_lag"": -1.0, ""anchor_advance_triggered"": false}"
Experiment001,36,1785830388.23425,34,2,30,0.9347572475671768,depth,225280,0.9347572475671768,physmem_insert,7 28 29 30 31 32 33 34 35,stableworld_tri_9,9,1,7,78.0165190808475,,,,,0.9347572475671768,,,,Viewpoint Locomotion,0.6666666865348816,0.5519961573409531,,INSERT,0.6091310977935791,,,,depth,0.9347572475671768,0.9347572475671768,"{""frame_id"": 36, ""current_frame_id"": 34, ""similarity"": 0.9347572475671768, ""similarity_type"": ""depth"", ""matching_points"": 225280, ""confidence"": 0.9347572475671768, ""decision"": ""physmem_insert"", ""memory_state"": [7, 28, 29, 30, 31, 32, 33, 34, 35], ""memory_id"": ""stableworld_tri_9"", ""memory_size"": 9, ""replace_count"": 1, ""keep_count"": 7, ""runtime"": 78.0165190808475, ""pose_event"": """", ""use_pose_memory"": true, ""view_intent"": ""Turn Right"", ""move_intent"": ""Walk"", ""has_view_motion"": true, ""has_move_motion"": true, ""action_explanation"": ""viewpoint_locomotion"", ""pose_delta_position"": 0.6666666865348816, ""view_state"": ""Known View"", ""view_confidence"": 0.5633552783454945, ""view_pose_distance"": 0.6666666865348817, ""view_yaw_delta"": 0.0400390625, ""nearest_view_frame_id"": 32, ""memory_selection_mode"": ""turn_transition"", ""memory_selection_target"": null, ""memory_selection_anchor_type"": """", ""memory_selection_reason"": ""rotation=0.0400"", ""source_anchor_frame_id"": 7, ""source_anchor_locked"": true, ""protected_anchor_ids"": ""7"", ""loop_closure_detected"": false, ""turn_result"": ""UnstableTransition"", ""policy_mode"": ""ViewTransitionPolicy"", ""allow_memory_query"": false, ""allow_hard_retrieve"": false, ""allow_soft_reuse"": false, ""query_result"": """", ""candidate_count"": 0, ""best_candidate_frame_id"": null, ""best_candidate_score"": 0.0, ""best_candidate_pose_distance"": 0.0, ""best_candidate_yaw_delta"": 0.0, ""best_candidate_frame_gap"": 0, ""best_candidate_first_visit"": 0.0, ""best_candidate_visit_age"": 0.0, ""best_candidate_cluster_id"": -1, ""best_candidate_first_visit_frame_id"": null, ""target_window_ids"": """", ""retrieved_window_ids"": """", ""window_rank_reason"": """", ""trajectory_motion_state"": ""Progressing"", ""trajectory_direction"": ""forward"", ""trajectory_frames"": 3, ""trajectory_distance"": 2.3399216575504287, ""trajectory_should_progress"": true, ""trajectory_confidence"": 1.0, ""revisit_gate_allow_retrieve"": false, ""revisit_gate_allow_soft_reuse"": false, ""revisit_gate_force_progress"": true, ""revisit_gate_protect_current"": false, ""revisit_gate_reason"": ""hybrid_forward_progress"", ""revisit_type"": """", ""selection_is_hard_retrieve"": false, ""selection_is_soft_reuse"": false, ""selection_is_progress"": false, ""action_mode"": ""Viewpoint Locomotion"", ""action_mode_confidence"": 0.6666666865348816, ""action_mode_reason"": ""move=0.6667:view=0.0400:Viewpoint Locomotion"", ""scheduler_path"": ""Viewpoint Locomotion->turn_transition"", ""turn_state"": ""TurnInProgress"", ""turn_confidence"": 0.50048828125, ""turn_duration"": 3, ""turn_direction"": ""right"", ""turn_reason"": ""rotation=0.0400"", ""window_layout_type"": ""turn_transition"", ""window_reason"": ""TurnInProgress:turn_transition"", ""frame_index"": 36, ""pose_x"": -0.5294543151651098, ""pose_z"": 2.1869312106367698, ""pose_yaw"": 0.2194010391831398, ""pose_pitch"": 0.0, ""delta_x"": 0.13204209022288574, ""delta_z"": 0.6534595299978181, ""local_delta_x"": 0.0, ""local_delta_z"": 0.6666666865348816, ""delta_yaw"": 0.0400390625, ""delta_pitch"": 0.0, ""movement_magnitude"": 0.6666666865348816, ""rotation_magnitude"": 0.0400390625, ""pose_confidence"": 1.0, ""reference_override_used"": true, ""retrieved_reference_active"": false, ""retrieved_reference_ids"": """", ""anchor_frame_id"": 27, ""anchor_distance"": -1.0, ""anchor_gap"": 7, ""anchor_lag"": -1.0, ""anchor_advance_triggered"": false}"
Experiment001,39,1785830389.8392537,36,29,32,0.9768199417740107,depth,225280,0.9768199417740107,physmem_keep,7 28 29 33 34 35 36 37 38,stableworld_tri_9,9,1,6,165.8307909965515,,,,,0.9768199417740107,,,,Turn Right,0.080078125,0.7199032773905046,,KEEP,0.7251395583152771,,,,depth,0.9768199417740107,0.9768199417740107,"{""frame_id"": 39, ""current_frame_id"": 36, ""similarity"": 0.9768199417740107, ""similarity_type"": ""depth"", ""matching_points"": 225280, ""confidence"": 0.9768199417740107, ""decision"": ""physmem_keep"", ""memory_state"": [7, 28, 29, 33, 34, 35, 36, 37, 38], ""memory_id"": ""stableworld_tri_9"", ""memory_size"": 9, ""replace_count"": 1, ""keep_count"": 6, ""runtime"": 165.8307909965515, ""pose_event"": """", ""use_pose_memory"": true, ""view_intent"": ""Turn Right"", ""move_intent"": ""None"", ""has_view_motion"": true, ""has_move_motion"": false, ""action_explanation"": ""viewpoint_change"", ""pose_delta_position"": 0.0, ""view_state"": ""Known View"", ""view_confidence"": 0.9110243055555556, ""view_pose_distance"": 0.0, ""view_yaw_delta"": 0.080078125, ""nearest_view_frame_id"": 34, ""memory_selection_mode"": ""turn_transition"", ""memory_selection_target"": null, ""memory_selection_anchor_type"": """", ""memory_selection_reason"": ""rotation=0.0801"", ""source_anchor_frame_id"": 7, ""source_anchor_locked"": true, ""protected_anchor_ids"": ""7"", ""loop_closure_detected"": false, ""turn_result"": ""UnstableTransition"", ""policy_mode"": ""ViewTransitionPolicy"", ""allow_memory_query"": false, ""allow_hard_retrieve"": false, ""allow_soft_reuse"": false, ""query_result"": """", ""candidate_count"": 0, ""best_candidate_frame_id"": null, ""best_candidate_score"": 0.0, ""best_candidate_pose_distance"": 0.0, ""best_candidate_yaw_delta"": 0.0, ""best_candidate_frame_gap"": 0, ""best_candidate_first_visit"": 0.0, ""best_candidate_visit_age"": 0.0, ""best_candidate_cluster_id"": -1, ""best_candidate_first_visit_frame_id"": null, ""target_window_ids"": """", ""retrieved_window_ids"": """", ""window_rank_reason"": """", ""trajectory_motion_state"": ""Idle"", ""trajectory_direction"": ""none"", ""trajectory_frames"": 0, ""trajectory_distance"": 0.0, ""trajectory_should_progress"": false, ""trajectory_confidence"": 0.0, ""revisit_gate_allow_retrieve"": false, ""revisit_gate_allow_soft_reuse"": false, ""revisit_gate_force_progress"": false, ""revisit_gate_protect_current"": true, ""revisit_gate_reason"": ""view_rotation_only"", ""revisit_type"": """", ""selection_is_hard_retrieve"": false, ""selection_is_soft_reuse"": false, ""selection_is_progress"": false, ""action_mode"": ""View Rotation Only"", ""action_mode_confidence"": 0.44487847222222227, ""action_mode_reason"": ""view=0.0801:Turn Right"", ""scheduler_path"": ""View Rotation Only->turn_transition"", ""turn_state"": ""TurnInProgress"", ""turn_confidence"": 1.0, ""turn_duration"": 4, ""turn_direction"": ""right"", ""turn_reason"": ""rotation=0.0801"", ""window_layout_type"": ""turn_transition"", ""window_reason"": ""TurnInProgress:turn_transition"", ""frame_index"": 39, ""pose_x"": -0.5294543151651098, ""pose_z"": 2.1869312106367698, ""pose_yaw"": 0.2994791641831398, ""pose_pitch"": 0.0, ""delta_x"": 0.0, ""delta_z"": 0.0, ""local_delta_x"": 0.0, ""local_delta_z"": 0.0, ""delta_yaw"": 0.080078125, ""delta_pitch"": 0.0, ""movement_magnitude"": 0.0, ""rotation_magnitude"": 0.080078125, ""pose_confidence"": 0.80078125, ""reference_override_used"": false, ""retrieved_reference_active"": false, ""retrieved_reference_ids"": """", ""anchor_frame_id"": 29, ""anchor_distance"": 1.7999303007100964, ""anchor_gap"": 7, ""anchor_lag"": 1.7999303007100964, ""anchor_advance_triggered"": false}"
Experiment001,42,1785830390.8618178,39,29,35,0.9246751889586449,depth,225280,0.9246751889586449,physmem_keep,7 28 29 36 37 38 39 40 41,stableworld_tri_9,9,1,6,56.63597909733653,,,,,0.9246751889586449,,,,Walk,0.6666666865348816,0.570133715476291,,KEEP,0.5943037867546082,,,,depth,0.9246751889586449,0.9246751889586449,"{""frame_id"": 42, ""current_frame_id"": 39, ""similarity"": 0.9246751889586449, ""similarity_type"": ""depth"", ""matching_points"": 225280, ""confidence"": 0.9246751889586449, ""decision"": ""physmem_keep"", ""memory_state"": [7, 28, 29, 36, 37, 38, 39, 40, 41], ""memory_id"": ""stableworld_tri_9"", ""memory_size"": 9, ""replace_count"": 1, ""keep_count"": 6, ""runtime"": 56.63597909733653, ""pose_event"": """", ""use_pose_memory"": true, ""view_intent"": ""None"", ""move_intent"": ""Walk"", ""has_view_motion"": false, ""has_move_motion"": true, ""action_explanation"": ""locomotion"", ""pose_delta_position"": 0.6666666865348816, ""view_state"": ""Known View"", ""view_confidence"": 0.5188674311232722, ""view_pose_distance"": 0.6666666865348817, ""view_yaw_delta"": 0.080078125, ""nearest_view_frame_id"": 34, ""memory_selection_mode"": ""orb_locomotion"", ""memory_selection_target"": null, ""memory_selection_anchor_type"": """", ""memory_selection_reason"": ""move=0.6667:Walk"", ""source_anchor_frame_id"": null, ""source_anchor_locked"": false, ""protected_anchor_ids"": """", ""loop_closure_detected"": false, ""turn_result"": """", ""policy_mode"": ""LocomotionPolicy"", ""allow_memory_query"": false, ""allow_hard_retrieve"": false, ""allow_soft_reuse"": false, ""query_result"": """", ""candidate_count"": 0, ""best_candidate_frame_id"": null, ""best_candidate_score"": 0.0, ""best_candidate_pose_distance"": 0.0, ""best_candidate_yaw_delta"": 0.0, ""best_candidate_frame_gap"": 0, ""best_candidate_first_visit"": 0.0, ""best_candidate_visit_age"": 0.0, ""best_candidate_cluster_id"": -1, ""best_candidate_first_visit_frame_id"": null, ""target_window_ids"": """", ""retrieved_window_ids"": """", ""window_rank_reason"": """", ""trajectory_motion_state"": ""Starting"", ""trajectory_direction"": ""forward"", ""trajectory_frames"": 1, ""trajectory_distance"": 0.6666666865348816, ""trajectory_should_progress"": false, ""trajectory_confidence"": 0.75, ""revisit_gate_allow_retrieve"": false, ""revisit_gate_allow_soft_reuse"": false, ""revisit_gate_force_progress"": false, ""revisit_gate_protect_current"": false, ""revisit_gate_reason"": ""locomotion_only_orb_dominant"", ""revisit_type"": """", ""selection_is_hard_retrieve"": false, ""selection_is_soft_reuse"": false, ""selection_is_progress"": false, ""action_mode"": ""Locomotion Only"", ""action_mode_confidence"": 0.6666666865348816, ""action_mode_reason"": ""move=0.6667:Walk"", ""scheduler_path"": ""Locomotion Only->orb_locomotion"", ""turn_state"": ""PostTurnStabilization"", ""turn_confidence"": 1.0, ""turn_duration"": 1, ""turn_direction"": ""right"", ""turn_reason"": ""mouse_stopped_after_turn"", ""window_layout_type"": ""orb_locomotion"", ""window_reason"": ""PostTurnStabilization:orb_locomotion"", ""frame_index"": 42, ""pose_x"": -0.33277258054335684, ""pose_z"": 2.8239247476538862, ""pose_yaw"": 0.2994791641831398, ""pose_pitch"": 0.0, ""delta_x"": 0.19668173462175292, ""delta_z"": 0.6369935370171164, ""local_delta_x"": 0.0, ""local_delta_z"": 0.6666666865348816, ""delta_yaw"": 0.0, ""delta_pitch"": 0.0, ""movement_magnitude"": 0.6666666865348816, ""rotation_magnitude"": 0.0, ""pose_confidence"": 1.0, ""reference_override_used"": false, ""retrieved_reference_active"": false, ""retrieved_reference_ids"": """", ""anchor_frame_id"": 29, ""anchor_distance"": 2.413832892024663, ""anchor_gap"": 10, ""anchor_lag"": 2.413832892024663, ""anchor_advance_triggered"": false}"
Experiment001,45,1785830391.86397,42,29,38,0.9341159984469414,depth,225280,0.9341159984469414,physmem_insert,36 37 38 39 40 41 42 43 44,stableworld_tri_9,9,1,6,55.5537911131978,,,,,0.9341159984469414,,,,Walk,1.201850436175566,0.5447260842593483,,INSERT,0.6096702218055725,,,,depth,0.9341159984469414,0.9341159984469414,"{""frame_id"": 45, ""current_frame_id"": 42, ""similarity"": 0.9341159984469414, ""similarity_type"": ""depth"", ""matching_points"": 225280, ""confidence"": 0.9341159984469414, ""decision"": ""physmem_insert"", ""memory_state"": [36, 37, 38, 39, 40, 41, 42, 43, 44], ""memory_id"": ""stableworld_tri_9"", ""memory_size"": 9, ""replace_count"": 1, ""keep_count"": 6, ""runtime"": 55.5537911131978, ""pose_event"": """", ""use_pose_memory"": true, ""view_intent"": ""None"", ""move_intent"": ""Walk"", ""has_view_motion"": false, ""has_move_motion"": true, ""action_explanation"": ""locomotion"", ""pose_delta_position"": 1.201850436175566, ""view_state"": ""Novel View"", ""view_confidence"": 0.5, ""view_pose_distance"": 1.2018504361755658, ""view_yaw_delta"": 0.0, ""nearest_view_frame_id"": 39, ""memory_selection_mode"": ""orb_locomotion"", ""memory_selection_target"": null, ""memory_selection_anchor_type"": """", ""memory_selection_reason"": ""move=1.2019:Walk"", ""source_anchor_frame_id"": null, ""source_anchor_locked"": false, ""protected_anchor_ids"": """", ""loop_closure_detected"": false, ""turn_result"": """", ""policy_mode"": ""LocomotionPolicy"", ""allow_memory_query"": false, ""allow_hard_retrieve"": false, ""allow_soft_reuse"": false, ""query_result"": """", ""candidate_count"": 0, ""best_candidate_frame_id"": null, ""best_candidate_score"": 0.0, ""best_candidate_pose_distance"": 0.0, ""best_candidate_yaw_delta"": 0.0, ""best_candidate_frame_gap"": 0, ""best_candidate_first_visit"": 0.0, ""best_candidate_visit_age"": 0.0, ""best_candidate_cluster_id"": -1, ""best_candidate_first_visit_frame_id"": null, ""target_window_ids"": """", ""retrieved_window_ids"": """", ""window_rank_reason"": """", ""trajectory_motion_state"": ""Progressing"", ""trajectory_direction"": ""forward"", ""trajectory_frames"": 2, ""trajectory_distance"": 1.8685171227104476, ""trajectory_should_progress"": true, ""trajectory_confidence"": 1.0, ""revisit_gate_allow_retrieve"": false, ""revisit_gate_allow_soft_reuse"": false, ""revisit_gate_force_progress"": false, ""revisit_gate_protect_current"": false, ""revisit_gate_reason"": ""locomotion_only_orb_dominant"", ""revisit_type"": """", ""selection_is_hard_retrieve"": false, ""selection_is_soft_reuse"": false, ""selection_is_progress"": false, ""action_mode"": ""Locomotion Only"", ""action_mode_confidence"": 1.0, ""action_mode_reason"": ""move=1.2019:Walk"", ""scheduler_path"": ""Locomotion Only->orb_locomotion"", ""turn_state"": ""PostTurnStabilization"", ""turn_confidence"": 0.5, ""turn_duration"": 2, ""turn_direction"": ""right"", ""turn_reason"": ""mouse_stopped_after_turn"", ""window_layout_type"": ""orb_locomotion"", ""window_reason"": ""PostTurnStabilization:orb_locomotion"", ""frame_index"": 45, ""pose_x"": -0.6747435244202022, ""pose_z"": 3.9760967593254843, ""pose_yaw"": 0.2994791641831398, ""pose_pitch"": 0.0, ""delta_x"": -0.3419709438768454, ""delta_z"": 1.1521720116715983, ""local_delta_x"": -0.6666666865348816, ""local_delta_z"": 1.0, ""delta_yaw"": 0.0, ""delta_pitch"": 0.0, ""movement_magnitude"": 1.201850436175566, ""rotation_magnitude"": 0.0, ""pose_confidence"": 1.0, ""reference_override_used"": false, ""retrieved_reference_active"": false, ""retrieved_reference_ids"": """", ""anchor_frame_id"": 29, ""anchor_distance"": 3.59158529094149, ""anchor_gap"": 13, ""anchor_lag"": 3.59158529094149, ""anchor_advance_triggered"": false}"
Experiment001,48,1785830393.0768995,45,38,41,0.9307728707790375,depth,225280,0.9307728707790375,physmem_insert,36 38 40 41 42 43 44 45 46,stableworld_tri_9,9,1,7,79.02881409972906,,,,,0.9307728707790375,,,,Viewpoint Locomotion,0.4714045348399812,0.6275837291096602,,INSERT,0.7749758958816528,,,,depth,0.9307728707790375,0.9307728707790375,"{""frame_id"": 48, ""current_frame_id"": 45, ""similarity"": 0.9307728707790375, ""similarity_type"": ""depth"", ""matching_points"": 225280, ""confidence"": 0.9307728707790375, ""decision"": ""physmem_insert"", ""memory_state"": [36, 38, 40, 41, 42, 43, 44, 45, 46], ""memory_id"": ""stableworld_tri_9"", ""memory_size"": 9, ""replace_count"": 1, ""keep_count"": 7, ""runtime"": 79.02881409972906, ""pose_event"": """", ""use_pose_memory"": true, ""view_intent"": ""Turn Left"", ""move_intent"": ""Walk"", ""has_view_motion"": true, ""has_move_motion"": true, ""action_explanation"": ""viewpoint_locomotion"", ""pose_delta_position"": 0.4714045348399812, ""view_state"": ""Known View"", ""view_confidence"": 0.5896013657076336, ""view_pose_distance"": 0.471404534839981, ""view_yaw_delta"": 0.1197916641831398, ""nearest_view_frame_id"": 42, ""memory_selection_mode"": ""protect_current"", ""memory_selection_target"": null, ""memory_selection_anchor_type"": """", ""memory_selection_reason"": ""move=0.4714:view=0.1198:Viewpoint Locomotion"", ""source_anchor_frame_id"": 38, ""source_anchor_locked"": true, ""protected_anchor_ids"": ""38"", ""loop_closure_detected"": false, ""turn_result"": ""TurnStart"", ""policy_mode"": ""TurnStartPolicy"", ""allow_memory_query"": false, ""allow_hard_retrieve"": false, ""allow_soft_reuse"": false, ""query_result"": """", ""candidate_count"": 0, ""best_candidate_frame_id"": null, ""best_candidate_score"": 0.0, ""best_candidate_pose_distance"": 0.0, ""best_candidate_yaw_delta"": 0.0, ""best_candidate_frame_gap"": 0, ""best_candidate_first_visit"": 0.0, ""best_candidate_visit_age"": 0.0, ""best_candidate_cluster_id"": -1, ""best_candidate_first_visit_frame_id"": null, ""target_window_ids"": """", ""retrieved_window_ids"": """", ""window_rank_reason"": """", ""trajectory_motion_state"": ""Progressing"", ""trajectory_direction"": ""forward"", ""trajectory_frames"": 3, ""trajectory_distance"": 2.3399216575504287, ""trajectory_should_progress"": true, ""trajectory_confidence"": 1.0, ""revisit_gate_allow_retrieve"": false, ""revisit_gate_allow_soft_reuse"": false, ""revisit_gate_force_progress"": true, ""revisit_gate_protect_current"": false, ""revisit_gate_reason"": ""hybrid_forward_progress"", ""revisit_type"": """", ""selection_is_hard_retrieve"": false, ""selection_is_soft_reuse"": false, ""selection_is_progress"": false, ""action_mode"": ""Viewpoint Locomotion"", ""action_mode_confidence"": 0.4714045348399812, ""action_mode_reason"": ""move=0.4714:view=0.1198:Viewpoint Locomotion"", ""scheduler_path"": ""Viewpoint Locomotion->protect_current"", ""turn_state"": ""TurnStart"", ""turn_confidence"": 1.0, ""turn_duration"": 1, ""turn_direction"": ""left"", ""turn_reason"": ""rotation=0.1198"", ""window_layout_type"": ""protect_current"", ""window_reason"": ""TurnStart:protect_current"", ""frame_index"": 48, ""pose_x"": -0.919456549428171, ""pose_z"": 4.379008376009774, ""pose_yaw"": 0.1796875, ""pose_pitch"": 0.0, ""delta_x"": -0.24471302500796882, ""delta_z"": 0.40291161668429004, ""local_delta_x"": -0.3333333432674408, ""local_delta_z"": 0.3333333432674408, ""delta_yaw"": -0.1197916641831398, ""delta_pitch"": 0.0, ""movement_magnitude"": 0.4714045348399812, ""rotation_magnitude"": 0.1197916641831398, ""pose_confidence"": 1.0, ""reference_override_used"": false, ""retrieved_reference_active"": false, ""retrieved_reference_ids"": """", ""anchor_frame_id"": 38, ""anchor_distance"": -1.0, ""anchor_gap"": 7, ""anchor_lag"": -1.0, ""anchor_advance_triggered"": false}"
Experiment001,51,1785830395.1287003,47,40,43,0.9565723277628422,depth,225280,0.9565723277628422,physmem_keep,36 38 40 44 45 46 47 48 49,stableworld_tri_9,9,1,6,141.45641215145588,,,,,0.9565723277628422,,,,Turn Left,0.1796875,0.6553506933575237,,KEEP,0.7887445092201233,,,,depth,0.9565723277628422,0.9565723277628422,"{""frame_id"": 51, ""current_frame_id"": 47, ""similarity"": 0.9565723277628422, ""similarity_type"": ""depth"", ""matching_points"": 225280, ""confidence"": 0.9565723277628422, ""decision"": ""physmem_keep"", ""memory_state"": [36, 38, 40, 44, 45, 46, 47, 48, 49], ""memory_id"": ""stableworld_tri_9"", ""memory_size"": 9, ""replace_count"": 1, ""keep_count"": 6, ""runtime"": 141.45641215145588, ""pose_event"": """", ""use_pose_memory"": true, ""view_intent"": ""Turn Left"", ""move_intent"": ""None"", ""has_view_motion"": true, ""has_move_motion"": false, ""action_explanation"": ""viewpoint_change"", ""pose_delta_position"": 0.0, ""view_state"": ""View Transition"", ""view_confidence"": 0.5989583333333334, ""view_pose_distance"": 0.0, ""view_yaw_delta"": 0.1796875, ""nearest_view_frame_id"": 45, ""memory_selection_mode"": ""turn_transition"", ""memory_selection_target"": null, ""memory_selection_anchor_type"": """", ""memory_selection_reason"": ""rotation=0.1797"", ""source_anchor_frame_id"": 38, ""source_anchor_locked"": true, ""protected_anchor_ids"": ""38"", ""loop_closure_detected"": false, ""turn_result"": ""UnstableTransition"", ""policy_mode"": ""ViewTransitionPolicy"", ""allow_memory_query"": false, ""allow_hard_retrieve"": false, ""allow_soft_reuse"": false, ""query_result"": """", ""candidate_count"": 0, ""best_candidate_frame_id"": null, ""best_candidate_score"": 0.0, ""best_candidate_pose_distance"": 0.0, ""best_candidate_yaw_delta"": 0.0, ""best_candidate_frame_gap"": 0, ""best_candidate_first_visit"": 0.0, ""best_candidate_visit_age"": 0.0, ""best_candidate_cluster_id"": -1, ""best_candidate_first_visit_frame_id"": null, ""target_window_ids"": """", ""retrieved_window_ids"": """", ""window_rank_reason"": """", ""trajectory_motion_state"": ""Idle"", ""trajectory_direction"": ""none"", ""trajectory_frames"": 0, ""trajectory_distance"": 0.0, ""trajectory_should_progress"": false, ""trajectory_confidence"": 0.0, ""revisit_gate_allow_retrieve"": false, ""revisit_gate_allow_soft_reuse"": false, ""revisit_gate_force_progress"": false, ""revisit_gate_protect_current"": true, ""revisit_gate_reason"": ""view_transition"", ""revisit_type"": """", ""selection_is_hard_retrieve"": false, ""selection_is_soft_reuse"": false, ""selection_is_progress"": false, ""action_mode"": ""View Rotation Only"", ""action_mode_confidence"": 0.998263888888889, ""action_mode_reason"": ""view=0.1797:Turn Left"", ""scheduler_path"": ""View Rotation Only->turn_transition"", ""turn_state"": ""TurnInProgress"", ""turn_confidence"": 1.0, ""turn_duration"": 2, ""turn_direction"": ""left"", ""turn_reason"": ""rotation=0.1797"", ""window_layout_type"": ""turn_transition"", ""window_reason"": ""TurnInProgress:turn_transition"", ""frame_index"": 51, ""pose_x"": -0.919456549428171, ""pose_z"": 4.379008376009774, ""pose_yaw"": 0.0, ""pose_pitch"": 0.0, ""delta_x"": 0.0, ""delta_z"": 0.0, ""local_delta_x"": 0.0, ""local_delta_z"": 0.0, ""delta_yaw"": -0.1796875, ""delta_pitch"": 0.0, ""movement_magnitude"": 0.0, ""rotation_magnitude"": 0.1796875, ""pose_confidence"": 1.0, ""reference_override_used"": false, ""retrieved_reference_active"": false, ""retrieved_reference_ids"": """", ""anchor_frame_id"": 40, ""anchor_distance"": -1.0, ""anchor_gap"": 7, ""anchor_lag"": -1.0, ""anchor_advance_triggered"": false}"
Experiment001,54,1785830397.1749823,50,40,46,0.9598578065633774,depth,225280,0.9598578065633774,physmem_keep,36 38 40 47 48 49 50 51 52,stableworld_tri_9,9,1,6,86.99004398658872,,,,,0.9598578065633774,,,,Turn Right,0.0598958320915699,0.7414839114446748,,KEEP,0.6855760812759399,,,,depth,0.9598578065633774,0.9598578065633774,"{""frame_id"": 54, ""current_frame_id"": 50, ""similarity"": 0.9598578065633774, ""similarity_type"": ""depth"", ""matching_points"": 225280, ""confidence"": 0.9598578065633774, ""decision"": ""physmem_keep"", ""memory_state"": [36, 38, 40, 47, 48, 49, 50, 51, 52], ""memory_id"": ""stableworld_tri_9"", ""memory_size"": 9, ""replace_count"": 1, ""keep_count"": 6, ""runtime"": 86.99004398658872, ""pose_event"": """", ""use_pose_memory"": true, ""view_intent"": ""Turn Right"", ""move_intent"": ""None"", ""has_view_motion"": true, ""has_move_motion"": false, ""action_explanation"": ""viewpoint_change"", ""pose_delta_position"": 0.0, ""view_state"": ""Known View"", ""view_confidence"": 0.866898146768411, ""view_pose_distance"": 0.0, ""view_yaw_delta"": 0.1197916679084301, ""nearest_view_frame_id"": 45, ""memory_selection_mode"": ""turn_transition"", ""memory_selection_target"": null, ""memory_selection_anchor_type"": """", ""memory_selection_reason"": ""rotation=0.0599"", ""source_anchor_frame_id"": 38, ""source_anchor_locked"": true, ""protected_anchor_ids"": ""38"", ""loop_closure_detected"": false, ""turn_result"": ""UnstableTransition"", ""policy_mode"": ""ViewTransitionPolicy"", ""allow_memory_query"": false, ""allow_hard_retrieve"": false, ""allow_soft_reuse"": false, ""query_result"": """", ""candidate_count"": 0, ""best_candidate_frame_id"": null, ""best_candidate_score"": 0.0, ""best_candidate_pose_distance"": 0.0, ""best_candidate_yaw_delta"": 0.0, ""best_candidate_frame_gap"": 0, ""best_candidate_first_visit"": 0.0, ""best_candidate_visit_age"": 0.0, ""best_candidate_cluster_id"": -1, ""best_candidate_first_visit_frame_id"": null, ""target_window_ids"": """", ""retrieved_window_ids"": """", ""window_rank_reason"": """", ""trajectory_motion_state"": ""Idle"", ""trajectory_direction"": ""none"", ""trajectory_frames"": 0, ""trajectory_distance"": 0.0, ""trajectory_should_progress"": false, ""trajectory_confidence"": 0.0, ""revisit_gate_allow_retrieve"": false, ""revisit_gate_allow_soft_reuse"": false, ""revisit_gate_force_progress"": false, ""revisit_gate_protect_current"": true, ""revisit_gate_reason"": ""view_rotation_only"", ""revisit_type"": """", ""selection_is_hard_retrieve"": false, ""selection_is_soft_reuse"": false, ""selection_is_progress"": false, ""action_mode"": ""View Rotation Only"", ""action_mode_confidence"": 0.3327546227309439, ""action_mode_reason"": ""view=0.0599:Turn Right"", ""scheduler_path"": ""View Rotation Only->turn_transition"", ""turn_state"": ""TurnInProgress"", ""turn_confidence"": 0.7486979011446238, ""turn_duration"": 3, ""turn_direction"": ""right"", ""turn_reason"": ""rotation=0.0599"", ""window_layout_type"": ""turn_transition"", ""window_reason"": ""TurnInProgress:turn_transition"", ""frame_index"": 54, ""pose_x"": -0.919456549428171, ""pose_z"": 4.379008376009774, ""pose_yaw"": 0.0598958320915699, ""pose_pitch"": 0.0, ""delta_x"": 0.0, ""delta_z"": 0.0, ""local_delta_x"": 0.0, ""local_delta_z"": 0.0, ""delta_yaw"": 0.0598958320915699, ""delta_pitch"": 0.0, ""movement_magnitude"": 0.0, ""rotation_magnitude"": 0.0598958320915699, ""pose_confidence"": 0.598958320915699, ""reference_override_used"": false, ""retrieved_reference_active"": false, ""retrieved_reference_ids"": """", ""anchor_frame_id"": 40, ""anchor_distance"": -1.0, ""anchor_gap"": 10, ""anchor_lag"": -1.0, ""anchor_advance_triggered"": false}"
Experiment001,57,1785830399.2273915,53,40,49,0.9255176782608032,depth,225280,0.9255176782608032,physmem_keep,36 38 40 50 51 52 53 54 55,stableworld_tri_9,9,1,6,92.26971212774515,,,,,0.9255176782608032,,,,Turn Right,0.1796875,0.5965819484842578,,KEEP,0.6540316343307495,,,,depth,0.9255176782608032,0.9255176782608032,"{""frame_id"": 57, ""current_frame_id"": 53, ""similarity"": 0.9255176782608032, ""similarity_type"": ""depth"", ""matching_points"": 225280, ""confidence"": 0.9255176782608032, ""decision"": ""physmem_keep"", ""memory_state"": [36, 38, 40, 50, 51, 52, 53, 54, 55], ""memory_id"": ""stableworld_tri_9"", ""memory_size"": 9, ""replace_count"": 1, ""keep_count"": 6, ""runtime"": 92.26971212774515, ""pose_event"": """", ""use_pose_memory"": true, ""view_intent"": ""Turn Right"", ""move_intent"": ""None"", ""has_view_motion"": true, ""has_move_motion"": false, ""action_explanation"": ""viewpoint_change"", ""pose_delta_position"": 0.0, ""view_state"": ""View Transition"", ""view_confidence"": 0.5989583333333334, ""view_pose_distance"": 0.0, ""view_yaw_delta"": 0.0598958320915699, ""nearest_view_frame_id"": 45, ""memory_selection_mode"": ""turn_transition"", ""memory_selection_target"": null, ""memory_selection_anchor_type"": """", ""memory_selection_reason"": ""rotation=0.1797"", ""source_anchor_frame_id"": 38, ""source_anchor_locked"": true, ""protected_anchor_ids"": ""38"", ""loop_closure_detected"": false, ""turn_result"": ""UnstableTransition"", ""policy_mode"": ""ViewTransitionPolicy"", ""allow_memory_query"": false, ""allow_hard_retrieve"": false, ""allow_soft_reuse"": false, ""query_result"": """", ""candidate_count"": 0, ""best_candidate_frame_id"": null, ""best_candidate_score"": 0.0, ""best_candidate_pose_distance"": 0.0, ""best_candidate_yaw_delta"": 0.0, ""best_candidate_frame_gap"": 0, ""best_candidate_first_visit"": 0.0, ""best_candidate_visit_age"": 0.0, ""best_candidate_cluster_id"": -1, ""best_candidate_first_visit_frame_id"": null, ""target_window_ids"": """", ""retrieved_window_ids"": """", ""window_rank_reason"": """", ""trajectory_motion_state"": ""Idle"", ""trajectory_direction"": ""none"", ""trajectory_frames"": 0, ""trajectory_distance"": 0.0, ""trajectory_should_progress"": false, ""trajectory_confidence"": 0.0, ""revisit_gate_allow_retrieve"": false, ""revisit_gate_allow_soft_reuse"": false, ""revisit_gate_force_progress"": false, ""revisit_gate_protect_current"": true, ""revisit_gate_reason"": ""view_transition"", ""revisit_type"": """", ""selection_is_hard_retrieve"": false, ""selection_is_soft_reuse"": false, ""selection_is_progress"": false, ""action_mode"": ""View Rotation Only"", ""action_mode_confidence"": 0.998263888888889, ""action_mode_reason"": ""view=0.1797:Turn Right"", ""scheduler_path"": ""View Rotation Only->turn_transition"", ""turn_state"": ""TurnInProgress"", ""turn_confidence"": 1.0, ""turn_duration"": 4, ""turn_direction"": ""right"", ""turn_reason"": ""rotation=0.1797"", ""window_layout_type"": ""turn_transition"", ""window_reason"": ""TurnInProgress:turn_transition"", ""frame_index"": 57, ""pose_x"": -0.919456549428171, ""pose_z"": 4.379008376009774, ""pose_yaw"": 0.2395833320915699, ""pose_pitch"": 0.0, ""delta_x"": 0.0, ""delta_z"": 0.0, ""local_delta_x"": 0.0, ""local_delta_z"": 0.0, ""delta_yaw"": 0.1796875, ""delta_pitch"": 0.0, ""movement_magnitude"": 0.0, ""rotation_magnitude"": 0.1796875, ""pose_confidence"": 1.0, ""reference_override_used"": false, ""retrieved_reference_active"": false, ""retrieved_reference_ids"": """", ""anchor_frame_id"": 40, ""anchor_distance"": -1.0, ""anchor_gap"": 13, ""anchor_lag"": -1.0, ""anchor_advance_triggered"": false}"
Experiment001,60,1785830401.5507514,56,40,52,0.912240706384182,depth,225280,0.912240706384182,physmem_keep,36 38 40 53 54 55 56 57 58,stableworld_tri_9,9,1,6,100.10658809915185,,,,,0.912240706384182,,,,Turn Right,0.0598958320915699,0.7431799354359615,,KEEP,0.6895782351493835,,,,depth,0.912240706384182,0.912240706384182,"{""frame_id"": 60, ""current_frame_id"": 56, ""similarity"": 0.912240706384182, ""similarity_type"": ""depth"", ""matching_points"": 225280, ""confidence"": 0.912240706384182, ""decision"": ""physmem_keep"", ""memory_state"": [36, 38, 40, 53, 54, 55, 56, 57, 58], ""memory_id"": ""stableworld_tri_9"", ""memory_size"": 9, ""replace_count"": 1, ""keep_count"": 6, ""runtime"": 100.10658809915185, ""pose_event"": """", ""use_pose_memory"": true, ""view_intent"": ""Turn Right"", ""move_intent"": ""None"", ""has_view_motion"": true, ""has_move_motion"": false, ""action_explanation"": ""viewpoint_change"", ""pose_delta_position"": 0.0, ""view_state"": ""Revisit"", ""view_confidence"": 0.8288690511669431, ""view_pose_distance"": 0.0, ""view_yaw_delta"": 0.1197916641831398, ""nearest_view_frame_id"": 45, ""key_anchor_frame_id"": 56, ""key_anchor_type"": ""revisit_anchor"", ""key_anchor_reason"": ""pose_revisit"", ""memory_selection_mode"": ""retrieve_window"", ""memory_selection_target"": 42, ""memory_selection_anchor_type"": ""pose_path_window"", ""memory_selection_reason"": ""pose_path_window:yaw=0.0000:pose=0.4714:gap=14:fid=0.974:first=1.00:age=1.00:stab=1.000:cluster=5:score=0.816"", ""source_anchor_frame_id"": 38, ""source_anchor_locked"": true, ""protected_anchor_ids"": ""38 7 28 29"", ""loop_closure_detected"": true, ""turn_result"": ""ReturnToKnownView"", ""policy_mode"": ""RevisitPolicy"", ""allow_memory_query"": true, ""allow_hard_retrieve"": true, ""allow_soft_reuse"": true, ""query_result"": ""matched_window"", ""candidate_count"": 8, ""best_candidate_frame_id"": 42, ""best_candidate_score"": 0.8163921240426717, ""best_candidate_pose_distance"": 0.471404534839981, ""best_candidate_yaw_delta"": 0.0, ""best_candidate_frame_gap"": 14, ""best_candidate_first_visit"": 1.0, ""best_candidate_visit_age"": 1.0, ""best_candidate_cluster_id"": 5, ""best_candidate_first_visit_frame_id"": 42, ""target_window_ids"": ""7 28 29 36 37 38 39 40 41"", ""retrieved_window_ids"": ""7 28 29 36 37 38 39 40 41"", ""window_rank_reason"": ""yaw=0.0000:pose=0.4714:gap=14:fid=0.974:first=1.00:age=1.00:stab=1.000:cluster=5:score=0.816"", ""trajectory_motion_state"": ""Idle"", ""trajectory_direction"": ""none"", ""trajectory_frames"": 0, ""trajectory_distance"": 0.0, ""trajectory_should_progress"": false, ""trajectory_confidence"": 0.0, ""revisit_gate_allow_retrieve"": true, ""revisit_gate_allow_soft_reuse"": false, ""revisit_gate_force_progress"": false, ""revisit_gate_protect_current"": false, ""revisit_gate_reason"": ""stable_revisit"", ""revisit_type"": ""stable"", ""selection_is_hard_retrieve"": false, ""selection_is_soft_reuse"": false, ""selection_is_progress"": false, ""action_mode"": ""View Rotation Only"", ""action_mode_confidence"": 0.3327546227309439, ""action_mode_reason"": ""view=0.0599:Turn Right"", ""scheduler_path"": ""View Rotation Only->retrieve_window"", ""turn_state"": ""TurnInProgress"", ""turn_confidence"": 0.7486979011446238, ""turn_duration"": 5, ""turn_direction"": ""right"", ""turn_reason"": ""rotation=0.0599"", ""window_layout_type"": ""retrieve_window"", ""window_reason"": ""TurnInProgress:retrieve_window"", ""frame_index"": 60, ""pose_x"": -0.919456549428171, ""pose_z"": 4.379008376009774, ""pose_yaw"": 0.2994791641831398, ""pose_pitch"": 0.0, ""delta_x"": 0.0, ""delta_z"": 0.0, ""local_delta_x"": 0.0, ""local_delta_z"": 0.0, ""delta_yaw"": 0.0598958320915699, ""delta_pitch"": 0.0, ""movement_magnitude"": 0.0, ""rotation_magnitude"": 0.0598958320915699, ""pose_confidence"": 0.598958320915699, ""reference_override_used"": false, ""retrieved_reference_active"": true, ""retrieved_reference_ids"": ""7 28 29 36 37 38 39 40 41"", ""anchor_frame_id"": 40, ""anchor_distance"": -1.0, ""anchor_gap"": 16, ""anchor_lag"": -1.0, ""anchor_advance_triggered"": false}"
Experiment001,63,1785830404.5422986,59,29,55,0.9267967864871025,depth,225280,0.9267967864871025,physmem_insert,53 54 55 56 57 58 59 60 61,stableworld_tri_9,9,1,6,128.05845076218247,,,,,0.9267967864871025,,,,Walk,1.0,0.4922073499605222,,INSERT,0.5469536781311035,,,,depth,0.9267967864871025,0.9267967864871025,"{""frame_id"": 63, ""current_frame_id"": 59, ""similarity"": 0.9267967864871025, ""similarity_type"": ""depth"", ""matching_points"": 225280, ""confidence"": 0.9267967864871025, ""decision"": ""physmem_insert"", ""memory_state"": [53, 54, 55, 56, 57, 58, 59, 60, 61], ""memory_id"": ""stableworld_tri_9"", ""memory_size"": 9, ""replace_count"": 1, ""keep_count"": 6, ""runtime"": 128.05845076218247, ""pose_event"": """", ""use_pose_memory"": true, ""view_intent"": ""None"", ""move_intent"": ""Walk"", ""has_view_motion"": false, ""has_move_motion"": true, ""action_explanation"": ""locomotion"", ""pose_delta_position"": 1.0, ""view_state"": ""Novel View"", ""view_confidence"": 0.5, ""view_pose_distance"": 1.0000000000000002, ""view_yaw_delta"": 0.1197916641831398, ""nearest_view_frame_id"": 45, ""memory_selection_mode"": ""orb_locomotion"", ""memory_selection_target"": null, ""memory_selection_anchor_type"": """", ""memory_selection_reason"": ""move=1.0000:Walk"", ""source_anchor_frame_id"": null, ""source_anchor_locked"": false, ""protected_anchor_ids"": """", ""loop_closure_detected"": false, ""turn_result"": """", ""policy_mode"": ""LocomotionPolicy"", ""allow_memory_query"": false, ""allow_hard_retrieve"": false, ""allow_soft_reuse"": false, ""query_result"": """", ""candidate_count"": 0, ""best_candidate_frame_id"": null, ""best_candidate_score"": 0.0, ""best_candidate_pose_distance"": 0.0, ""best_candidate_yaw_delta"": 0.0, ""best_candidate_frame_gap"": 0, ""best_candidate_first_visit"": 0.0, ""best_candidate_visit_age"": 0.0, ""best_candidate_cluster_id"": -1, ""best_candidate_first_visit_frame_id"": null, ""target_window_ids"": """", ""retrieved_window_ids"": """", ""window_rank_reason"": """", ""trajectory_motion_state"": ""Starting"", ""trajectory_direction"": ""forward"", ""trajectory_frames"": 1, ""trajectory_distance"": 1.0, ""trajectory_should_progress"": false, ""trajectory_confidence"": 0.75, ""revisit_gate_allow_retrieve"": false, ""revisit_gate_allow_soft_reuse"": false, ""revisit_gate_force_progress"": false, ""revisit_gate_protect_current"": false, ""revisit_gate_reason"": ""locomotion_only_orb_dominant"", ""revisit_type"": """", ""selection_is_hard_retrieve"": false, ""selection_is_soft_reuse"": false, ""selection_is_progress"": false, ""action_mode"": ""Locomotion Only"", ""action_mode_confidence"": 1.0, ""action_mode_reason"": ""move=1.0000:Walk"", ""scheduler_path"": ""Locomotion Only->orb_locomotion"", ""turn_state"": ""PostTurnStabilization"", ""turn_confidence"": 1.0, ""turn_duration"": 1, ""turn_direction"": ""right"", ""turn_reason"": ""mouse_stopped_after_turn"", ""window_layout_type"": ""orb_locomotion"", ""window_reason"": ""PostTurnStabilization:orb_locomotion"", ""frame_index"": 63, ""pose_x"": -0.6244339562879, ""pose_z"": 5.33449865305962, ""pose_yaw"": 0.2994791641831398, ""pose_pitch"": 0.0, ""delta_x"": 0.29502259314027096, ""delta_z"": 0.9554902770498453, ""local_delta_x"": 0.0, ""local_delta_z"": 1.0, ""delta_yaw"": 0.0, ""delta_pitch"": 0.0, ""movement_magnitude"": 1.0, ""rotation_magnitude"": 0.0, ""pose_confidence"": 1.0, ""reference_override_used"": true, ""retrieved_reference_active"": true, ""retrieved_reference_ids"": ""7 28 29 36 37 38 39 40 41"", ""anchor_frame_id"": 40, ""anchor_distance"": -1.0, ""anchor_gap"": 19, ""anchor_lag"": -1.0, ""anchor_advance_triggered"": false}"
Experiment001,66,1785830407.2155824,62,29,58,0.9386417977511883,depth,225280,0.9386417977511883,physmem_insert,56 57 58 59 60 61 62 63 64,stableworld_tri_9,9,1,6,96.70470701530576,,,,,0.9386417977511883,,,,Walk,1.0,0.48627461152905155,,INSERT,0.46623164415359497,,,,depth,0.9386417977511883,0.9386417977511883,"{""frame_id"": 66, ""current_frame_id"": 62, ""similarity"": 0.9386417977511883, ""similarity_type"": ""depth"", ""matching_points"": 225280, ""confidence"": 0.9386417977511883, ""decision"": ""physmem_insert"", ""memory_state"": [56, 57, 58, 59, 60, 61, 62, 63, 64], ""memory_id"": ""stableworld_tri_9"", ""memory_size"": 9, ""replace_count"": 1, ""keep_count"": 6, ""runtime"": 96.70470701530576, ""pose_event"": """", ""use_pose_memory"": true, ""view_intent"": ""None"", ""move_intent"": ""Walk"", ""has_view_motion"": false, ""has_move_motion"": true, ""action_explanation"": ""locomotion"", ""pose_delta_position"": 1.0, ""view_state"": ""Novel View"", ""view_confidence"": 0.5, ""view_pose_distance"": 1.0000000000000002, ""view_yaw_delta"": 0.0, ""nearest_view_frame_id"": 59, ""memory_selection_mode"": ""orb_locomotion"", ""memory_selection_target"": null, ""memory_selection_anchor_type"": """", ""memory_selection_reason"": ""move=1.0000:Walk"", ""source_anchor_frame_id"": null, ""source_anchor_locked"": false, ""protected_anchor_ids"": """", ""loop_closure_detected"": false, ""turn_result"": """", ""policy_mode"": ""LocomotionPolicy"", ""allow_memory_query"": false, ""allow_hard_retrieve"": false, ""allow_soft_reuse"": false, ""query_result"": """", ""candidate_count"": 0, ""best_candidate_frame_id"": null, ""best_candidate_score"": 0.0, ""best_candidate_pose_distance"": 0.0, ""best_candidate_yaw_delta"": 0.0, ""best_candidate_frame_gap"": 0, ""best_candidate_first_visit"": 0.0, ""best_candidate_visit_age"": 0.0, ""best_candidate_cluster_id"": -1, ""best_candidate_first_visit_frame_id"": null, ""target_window_ids"": """", ""retrieved_window_ids"": """", ""window_rank_reason"": """", ""trajectory_motion_state"": ""Progressing"", ""trajectory_direction"": ""forward"", ""trajectory_frames"": 2, ""trajectory_distance"": 2.0, ""trajectory_should_progress"": true, ""trajectory_confidence"": 1.0, ""revisit_gate_allow_retrieve"": false, ""revisit_gate_allow_soft_reuse"": false, ""revisit_gate_force_progress"": false, ""revisit_gate_protect_current"": false, ""revisit_gate_reason"": ""locomotion_only_orb_dominant"", ""revisit_type"": """", ""selection_is_hard_retrieve"": false, ""selection_is_soft_reuse"": false, ""selection_is_progress"": false, ""action_mode"": ""Locomotion Only"", ""action_mode_confidence"": 1.0, ""action_mode_reason"": ""move=1.0000:Walk"", ""scheduler_path"": ""Locomotion Only->orb_locomotion"", ""turn_state"": ""PostTurnStabilization"", ""turn_confidence"": 0.5, ""turn_duration"": 2, ""turn_direction"": ""right"", ""turn_reason"": ""mouse_stopped_after_turn"", ""window_layout_type"": ""orb_locomotion"", ""window_reason"": ""PostTurnStabilization:orb_locomotion"", ""frame_index"": 66, ""pose_x"": -0.32941136314762903, ""pose_z"": 6.289988930109465, ""pose_yaw"": 0.2994791641831398, ""pose_pitch"": 0.0, ""delta_x"": 0.29502259314027096, ""delta_z"": 0.9554902770498453, ""local_delta_x"": 0.0, ""local_delta_z"": 1.0, ""delta_yaw"": 0.0, ""delta_pitch"": 0.0, ""movement_magnitude"": 1.0, ""rotation_magnitude"": 0.0, ""pose_confidence"": 1.0, ""reference_override_used"": true, ""retrieved_reference_active"": true, ""retrieved_reference_ids"": ""7 28 29 36 37 38 39 40 41"", ""anchor_frame_id"": 55, ""anchor_distance"": -1.0, ""anchor_gap"": 7, ""anchor_lag"": -1.0, ""anchor_advance_triggered"": false}"
Experiment001,69,1785830409.077117,65,29,61,0.9539113752543926,depth,225280,0.9539113752543926,physmem_insert,59 60 61 62 63 64 65 66 67,stableworld_tri_9,9,1,6,88.05415313690901,,,,,0.9539113752543926,,,,Backward,1.0,0.5384546702462654,,INSERT,0.5579934120178223,,,,depth,0.9539113752543926,0.9539113752543926,"{""frame_id"": 69, ""current_frame_id"": 65, ""similarity"": 0.9539113752543926, ""similarity_type"": ""depth"", ""matching_points"": 225280, ""confidence"": 0.9539113752543926, ""decision"": ""physmem_insert"", ""memory_state"": [59, 60, 61, 62, 63, 64, 65, 66, 67], ""memory_id"": ""stableworld_tri_9"", ""memory_size"": 9, ""replace_count"": 1, ""keep_count"": 6, ""runtime"": 88.05415313690901, ""pose_event"": """", ""use_pose_memory"": true, ""view_intent"": ""None"", ""move_intent"": ""Backward"", ""has_view_motion"": false, ""has_move_motion"": true, ""action_explanation"": ""locomotion"", ""pose_delta_position"": 1.0, ""view_state"": ""Known View"", ""view_confidence"": 1.0, ""view_pose_distance"": 0.0, ""view_yaw_delta"": 0.0, ""nearest_view_frame_id"": 59, ""memory_selection_mode"": ""orb_locomotion"", ""memory_selection_target"": null, ""memory_selection_anchor_type"": """", ""memory_selection_reason"": ""move=1.0000:Backward"", ""source_anchor_frame_id"": null, ""source_anchor_locked"": false, ""protected_anchor_ids"": """", ""loop_closure_detected"": false, ""turn_result"": """", ""policy_mode"": ""LocomotionPolicy"", ""allow_memory_query"": false, ""allow_hard_retrieve"": false, ""allow_soft_reuse"": false, ""query_result"": """", ""candidate_count"": 0, ""best_candidate_frame_id"": null, ""best_candidate_score"": 0.0, ""best_candidate_pose_distance"": 0.0, ""best_candidate_yaw_delta"": 0.0, ""best_candidate_frame_gap"": 0, ""best_candidate_first_visit"": 0.0, ""best_candidate_visit_age"": 0.0, ""best_candidate_cluster_id"": -1, ""best_candidate_first_visit_frame_id"": null, ""target_window_ids"": """", ""retrieved_window_ids"": """", ""window_rank_reason"": """", ""trajectory_motion_state"": ""Starting"", ""trajectory_direction"": ""backward"", ""trajectory_frames"": 1, ""trajectory_distance"": 1.0, ""trajectory_should_progress"": false, ""trajectory_confidence"": 0.75, ""revisit_gate_allow_retrieve"": false, ""revisit_gate_allow_soft_reuse"": false, ""revisit_gate_force_progress"": false, ""revisit_gate_protect_current"": false, ""revisit_gate_reason"": ""locomotion_only_orb_dominant"", ""revisit_type"": """", ""selection_is_hard_retrieve"": false, ""selection_is_soft_reuse"": false, ""selection_is_progress"": false, ""action_mode"": ""Locomotion Only"", ""action_mode_confidence"": 1.0, ""action_mode_reason"": ""move=1.0000:Backward"", ""scheduler_path"": ""Locomotion Only->orb_locomotion"", ""turn_state"": ""StableNewView"", ""turn_confidence"": 1.0, ""turn_duration"": 0, ""turn_direction"": ""right"", ""turn_reason"": ""stable"", ""window_layout_type"": ""orb_locomotion"", ""window_reason"": ""StableNewView:orb_locomotion"", ""frame_index"": 69, ""pose_x"": -0.6244339562879, ""pose_z"": 5.33449865305962, ""pose_yaw"": 0.2994791641831398, ""pose_pitch"": 0.0, ""delta_x"": -0.29502259314027096, ""delta_z"": -0.9554902770498453, ""local_delta_x"": 0.0, ""local_delta_z"": -1.0, ""delta_yaw"": 0.0, ""delta_pitch"": 0.0, ""movement_magnitude"": 1.0, ""rotation_magnitude"": 0.0, ""pose_confidence"": 1.0, ""reference_override_used"": true, ""retrieved_reference_active"": false, ""retrieved_reference_ids"": """", ""anchor_frame_id"": 58, ""anchor_distance"": -1.0, ""anchor_gap"": 7, ""anchor_lag"": -1.0, ""anchor_advance_triggered"": false}"
Experiment001,72,1785830411.6584775,68,61,64,0.96204923838377,depth,225280,0.96204923838377,physmem_keep,59 60 61 65 66 67 68 69 70,stableworld_tri_9,9,1,6,101.4570971019566,,,,,0.96204923838377,,,,Backward,1.0,0.6693527839208404,,KEEP,0.8350399136543274,,,,depth,0.96204923838377,0.96204923838377,"{""frame_id"": 72, ""current_frame_id"": 68, ""similarity"": 0.96204923838377, ""similarity_type"": ""depth"", ""matching_points"": 225280, ""confidence"": 0.96204923838377, ""decision"": ""physmem_keep"", ""memory_state"": [59, 60, 61, 65, 66, 67, 68, 69, 70], ""memory_id"": ""stableworld_tri_9"", ""memory_size"": 9, ""replace_count"": 1, ""keep_count"": 6, ""runtime"": 101.4570971019566, ""pose_event"": """", ""use_pose_memory"": true, ""view_intent"": ""None"", ""move_intent"": ""Backward"", ""has_view_motion"": false, ""has_move_motion"": true, ""action_explanation"": ""locomotion"", ""pose_delta_position"": 1.0, ""view_state"": ""Revisit"", ""view_confidence"": 0.8288690511669431, ""view_pose_distance"": 0.0, ""view_yaw_delta"": 0.1197916641831398, ""nearest_view_frame_id"": 45, ""memory_selection_mode"": ""retrieve_window"", ""memory_selection_target"": 42, ""memory_selection_anchor_type"": ""pose_path_window"", ""memory_selection_reason"": ""pose_path_window:yaw=0.0000:pose=0.4714:gap=26:fid=0.974:first=1.00:age=1.00:stab=1.000:cluster=5:score=0.816"", ""source_anchor_frame_id"": 61, ""source_anchor_locked"": true, ""protected_anchor_ids"": ""61 7 28 29"", ""loop_closure_detected"": true, ""turn_result"": ""ReturnToKnownView"", ""policy_mode"": ""RevisitPolicy"", ""allow_memory_query"": true, ""allow_hard_retrieve"": true, ""allow_soft_reuse"": true, ""query_result"": ""matched_window"", ""candidate_count"": 8, ""best_candidate_frame_id"": 42, ""best_candidate_score"": 0.8163921240426717, ""best_candidate_pose_distance"": 0.471404534839981, ""best_candidate_yaw_delta"": 0.0, ""best_candidate_frame_gap"": 26, ""best_candidate_first_visit"": 1.0, ""best_candidate_visit_age"": 1.0, ""best_candidate_cluster_id"": 5, ""best_candidate_first_visit_frame_id"": 42, ""target_window_ids"": ""7 28 29 36 37 38 39 40 41"", ""retrieved_window_ids"": ""7 28 29 36 37 38 39 40 41"", ""window_rank_reason"": ""yaw=0.0000:pose=0.4714:gap=26:fid=0.974:first=1.00:age=1.00:stab=1.000:cluster=5:score=0.816"", ""trajectory_motion_state"": ""Progressing"", ""trajectory_direction"": ""backward"", ""trajectory_frames"": 2, ""trajectory_distance"": 2.0, ""trajectory_should_progress"": true, ""trajectory_confidence"": 1.0, ""revisit_gate_allow_retrieve"": true, ""revisit_gate_allow_soft_reuse"": false, ""revisit_gate_force_progress"": false, ""revisit_gate_protect_current"": false, ""revisit_gate_reason"": ""dynamic_revisit:traveled=2.000"", ""revisit_type"": ""dynamic"", ""selection_is_hard_retrieve"": false, ""selection_is_soft_reuse"": false, ""selection_is_progress"": false, ""action_mode"": ""Locomotion Only"", ""action_mode_confidence"": 1.0, ""action_mode_reason"": ""move=1.0000:Backward"", ""scheduler_path"": ""Locomotion Only->retrieve_window"", ""turn_state"": ""StableNewView"", ""turn_confidence"": 1.0, ""turn_duration"": 0, ""turn_direction"": ""right"", ""turn_reason"": ""stable"", ""window_layout_type"": ""retrieve_window"", ""window_reason"": ""StableNewView:retrieve_window"", ""frame_index"": 72, ""pose_x"": -0.919456549428171, ""pose_z"": 4.379008376009774, ""pose_yaw"": 0.2994791641831398, ""pose_pitch"": 0.0, ""delta_x"": -0.29502259314027096, ""delta_z"": -0.9554902770498453, ""local_delta_x"": 0.0, ""local_delta_z"": -1.0, ""delta_yaw"": 0.0, ""delta_pitch"": 0.0, ""movement_magnitude"": 1.0, ""rotation_magnitude"": 0.0, ""pose_confidence"": 1.0, ""reference_override_used"": false, ""retrieved_reference_active"": true, ""retrieved_reference_ids"": ""7 28 29 36 37 38 39 40 41"", ""anchor_frame_id"": 61, ""anchor_distance"": -1.0, ""anchor_gap"": 7, ""anchor_lag"": -1.0, ""anchor_advance_triggered"": false}"
Experiment001,75,1785830414.8369684,71,29,67,0.9591746367514133,depth,225280,0.9591746367514133,physmem_keep,59 60 61 68 69 70 71 72 73,stableworld_tri_9,9,1,6,95.55244911462069,,,,,0.9591746367514133,,,,Viewpoint Locomotion,0.4714045348399812,0.5153250015456402,,KEEP,0.4509109854698181,,,,depth,0.9591746367514133,0.9591746367514133,"{""frame_id"": 75, ""current_frame_id"": 71, ""similarity"": 0.9591746367514133, ""similarity_type"": ""depth"", ""matching_points"": 225280, ""confidence"": 0.9591746367514133, ""decision"": ""physmem_keep"", ""memory_state"": [59, 60, 61, 68, 69, 70, 71, 72, 73], ""memory_id"": ""stableworld_tri_9"", ""memory_size"": 9, ""replace_count"": 1, ""keep_count"": 6, ""runtime"": 95.55244911462069, ""pose_event"": """", ""use_pose_memory"": true, ""view_intent"": ""Turn Left"", ""move_intent"": ""Walk"", ""has_view_motion"": true, ""has_move_motion"": true, ""action_explanation"": ""viewpoint_locomotion"", ""pose_delta_position"": 0.47140453483998124, ""view_state"": ""Revisit"", ""view_confidence"": 0.571798021987908, ""view_pose_distance"": 0.47140453483998124, ""view_yaw_delta"": 0.0797526016831398, ""nearest_view_frame_id"": 45, ""memory_selection_mode"": ""protect_current"", ""memory_selection_target"": null, ""memory_selection_anchor_type"": """", ""memory_selection_reason"": ""move=0.4714:view=0.0400:Viewpoint Locomotion"", ""source_anchor_frame_id"": 61, ""source_anchor_locked"": true, ""protected_anchor_ids"": ""61"", ""loop_closure_detected"": false, ""turn_result"": ""TurnStart"", ""policy_mode"": ""TurnStartPolicy"", ""allow_memory_query"": false, ""allow_hard_retrieve"": false, ""allow_soft_reuse"": false, ""query_result"": """", ""candidate_count"": 0, ""best_candidate_frame_id"": null, ""best_candidate_score"": 0.0, ""best_candidate_pose_distance"": 0.0, ""best_candidate_yaw_delta"": 0.0, ""best_candidate_frame_gap"": 0, ""best_candidate_first_visit"": 0.0, ""best_candidate_visit_age"": 0.0, ""best_candidate_cluster_id"": -1, ""best_candidate_first_visit_frame_id"": null, ""target_window_ids"": """", ""retrieved_window_ids"": """", ""window_rank_reason"": """", ""trajectory_motion_state"": ""Starting"", ""trajectory_direction"": ""forward"", ""trajectory_frames"": 1, ""trajectory_distance"": 0.4714045348399812, ""trajectory_should_progress"": false, ""trajectory_confidence"": 0.75, ""revisit_gate_allow_retrieve"": false, ""revisit_gate_allow_soft_reuse"": false, ""revisit_gate_force_progress"": false, ""revisit_gate_protect_current"": false, ""revisit_gate_reason"": ""revisit_blocked_by_motion:0.4714"", ""revisit_type"": """", ""selection_is_hard_retrieve"": false, ""selection_is_soft_reuse"": false, ""selection_is_progress"": false, ""action_mode"": ""Viewpoint Locomotion"", ""action_mode_confidence"": 0.47140453483998124, ""action_mode_reason"": ""move=0.4714:view=0.0400:Viewpoint Locomotion"", ""scheduler_path"": ""Viewpoint Locomotion->protect_current"", ""turn_state"": ""TurnStart"", ""turn_confidence"": 0.50048828125, ""turn_duration"": 1, ""turn_direction"": ""left"", ""turn_reason"": ""rotation=0.0400"", ""window_layout_type"": ""protect_current"", ""window_reason"": ""TurnStart:protect_current"", ""frame_index"": 75, ""pose_x"": -1.147912671552907, ""pose_z"": 4.791355360637317, ""pose_yaw"": 0.2594401016831398, ""pose_pitch"": 0.0, ""delta_x"": -0.228456122124736, ""delta_z"": 0.4123469846275425, ""local_delta_x"": -0.3333333432674408, ""local_delta_z"": 0.3333333432674408, ""delta_yaw"": -0.0400390625, ""delta_pitch"": 0.0, ""movement_magnitude"": 0.47140453483998124, ""rotation_magnitude"": 0.0400390625, ""pose_confidence"": 0.9428090696799624, ""reference_override_used"": true, ""retrieved_reference_active"": true, ""retrieved_reference_ids"": ""7 28 29 36 37 38 39 40 41"", ""anchor_frame_id"": 61, ""anchor_distance"": -1.0, ""anchor_gap"": 10, ""anchor_lag"": -1.0, ""anchor_advance_triggered"": false}"
Experiment001,78,1785830418.0947216,74,29,70,0.9639252126216888,depth,225280,0.9639252126216888,physmem_insert,61 68 69 70 71 72 73 74 75,stableworld_tri_9,9,1,7,142.28567015379667,,,,,0.9639252126216888,,,,Viewpoint Locomotion,1.201850436175566,0.5141744239241568,,INSERT,0.5004699230194092,,,,depth,0.9639252126216888,0.9639252126216888,"{""frame_id"": 78, ""current_frame_id"": 74, ""similarity"": 0.9639252126216888, ""similarity_type"": ""depth"", ""matching_points"": 225280, ""confidence"": 0.9639252126216888, ""decision"": ""physmem_insert"", ""memory_state"": [61, 68, 69, 70, 71, 72, 73, 74, 75], ""memory_id"": ""stableworld_tri_9"", ""memory_size"": 9, ""replace_count"": 1, ""keep_count"": 7, ""runtime"": 142.28567015379667, ""pose_event"": """", ""use_pose_memory"": true, ""view_intent"": ""Turn Left"", ""move_intent"": ""Walk"", ""has_view_motion"": true, ""has_move_motion"": true, ""action_explanation"": ""viewpoint_locomotion"", ""pose_delta_position"": 1.201850436175566, ""view_state"": ""Novel View"", ""view_confidence"": 0.5, ""view_pose_distance"": 1.117582702729579, ""view_yaw_delta"": 0.1201171875, ""nearest_view_frame_id"": 59, ""key_anchor_frame_id"": 74, ""key_anchor_type"": ""forward_anchor"", ""key_anchor_reason"": ""hybrid_forward_progress"", ""memory_selection_mode"": ""turn_transition"", ""memory_selection_target"": null, ""memory_selection_anchor_type"": """", ""memory_selection_reason"": ""rotation=0.0801"", ""source_anchor_frame_id"": 61, ""source_anchor_locked"": true, ""protected_anchor_ids"": ""61"", ""loop_closure_detected"": false, ""turn_result"": ""UnstableTransition"", ""policy_mode"": ""ViewTransitionPolicy"", ""allow_memory_query"": false, ""allow_hard_retrieve"": false, ""allow_soft_reuse"": false, ""query_result"": """", ""candidate_count"": 0, ""best_candidate_frame_id"": null, ""best_candidate_score"": 0.0, ""best_candidate_pose_distance"": 0.0, ""best_candidate_yaw_delta"": 0.0, ""best_candidate_frame_gap"": 0, ""best_candidate_first_visit"": 0.0, ""best_candidate_visit_age"": 0.0, ""best_candidate_cluster_id"": -1, ""best_candidate_first_visit_frame_id"": null, ""target_window_ids"": """", ""retrieved_window_ids"": """", ""window_rank_reason"": """", ""trajectory_motion_state"": ""Progressing"", ""trajectory_direction"": ""forward"", ""trajectory_frames"": 2, ""trajectory_distance"": 1.673254971015547, ""trajectory_should_progress"": true, ""trajectory_confidence"": 1.0, ""revisit_gate_allow_retrieve"": false, ""revisit_gate_allow_soft_reuse"": false, ""revisit_gate_force_progress"": true, ""revisit_gate_protect_current"": false, ""revisit_gate_reason"": ""hybrid_forward_progress"", ""revisit_type"": """", ""selection_is_hard_retrieve"": false, ""selection_is_soft_reuse"": false, ""selection_is_progress"": false, ""action_mode"": ""Viewpoint Locomotion"", ""action_mode_confidence"": 1.0, ""action_mode_reason"": ""move=1.2019:view=0.0801:Viewpoint Locomotion"", ""scheduler_path"": ""Viewpoint Locomotion->turn_transition"", ""turn_state"": ""TurnInProgress"", ""turn_confidence"": 1.0, ""turn_duration"": 2, ""turn_direction"": ""left"", ""turn_reason"": ""rotation=0.0801"", ""window_layout_type"": ""turn_transition"", ""window_reason"": ""TurnInProgress:turn_transition"", ""frame_index"": 78, ""pose_x"": -1.5809529548161665, ""pose_z"": 5.912480056648725, ""pose_yaw"": 0.1793619766831398, ""pose_pitch"": 0.0, ""delta_x"": -0.4330402832632595, ""delta_z"": 1.121124696011409, ""local_delta_x"": -0.6666666865348816, ""local_delta_z"": 1.0, ""delta_yaw"": -0.080078125, ""delta_pitch"": 0.0, ""movement_magnitude"": 1.201850436175566, ""rotation_magnitude"": 0.080078125, ""pose_confidence"": 1.0, ""reference_override_used"": true, ""retrieved_reference_active"": true, ""retrieved_reference_ids"": ""7 28 29 36 37 38 39 40 41"", ""anchor_frame_id"": 61, ""anchor_distance"": -1.0, ""anchor_gap"": 13, ""anchor_lag"": -1.0, ""anchor_advance_triggered"": false}"
Experiment001,81,1785830421.2723303,76,29,72,0.95916698127985,depth,225280,0.95916698127985,physmem_insert,61 70 71 72 73 74 75 76 77,stableworld_tri_9,9,1,7,91.07910888269544,,,,,0.95916698127985,,,,Viewpoint Locomotion,0.6666666865348816,0.49244705066871397,,INSERT,0.48732858896255493,,,,depth,0.95916698127985,0.95916698127985,"{""frame_id"": 81, ""current_frame_id"": 76, ""similarity"": 0.95916698127985, ""similarity_type"": ""depth"", ""matching_points"": 225280, ""confidence"": 0.95916698127985, ""decision"": ""physmem_insert"", ""memory_state"": [61, 70, 71, 72, 73, 74, 75, 76, 77], ""memory_id"": ""stableworld_tri_9"", ""memory_size"": 9, ""replace_count"": 1, ""keep_count"": 7, ""runtime"": 91.07910888269544, ""pose_event"": """", ""use_pose_memory"": true, ""view_intent"": ""Turn Right"", ""move_intent"": ""Walk"", ""has_view_motion"": true, ""has_move_motion"": true, ""action_explanation"": ""viewpoint_locomotion"", ""pose_delta_position"": 0.6666666865348816, ""view_state"": ""Known View"", ""view_confidence"": 0.5633552783454947, ""view_pose_distance"": 0.6666666865348814, ""view_yaw_delta"": 0.0400390625, ""nearest_view_frame_id"": 74, ""memory_selection_mode"": ""turn_transition"", ""memory_selection_target"": null, ""memory_selection_anchor_type"": """", ""memory_selection_reason"": ""rotation=0.0400"", ""source_anchor_frame_id"": 61, ""source_anchor_locked"": true, ""protected_anchor_ids"": ""61"", ""loop_closure_detected"": false, ""turn_result"": ""UnstableTransition"", ""policy_mode"": ""ViewTransitionPolicy"", ""allow_memory_query"": false, ""allow_hard_retrieve"": false, ""allow_soft_reuse"": false, ""query_result"": """", ""candidate_count"": 0, ""best_candidate_frame_id"": null, ""best_candidate_score"": 0.0, ""best_candidate_pose_distance"": 0.0, ""best_candidate_yaw_delta"": 0.0, ""best_candidate_frame_gap"": 0, ""best_candidate_first_visit"": 0.0, ""best_candidate_visit_age"": 0.0, ""best_candidate_cluster_id"": -1, ""best_candidate_first_visit_frame_id"": null, ""target_window_ids"": """", ""retrieved_window_ids"": """", ""window_rank_reason"": """", ""trajectory_motion_state"": ""Progressing"", ""trajectory_direction"": ""forward"", ""trajectory_frames"": 3, ""trajectory_distance"": 2.3399216575504287, ""trajectory_should_progress"": true, ""trajectory_confidence"": 1.0, ""revisit_gate_allow_retrieve"": false, ""revisit_gate_allow_soft_reuse"": false, ""revisit_gate_force_progress"": true, ""revisit_gate_protect_current"": false, ""revisit_gate_reason"": ""hybrid_forward_progress"", ""revisit_type"": """", ""selection_is_hard_retrieve"": false, ""selection_is_soft_reuse"": false, ""selection_is_progress"": false, ""action_mode"": ""Viewpoint Locomotion"", ""action_mode_confidence"": 0.6666666865348816, ""action_mode_reason"": ""move=0.6667:view=0.0400:Viewpoint Locomotion"", ""scheduler_path"": ""Viewpoint Locomotion->turn_transition"", ""turn_state"": ""TurnInProgress"", ""turn_confidence"": 0.50048828125, ""turn_duration"": 3, ""turn_direction"": ""right"", ""turn_reason"": ""rotation=0.0400"", ""window_layout_type"": ""turn_transition"", ""window_reason"": ""TurnInProgress:turn_transition"", ""frame_index"": 81, ""pose_x"": -1.4489108645932807, ""pose_z"": 6.565939586646543, ""pose_yaw"": 0.2194010391831398, ""pose_pitch"": 0.0, ""delta_x"": 0.13204209022288574, ""delta_z"": 0.6534595299978181, ""local_delta_x"": 0.0, ""local_delta_z"": 0.6666666865348816, ""delta_yaw"": 0.0400390625, ""delta_pitch"": 0.0, ""movement_magnitude"": 0.6666666865348816, ""rotation_magnitude"": 0.0400390625, ""pose_confidence"": 1.0, ""reference_override_used"": true, ""retrieved_reference_active"": false, ""retrieved_reference_ids"": """", ""anchor_frame_id"": 69, ""anchor_distance"": -1.0, ""anchor_gap"": 7, ""anchor_lag"": -1.0, ""anchor_advance_triggered"": false}"
Experiment001,84,1785830425.1543672,78,71,74,0.9804554358124733,depth,225280,0.9804554358124733,physmem_keep,61 70 71 75 76 77 78 79 80,stableworld_tri_9,9,1,6,185.36730390042067,,,,,0.9804554358124733,,,,Turn Right,0.080078125,0.7161350205111531,,KEEP,0.8023343086242676,,,,depth,0.9804554358124733,0.9804554358124733,"{""frame_id"": 84, ""current_frame_id"": 78, ""similarity"": 0.9804554358124733, ""similarity_type"": ""depth"", ""matching_points"": 225280, ""confidence"": 0.9804554358124733, ""decision"": ""physmem_keep"", ""memory_state"": [61, 70, 71, 75, 76, 77, 78, 79, 80], ""memory_id"": ""stableworld_tri_9"", ""memory_size"": 9, ""replace_count"": 1, ""keep_count"": 6, ""runtime"": 185.36730390042067, ""pose_event"": """", ""use_pose_memory"": true, ""view_intent"": ""Turn Right"", ""move_intent"": ""None"", ""has_view_motion"": true, ""has_move_motion"": false, ""action_explanation"": ""viewpoint_change"", ""pose_delta_position"": 0.0, ""view_state"": ""Known View"", ""view_confidence"": 0.9110243055555556, ""view_pose_distance"": 0.0, ""view_yaw_delta"": 0.080078125, ""nearest_view_frame_id"": 76, ""memory_selection_mode"": ""turn_transition"", ""memory_selection_target"": null, ""memory_selection_anchor_type"": """", ""memory_selection_reason"": ""rotation=0.0801"", ""source_anchor_frame_id"": 61, ""source_anchor_locked"": true, ""protected_anchor_ids"": ""61"", ""loop_closure_detected"": false, ""turn_result"": ""UnstableTransition"", ""policy_mode"": ""ViewTransitionPolicy"", ""allow_memory_query"": false, ""allow_hard_retrieve"": false, ""allow_soft_reuse"": false, ""query_result"": """", ""candidate_count"": 0, ""best_candidate_frame_id"": null, ""best_candidate_score"": 0.0, ""best_candidate_pose_distance"": 0.0, ""best_candidate_yaw_delta"": 0.0, ""best_candidate_frame_gap"": 0, ""best_candidate_first_visit"": 0.0, ""best_candidate_visit_age"": 0.0, ""best_candidate_cluster_id"": -1, ""best_candidate_first_visit_frame_id"": null, ""target_window_ids"": """", ""retrieved_window_ids"": """", ""window_rank_reason"": """", ""trajectory_motion_state"": ""Idle"", ""trajectory_direction"": ""none"", ""trajectory_frames"": 0, ""trajectory_distance"": 0.0, ""trajectory_should_progress"": false, ""trajectory_confidence"": 0.0, ""revisit_gate_allow_retrieve"": false, ""revisit_gate_allow_soft_reuse"": false, ""revisit_gate_force_progress"": false, ""revisit_gate_protect_current"": true, ""revisit_gate_reason"": ""view_rotation_only"", ""revisit_type"": """", ""selection_is_hard_retrieve"": false, ""selection_is_soft_reuse"": false, ""selection_is_progress"": false, ""action_mode"": ""View Rotation Only"", ""action_mode_confidence"": 0.44487847222222227, ""action_mode_reason"": ""view=0.0801:Turn Right"", ""scheduler_path"": ""View Rotation Only->turn_transition"", ""turn_state"": ""TurnInProgress"", ""turn_confidence"": 1.0, ""turn_duration"": 4, ""turn_direction"": ""right"", ""turn_reason"": ""rotation=0.0801"", ""window_layout_type"": ""turn_transition"", ""window_reason"": ""TurnInProgress:turn_transition"", ""frame_index"": 84, ""pose_x"": -1.4489108645932807, ""pose_z"": 6.565939586646543, ""pose_yaw"": 0.2994791641831398, ""pose_pitch"": 0.0, ""delta_x"": 0.0, ""delta_z"": 0.0, ""local_delta_x"": 0.0, ""local_delta_z"": 0.0, ""delta_yaw"": 0.080078125, ""delta_pitch"": 0.0, ""movement_magnitude"": 0.0, ""rotation_magnitude"": 0.080078125, ""pose_confidence"": 0.80078125, ""reference_override_used"": false, ""retrieved_reference_active"": false, ""retrieved_reference_ids"": """", ""anchor_frame_id"": 71, ""anchor_distance"": 1.7999303007100955, ""anchor_gap"": 7, ""anchor_lag"": 1.7999303007100955, ""anchor_advance_triggered"": false}"
Experiment001,87,1785830426.9624655,81,71,77,0.9782503824681044,depth,225280,0.9782503824681044,physmem_keep,61 70 71 78 79 80 81 82 83,stableworld_tri_9,9,1,6,63.03326319903135,,,,,0.9782503824681044,,,,Walk,0.6666666865348816,0.6242298888955133,,KEEP,0.7144391536712646,,,,depth,0.9782503824681044,0.9782503824681044,"{""frame_id"": 87, ""current_frame_id"": 81, ""similarity"": 0.9782503824681044, ""similarity_type"": ""depth"", ""matching_points"": 225280, ""confidence"": 0.9782503824681044, ""decision"": ""physmem_keep"", ""memory_state"": [61, 70, 71, 78, 79, 80, 81, 82, 83], ""memory_id"": ""stableworld_tri_9"", ""memory_size"": 9, ""replace_count"": 1, ""keep_count"": 6, ""runtime"": 63.03326319903135, ""pose_event"": """", ""use_pose_memory"": true, ""view_intent"": ""None"", ""move_intent"": ""Walk"", ""has_view_motion"": false, ""has_move_motion"": true, ""action_explanation"": ""locomotion"", ""pose_delta_position"": 0.6666666865348816, ""view_state"": ""Known View"", ""view_confidence"": 0.5188674311232723, ""view_pose_distance"": 0.6666666865348816, ""view_yaw_delta"": 0.080078125, ""nearest_view_frame_id"": 76, ""memory_selection_mode"": ""orb_locomotion"", ""memory_selection_target"": null, ""memory_selection_anchor_type"": """", ""memory_selection_reason"": ""move=0.6667:Walk"", ""source_anchor_frame_id"": null, ""source_anchor_locked"": false, ""protected_anchor_ids"": """", ""loop_closure_detected"": false, ""turn_result"": """", ""policy_mode"": ""LocomotionPolicy"", ""allow_memory_query"": false, ""allow_hard_retrieve"": false, ""allow_soft_reuse"": false, ""query_result"": """", ""candidate_count"": 0, ""best_candidate_frame_id"": null, ""best_candidate_score"": 0.0, ""best_candidate_pose_distance"": 0.0, ""best_candidate_yaw_delta"": 0.0, ""best_candidate_frame_gap"": 0, ""best_candidate_first_visit"": 0.0, ""best_candidate_visit_age"": 0.0, ""best_candidate_cluster_id"": -1, ""best_candidate_first_visit_frame_id"": null, ""target_window_ids"": """", ""retrieved_window_ids"": """", ""window_rank_reason"": """", ""trajectory_motion_state"": ""Starting"", ""trajectory_direction"": ""forward"", ""trajectory_frames"": 1, ""trajectory_distance"": 0.6666666865348816, ""trajectory_should_progress"": false, ""trajectory_confidence"": 0.75, ""revisit_gate_allow_retrieve"": false, ""revisit_gate_allow_soft_reuse"": false, ""revisit_gate_force_progress"": false, ""revisit_gate_protect_current"": false, ""revisit_gate_reason"": ""locomotion_only_orb_dominant"", ""revisit_type"": """", ""selection_is_hard_retrieve"": false, ""selection_is_soft_reuse"": false, ""selection_is_progress"": false, ""action_mode"": ""Locomotion Only"", ""action_mode_confidence"": 0.6666666865348816, ""action_mode_reason"": ""move=0.6667:Walk"", ""scheduler_path"": ""Locomotion Only->orb_locomotion"", ""turn_state"": ""PostTurnStabilization"", ""turn_confidence"": 1.0, ""turn_duration"": 1, ""turn_direction"": ""right"", ""turn_reason"": ""mouse_stopped_after_turn"", ""window_layout_type"": ""orb_locomotion"", ""window_reason"": ""PostTurnStabilization:orb_locomotion"", ""frame_index"": 87, ""pose_x"": -1.2522291299715278, ""pose_z"": 7.20293312366366, ""pose_yaw"": 0.2994791641831398, ""pose_pitch"": 0.0, ""delta_x"": 0.19668173462175292, ""delta_z"": 0.6369935370171164, ""local_delta_x"": 0.0, ""local_delta_z"": 0.6666666865348816, ""delta_yaw"": 0.0, ""delta_pitch"": 0.0, ""movement_magnitude"": 0.6666666865348816, ""rotation_magnitude"": 0.0, ""pose_confidence"": 1.0, ""reference_override_used"": false, ""retrieved_reference_active"": false, ""retrieved_reference_ids"": """", ""anchor_frame_id"": 71, ""anchor_distance"": 2.413832892024662, ""anchor_gap"": 10, ""anchor_lag"": 2.413832892024662, ""anchor_advance_triggered"": false}"
Experiment001,90,1785830428.0860033,84,71,80,0.9336452558636665,depth,225280,0.9336452558636665,physmem_insert,78 79 80 81 82 83 84 85 86,stableworld_tri_9,9,1,6,161.63160698488355,,,,,0.9336452558636665,,,,Walk,1.201850436175566,0.5389285915980964,,INSERT,0.631664514541626,,,,depth,0.9336452558636665,0.9336452558636665,"{""frame_id"": 90, ""current_frame_id"": 84, ""similarity"": 0.9336452558636665, ""similarity_type"": ""depth"", ""matching_points"": 225280, ""confidence"": 0.9336452558636665, ""decision"": ""physmem_insert"", ""memory_state"": [78, 79, 80, 81, 82, 83, 84, 85, 86], ""memory_id"": ""stableworld_tri_9"", ""memory_size"": 9, ""replace_count"": 1, ""keep_count"": 6, ""runtime"": 161.63160698488355, ""pose_event"": """", ""use_pose_memory"": true, ""view_intent"": ""None"", ""move_intent"": ""Walk"", ""has_view_motion"": false, ""has_move_motion"": true, ""action_explanation"": ""locomotion"", ""pose_delta_position"": 1.201850436175566, ""view_state"": ""Novel View"", ""view_confidence"": 0.5, ""view_pose_distance"": 1.2018504361755658, ""view_yaw_delta"": 0.0, ""nearest_view_frame_id"": 81, ""memory_selection_mode"": ""orb_locomotion"", ""memory_selection_target"": null, ""memory_selection_anchor_type"": """", ""memory_selection_reason"": ""move=1.2019:Walk"", ""source_anchor_frame_id"": null, ""source_anchor_locked"": false, ""protected_anchor_ids"": """", ""loop_closure_detected"": false, ""turn_result"": """", ""policy_mode"": ""LocomotionPolicy"", ""allow_memory_query"": false, ""allow_hard_retrieve"": false, ""allow_soft_reuse"": false, ""query_result"": """", ""candidate_count"": 0, ""best_candidate_frame_id"": null, ""best_candidate_score"": 0.0, ""best_candidate_pose_distance"": 0.0, ""best_candidate_yaw_delta"": 0.0, ""best_candidate_frame_gap"": 0, ""best_candidate_first_visit"": 0.0, ""best_candidate_visit_age"": 0.0, ""best_candidate_cluster_id"": -1, ""best_candidate_first_visit_frame_id"": null, ""target_window_ids"": """", ""retrieved_window_ids"": """", ""window_rank_reason"": """", ""trajectory_motion_state"": ""Progressing"", ""trajectory_direction"": ""forward"", ""trajectory_frames"": 2, ""trajectory_distance"": 1.8685171227104476, ""trajectory_should_progress"": true, ""trajectory_confidence"": 1.0, ""revisit_gate_allow_retrieve"": false, ""revisit_gate_allow_soft_reuse"": false, ""revisit_gate_force_progress"": false, ""revisit_gate_protect_current"": false, ""revisit_gate_reason"": ""locomotion_only_orb_dominant"", ""revisit_type"": """", ""selection_is_hard_retrieve"": false, ""selection_is_soft_reuse"": false, ""selection_is_progress"": false, ""action_mode"": ""Locomotion Only"", ""action_mode_confidence"": 1.0, ""action_mode_reason"": ""move=1.2019:Walk"", ""scheduler_path"": ""Locomotion Only->orb_locomotion"", ""turn_state"": ""PostTurnStabilization"", ""turn_confidence"": 0.5, ""turn_duration"": 2, ""turn_direction"": ""right"", ""turn_reason"": ""mouse_stopped_after_turn"", ""window_layout_type"": ""orb_locomotion"", ""window_reason"": ""PostTurnStabilization:orb_locomotion"", ""frame_index"": 90, ""pose_x"": -1.5942000738483733, ""pose_z"": 8.355105135335258, ""pose_yaw"": 0.2994791641831398, ""pose_pitch"": 0.0, ""delta_x"": -0.3419709438768454, ""delta_z"": 1.1521720116715983, ""local_delta_x"": -0.6666666865348816, ""local_delta_z"": 1.0, ""delta_yaw"": 0.0, ""delta_pitch"": 0.0, ""movement_magnitude"": 1.201850436175566, ""rotation_magnitude"": 0.0, ""pose_confidence"": 1.0, ""reference_override_used"": false, ""retrieved_reference_active"": false, ""retrieved_reference_ids"": """", ""anchor_frame_id"": 71, ""anchor_distance"": 3.591585290941489, ""anchor_gap"": 13, ""anchor_lag"": 3.591585290941489, ""anchor_advance_triggered"": false}"
Experiment001,93,1785830429.110522,87,80,83,0.9707449935376644,depth,225280,0.9707449935376644,physmem_insert,78 80 82 83 84 85 86 87 88,stableworld_tri_9,9,1,7,55.54006574675441,,,,,0.9707449935376644,,,,Viewpoint Locomotion,0.4714045348399812,0.5909311612155361,,INSERT,0.6865032911300659,,,,depth,0.9707449935376644,0.9707449935376644,"{""frame_id"": 93, ""current_frame_id"": 87, ""similarity"": 0.9707449935376644, ""similarity_type"": ""depth"", ""matching_points"": 225280, ""confidence"": 0.9707449935376644, ""decision"": ""physmem_insert"", ""memory_state"": [78, 80, 82, 83, 84, 85, 86, 87, 88], ""memory_id"": ""stableworld_tri_9"", ""memory_size"": 9, ""replace_count"": 1, ""keep_count"": 7, ""runtime"": 55.54006574675441, ""pose_event"": """", ""use_pose_memory"": true, ""view_intent"": ""Turn Left"", ""move_intent"": ""Walk"", ""has_view_motion"": true, ""has_move_motion"": true, ""action_explanation"": ""viewpoint_locomotion"", ""pose_delta_position"": 0.4714045348399812, ""view_state"": ""Known View"", ""view_confidence"": 0.5896013657076331, ""view_pose_distance"": 0.4714045348399818, ""view_yaw_delta"": 0.1197916641831398, ""nearest_view_frame_id"": 84, ""memory_selection_mode"": ""protect_current"", ""memory_selection_target"": null, ""memory_selection_anchor_type"": """", ""memory_selection_reason"": ""move=0.4714:view=0.1198:Viewpoint Locomotion"", ""source_anchor_frame_id"": 80, ""source_anchor_locked"": true, ""protected_anchor_ids"": ""80"", ""loop_closure_detected"": false, ""turn_result"": ""TurnStart"", ""policy_mode"": ""TurnStartPolicy"", ""allow_memory_query"": false, ""allow_hard_retrieve"": false, ""allow_soft_reuse"": false, ""query_result"": """", ""candidate_count"": 0, ""best_candidate_frame_id"": null, ""best_candidate_score"": 0.0, ""best_candidate_pose_distance"": 0.0, ""best_candidate_yaw_delta"": 0.0, ""best_candidate_frame_gap"": 0, ""best_candidate_first_visit"": 0.0, ""best_candidate_visit_age"": 0.0, ""best_candidate_cluster_id"": -1, ""best_candidate_first_visit_frame_id"": null, ""target_window_ids"": """", ""retrieved_window_ids"": """", ""window_rank_reason"": """", ""trajectory_motion_state"": ""Progressing"", ""trajectory_direction"": ""forward"", ""trajectory_frames"": 3, ""trajectory_distance"": 2.3399216575504287, ""trajectory_should_progress"": true, ""trajectory_confidence"": 1.0, ""revisit_gate_allow_retrieve"": false, ""revisit_gate_allow_soft_reuse"": false, ""revisit_gate_force_progress"": true, ""revisit_gate_protect_current"": false, ""revisit_gate_reason"": ""hybrid_forward_progress"", ""revisit_type"": """", ""selection_is_hard_retrieve"": false, ""selection_is_soft_reuse"": false, ""selection_is_progress"": false, ""action_mode"": ""Viewpoint Locomotion"", ""action_mode_confidence"": 0.4714045348399812, ""action_mode_reason"": ""move=0.4714:view=0.1198:Viewpoint Locomotion"", ""scheduler_path"": ""Viewpoint Locomotion->protect_current"", ""turn_state"": ""TurnStart"", ""turn_confidence"": 1.0, ""turn_duration"": 1, ""turn_direction"": ""left"", ""turn_reason"": ""rotation=0.1198"", ""window_layout_type"": ""protect_current"", ""window_reason"": ""TurnStart:protect_current"", ""frame_index"": 93, ""pose_x"": -1.838913098856342, ""pose_z"": 8.758016752019548, ""pose_yaw"": 0.1796875, ""pose_pitch"": 0.0, ""delta_x"": -0.24471302500796882, ""delta_z"": 0.40291161668429004, ""local_delta_x"": -0.3333333432674408, ""local_delta_z"": 0.3333333432674408, ""delta_yaw"": -0.1197916641831398, ""delta_pitch"": 0.0, ""movement_magnitude"": 0.4714045348399812, ""rotation_magnitude"": 0.1197916641831398, ""pose_confidence"": 1.0, ""reference_override_used"": false, ""retrieved_reference_active"": false, ""retrieved_reference_ids"": """", ""anchor_frame_id"": 80, ""anchor_distance"": -1.0, ""anchor_gap"": 7, ""anchor_lag"": -1.0, ""anchor_advance_triggered"": false}"
Experiment001,96,1785830430.9121716,89,82,85,0.9653650484979153,depth,225280,0.9653650484979153,physmem_keep,78 80 82 86 87 88 89 90 91,stableworld_tri_9,9,1,6,204.43546399474144,,,,,0.9653650484979153,,,,Turn Left,0.1796875,0.6294170633503651,,KEEP,0.7972663640975952,,,,depth,0.9653650484979153,0.9653650484979153,"{""frame_id"": 96, ""current_frame_id"": 89, ""similarity"": 0.9653650484979153, ""similarity_type"": ""depth"", ""matching_points"": 225280, ""confidence"": 0.9653650484979153, ""decision"": ""physmem_keep"", ""memory_state"": [78, 80, 82, 86, 87, 88, 89, 90, 91], ""memory_id"": ""stableworld_tri_9"", ""memory_size"": 9, ""replace_count"": 1, ""keep_count"": 6, ""runtime"": 204.43546399474144, ""pose_event"": """", ""use_pose_memory"": true, ""view_intent"": ""Turn Left"", ""move_intent"": ""None"", ""has_view_motion"": true, ""has_move_motion"": false, ""action_explanation"": ""viewpoint_change"", ""pose_delta_position"": 0.0, ""view_state"": ""View Transition"", ""view_confidence"": 0.5989583333333334, ""view_pose_distance"": 0.0, ""view_yaw_delta"": 0.1796875, ""nearest_view_frame_id"": 87, ""memory_selection_mode"": ""turn_transition"", ""memory_selection_target"": null, ""memory_selection_anchor_type"": """", ""memory_selection_reason"": ""rotation=0.1797"", ""source_anchor_frame_id"": 80, ""source_anchor_locked"": true, ""protected_anchor_ids"": ""80"", ""loop_closure_detected"": false, ""turn_result"": ""UnstableTransition"", ""policy_mode"": ""ViewTransitionPolicy"", ""allow_memory_query"": false, ""allow_hard_retrieve"": false, ""allow_soft_reuse"": false, ""query_result"": """", ""candidate_count"": 0, ""best_candidate_frame_id"": null, ""best_candidate_score"": 0.0, ""best_candidate_pose_distance"": 0.0, ""best_candidate_yaw_delta"": 0.0, ""best_candidate_frame_gap"": 0, ""best_candidate_first_visit"": 0.0, ""best_candidate_visit_age"": 0.0, ""best_candidate_cluster_id"": -1, ""best_candidate_first_visit_frame_id"": null, ""target_window_ids"": """", ""retrieved_window_ids"": """", ""window_rank_reason"": """", ""trajectory_motion_state"": ""Idle"", ""trajectory_direction"": ""none"", ""trajectory_frames"": 0, ""trajectory_distance"": 0.0, ""trajectory_should_progress"": false, ""trajectory_confidence"": 0.0, ""revisit_gate_allow_retrieve"": false, ""revisit_gate_allow_soft_reuse"": false, ""revisit_gate_force_progress"": false, ""revisit_gate_protect_current"": true, ""revisit_gate_reason"": ""view_transition"", ""revisit_type"": """", ""selection_is_hard_retrieve"": false, ""selection_is_soft_reuse"": false, ""selection_is_progress"": false, ""action_mode"": ""View Rotation Only"", ""action_mode_confidence"": 0.998263888888889, ""action_mode_reason"": ""view=0.1797:Turn Left"", ""scheduler_path"": ""View Rotation Only->turn_transition"", ""turn_state"": ""TurnInProgress"", ""turn_confidence"": 1.0, ""turn_duration"": 2, ""turn_direction"": ""left"", ""turn_reason"": ""rotation=0.1797"", ""window_layout_type"": ""turn_transition"", ""window_reason"": ""TurnInProgress:turn_transition"", ""frame_index"": 96, ""pose_x"": -1.838913098856342, ""pose_z"": 8.758016752019548, ""pose_yaw"": 0.0, ""pose_pitch"": 0.0, ""delta_x"": 0.0, ""delta_z"": 0.0, ""local_delta_x"": 0.0, ""local_delta_z"": 0.0, ""delta_yaw"": -0.1796875, ""delta_pitch"": 0.0, ""movement_magnitude"": 0.0, ""rotation_magnitude"": 0.1796875, ""pose_confidence"": 1.0, ""reference_override_used"": false, ""retrieved_reference_active"": false, ""retrieved_reference_ids"": """", ""anchor_frame_id"": 82, ""anchor_distance"": -1.0, ""anchor_gap"": 7, ""anchor_lag"": -1.0, ""anchor_advance_triggered"": false}"
Experiment001,99,1785830432.9372468,92,82,88,0.9591001644730568,depth,225280,0.9591001644730568,physmem_keep,78 80 82 89 90 91 92 93 94,stableworld_tri_9,9,1,6,86.02286875247955,,,,,0.9591001644730568,,,,Turn Right,0.0598958320915699,0.8115941320324135,,KEEP,0.7999950051307678,,,,depth,0.9591001644730568,0.9591001644730568,"{""frame_id"": 99, ""current_frame_id"": 92, ""similarity"": 0.9591001644730568, ""similarity_type"": ""depth"", ""matching_points"": 225280, ""confidence"": 0.9591001644730568, ""decision"": ""physmem_keep"", ""memory_state"": [78, 80, 82, 89, 90, 91, 92, 93, 94], ""memory_id"": ""stableworld_tri_9"", ""memory_size"": 9, ""replace_count"": 1, ""keep_count"": 6, ""runtime"": 86.02286875247955, ""pose_event"": """", ""use_pose_memory"": true, ""view_intent"": ""Turn Right"", ""move_intent"": ""None"", ""has_view_motion"": true, ""has_move_motion"": false, ""action_explanation"": ""viewpoint_change"", ""pose_delta_position"": 0.0, ""view_state"": ""Revisit"", ""view_confidence"": 0.8288690458450998, ""view_pose_distance"": 0.0, ""view_yaw_delta"": 0.1197916679084301, ""nearest_view_frame_id"": 87, ""key_anchor_frame_id"": 92, ""key_anchor_type"": ""revisit_anchor"", ""key_anchor_reason"": ""pose_revisit"", ""memory_selection_mode"": ""retrieve_window"", ""memory_selection_target"": 87, ""memory_selection_anchor_type"": ""pose_path_window"", ""memory_selection_reason"": ""pose_path_window:yaw=0.1198:pose=0.0000:gap=5:fid=0.509:first=0.20:age=0.50:stab=1.000:cluster=11:score=0.767"", ""source_anchor_frame_id"": 80, ""source_anchor_locked"": true, ""protected_anchor_ids"": ""80 78 79"", ""loop_closure_detected"": true, ""turn_result"": ""ReturnToKnownView"", ""policy_mode"": ""RevisitPolicy"", ""allow_memory_query"": true, ""allow_hard_retrieve"": true, ""allow_soft_reuse"": true, ""query_result"": ""matched_window"", ""candidate_count"": 8, ""best_candidate_frame_id"": 87, ""best_candidate_score"": 0.7671149103317509, ""best_candidate_pose_distance"": 0.0, ""best_candidate_yaw_delta"": 0.1197916679084301, ""best_candidate_frame_gap"": 5, ""best_candidate_first_visit"": 0.2, ""best_candidate_visit_age"": 0.5, ""best_candidate_cluster_id"": 11, ""best_candidate_first_visit_frame_id"": 84, ""target_window_ids"": ""78 79 80 81 82 83 84 85 86"", ""retrieved_window_ids"": ""78 79 80 81 82 83 84 85 86"", ""window_rank_reason"": ""yaw=0.1198:pose=0.0000:gap=5:fid=0.509:first=0.20:age=0.50:stab=1.000:cluster=11:score=0.767"", ""trajectory_motion_state"": ""Idle"", ""trajectory_direction"": ""none"", ""trajectory_frames"": 0, ""trajectory_distance"": 0.0, ""trajectory_should_progress"": false, ""trajectory_confidence"": 0.0, ""revisit_gate_allow_retrieve"": true, ""revisit_gate_allow_soft_reuse"": false, ""revisit_gate_force_progress"": false, ""revisit_gate_protect_current"": false, ""revisit_gate_reason"": ""stable_revisit"", ""revisit_type"": ""stable"", ""selection_is_hard_retrieve"": false, ""selection_is_soft_reuse"": false, ""selection_is_progress"": false, ""action_mode"": ""View Rotation Only"", ""action_mode_confidence"": 0.3327546227309439, ""action_mode_reason"": ""view=0.0599:Turn Right"", ""scheduler_path"": ""View Rotation Only->retrieve_window"", ""turn_state"": ""TurnInProgress"", ""turn_confidence"": 0.7486979011446238, ""turn_duration"": 3, ""turn_direction"": ""right"", ""turn_reason"": ""rotation=0.0599"", ""window_layout_type"": ""retrieve_window"", ""window_reason"": ""TurnInProgress:retrieve_window"", ""frame_index"": 99, ""pose_x"": -1.838913098856342, ""pose_z"": 8.758016752019548, ""pose_yaw"": 0.0598958320915699, ""pose_pitch"": 0.0, ""delta_x"": 0.0, ""delta_z"": 0.0, ""local_delta_x"": 0.0, ""local_delta_z"": 0.0, ""delta_yaw"": 0.0598958320915699, ""delta_pitch"": 0.0, ""movement_magnitude"": 0.0, ""rotation_magnitude"": 0.0598958320915699, ""pose_confidence"": 0.598958320915699, ""reference_override_used"": false, ""retrieved_reference_active"": true, ""retrieved_reference_ids"": ""78 79 80 81 82 83 84 85 86"", ""anchor_frame_id"": 82, ""anchor_distance"": -1.0, ""anchor_gap"": 10, ""anchor_lag"": -1.0, ""anchor_advance_triggered"": false}"
Experiment001,102,1785830434.9338784,95,80,91,0.9571071676909924,depth,225280,0.9571071676909924,physmem_insert,80 89 90 91 92 93 94 95 96,stableworld_tri_9,9,1,7,82.30782998725772,,,,,0.9571071676909924,,,,Turn Right,0.1796875,0.5341360882380913,,INSERT,0.5951113700866699,,,,depth,0.9571071676909924,0.9571071676909924,"{""frame_id"": 102, ""current_frame_id"": 95, ""similarity"": 0.9571071676909924, ""similarity_type"": ""depth"", ""matching_points"": 225280, ""confidence"": 0.9571071676909924, ""decision"": ""physmem_insert"", ""memory_state"": [80, 89, 90, 91, 92, 93, 94, 95, 96], ""memory_id"": ""stableworld_tri_9"", ""memory_size"": 9, ""replace_count"": 1, ""keep_count"": 7, ""runtime"": 82.30782998725772, ""pose_event"": """", ""use_pose_memory"": true, ""view_intent"": ""Turn Right"", ""move_intent"": ""None"", ""has_view_motion"": true, ""has_move_motion"": false, ""action_explanation"": ""viewpoint_change"", ""pose_delta_position"": 0.0, ""view_state"": ""View Transition"", ""view_confidence"": 0.5989583333333334, ""view_pose_distance"": 0.0, ""view_yaw_delta"": 0.0598958320915699, ""nearest_view_frame_id"": 87, ""memory_selection_mode"": ""turn_transition"", ""memory_selection_target"": null, ""memory_selection_anchor_type"": """", ""memory_selection_reason"": ""rotation=0.1797"", ""source_anchor_frame_id"": 80, ""source_anchor_locked"": true, ""protected_anchor_ids"": ""80"", ""loop_closure_detected"": false, ""turn_result"": ""UnstableTransition"", ""policy_mode"": ""ViewTransitionPolicy"", ""allow_memory_query"": false, ""allow_hard_retrieve"": false, ""allow_soft_reuse"": false, ""query_result"": """", ""candidate_count"": 0, ""best_candidate_frame_id"": null, ""best_candidate_score"": 0.0, ""best_candidate_pose_distance"": 0.0, ""best_candidate_yaw_delta"": 0.0, ""best_candidate_frame_gap"": 0, ""best_candidate_first_visit"": 0.0, ""best_candidate_visit_age"": 0.0, ""best_candidate_cluster_id"": -1, ""best_candidate_first_visit_frame_id"": null, ""target_window_ids"": """", ""retrieved_window_ids"": """", ""window_rank_reason"": """", ""trajectory_motion_state"": ""Idle"", ""trajectory_direction"": ""none"", ""trajectory_frames"": 0, ""trajectory_distance"": 0.0, ""trajectory_should_progress"": false, ""trajectory_confidence"": 0.0, ""revisit_gate_allow_retrieve"": false, ""revisit_gate_allow_soft_reuse"": false, ""revisit_gate_force_progress"": false, ""revisit_gate_protect_current"": true, ""revisit_gate_reason"": ""view_transition"", ""revisit_type"": """", ""selection_is_hard_retrieve"": false, ""selection_is_soft_reuse"": false, ""selection_is_progress"": false, ""action_mode"": ""View Rotation Only"", ""action_mode_confidence"": 0.998263888888889, ""action_mode_reason"": ""view=0.1797:Turn Right"", ""scheduler_path"": ""View Rotation Only->turn_transition"", ""turn_state"": ""TurnInProgress"", ""turn_confidence"": 1.0, ""turn_duration"": 4, ""turn_direction"": ""right"", ""turn_reason"": ""rotation=0.1797"", ""window_layout_type"": ""turn_transition"", ""window_reason"": ""TurnInProgress:turn_transition"", ""frame_index"": 102, ""pose_x"": -1.838913098856342, ""pose_z"": 8.758016752019548, ""pose_yaw"": 0.2395833320915699, ""pose_pitch"": 0.0, ""delta_x"": 0.0, ""delta_z"": 0.0, ""local_delta_x"": 0.0, ""local_delta_z"": 0.0, ""delta_yaw"": 0.1796875, ""delta_pitch"": 0.0, ""movement_magnitude"": 0.0, ""rotation_magnitude"": 0.1796875, ""pose_confidence"": 1.0, ""reference_override_used"": true, ""retrieved_reference_active"": true, ""retrieved_reference_ids"": ""78 79 80 81 82 83 84 85 86"", ""anchor_frame_id"": 82, ""anchor_distance"": -1.0, ""anchor_gap"": 13, ""anchor_lag"": -1.0, ""anchor_advance_triggered"": false}"
Experiment001,105,1785830436.8518395,97,80,93,0.9382987730205059,depth,225280,0.9382987730205059,physmem_keep,80 89 90 94 95 96 97 98 99,stableworld_tri_9,9,1,6,72.16898677870631,,,,,0.9382987730205059,,,,Turn Right,0.0598958320915699,0.7301175881778019,,KEEP,0.6457790732383728,,,,depth,0.9382987730205059,0.9382987730205059,"{""frame_id"": 105, ""current_frame_id"": 97, ""similarity"": 0.9382987730205059, ""similarity_type"": ""depth"", ""matching_points"": 225280, ""confidence"": 0.9382987730205059, ""decision"": ""physmem_keep"", ""memory_state"": [80, 89, 90, 94, 95, 96, 97, 98, 99], ""memory_id"": ""stableworld_tri_9"", ""memory_size"": 9, ""replace_count"": 1, ""keep_count"": 6, ""runtime"": 72.16898677870631, ""pose_event"": """", ""use_pose_memory"": true, ""view_intent"": ""Turn Right"", ""move_intent"": ""None"", ""has_view_motion"": true, ""has_move_motion"": false, ""action_explanation"": ""viewpoint_change"", ""pose_delta_position"": 0.0, ""view_state"": ""Revisit"", ""view_confidence"": 0.8288690511669431, ""view_pose_distance"": 0.0, ""view_yaw_delta"": 0.1197916641831398, ""nearest_view_frame_id"": 87, ""key_anchor_frame_id"": 97, ""key_anchor_type"": ""revisit_anchor"", ""key_anchor_reason"": ""pose_revisit"", ""memory_selection_mode"": ""retrieve_window"", ""memory_selection_target"": 84, ""memory_selection_anchor_type"": ""pose_path_window"", ""memory_selection_reason"": ""pose_path_window:yaw=0.0000:pose=0.4714:gap=13:fid=0.970:first=1.00:age=1.00:stab=1.000:cluster=11:score=0.815"", ""source_anchor_frame_id"": 80, ""source_anchor_locked"": true, ""protected_anchor_ids"": ""80 61 70 71"", ""loop_closure_detected"": true, ""turn_result"": ""ReturnToKnownView"", ""policy_mode"": ""RevisitPolicy"", ""allow_memory_query"": true, ""allow_hard_retrieve"": true, ""allow_soft_reuse"": true, ""query_result"": ""matched_window"", ""candidate_count"": 8, ""best_candidate_frame_id"": 84, ""best_candidate_score"": 0.8152598659781554, ""best_candidate_pose_distance"": 0.4714045348399818, ""best_candidate_yaw_delta"": 0.0, ""best_candidate_frame_gap"": 13, ""best_candidate_first_visit"": 1.0, ""best_candidate_visit_age"": 1.0, ""best_candidate_cluster_id"": 11, ""best_candidate_first_visit_frame_id"": 84, ""target_window_ids"": ""61 70 71 78 79 80 81 82 83"", ""retrieved_window_ids"": ""61 70 71 78 79 80 81 82 83"", ""window_rank_reason"": ""yaw=0.0000:pose=0.4714:gap=13:fid=0.970:first=1.00:age=1.00:stab=1.000:cluster=11:score=0.815"", ""trajectory_motion_state"": ""Idle"", ""trajectory_direction"": ""none"", ""trajectory_frames"": 0, ""trajectory_distance"": 0.0, ""trajectory_should_progress"": false, ""trajectory_confidence"": 0.0, ""revisit_gate_allow_retrieve"": true, ""revisit_gate_allow_soft_reuse"": false, ""revisit_gate_force_progress"": false, ""revisit_gate_protect_current"": false, ""revisit_gate_reason"": ""stable_revisit"", ""revisit_type"": ""stable"", ""selection_is_hard_retrieve"": false, ""selection_is_soft_reuse"": false, ""selection_is_progress"": false, ""action_mode"": ""View Rotation Only"", ""action_mode_confidence"": 0.3327546227309439, ""action_mode_reason"": ""view=0.0599:Turn Right"", ""scheduler_path"": ""View Rotation Only->retrieve_window"", ""turn_state"": ""TurnInProgress"", ""turn_confidence"": 0.7486979011446238, ""turn_duration"": 5, ""turn_direction"": ""right"", ""turn_reason"": ""rotation=0.0599"", ""window_layout_type"": ""retrieve_window"", ""window_reason"": ""TurnInProgress:retrieve_window"", ""frame_index"": 105, ""pose_x"": -1.838913098856342, ""pose_z"": 8.758016752019548, ""pose_yaw"": 0.2994791641831398, ""pose_pitch"": 0.0, ""delta_x"": 0.0, ""delta_z"": 0.0, ""local_delta_x"": 0.0, ""local_delta_z"": 0.0, ""delta_yaw"": 0.0598958320915699, ""delta_pitch"": 0.0, ""movement_magnitude"": 0.0, ""rotation_magnitude"": 0.0598958320915699, ""pose_confidence"": 0.598958320915699, ""reference_override_used"": true, ""retrieved_reference_active"": true, ""retrieved_reference_ids"": ""61 70 71 78 79 80 81 82 83"", ""anchor_frame_id"": 90, ""anchor_distance"": -1.0, ""anchor_gap"": 7, ""anchor_lag"": -1.0, ""anchor_advance_triggered"": false}"
Experiment001,108,1785830438.5044343,100,71,96,0.9255570694804192,depth,225280,0.9255570694804192,physmem_insert,94 95 96 97 98 99 100 101 102,stableworld_tri_9,9,1,6,56.70616403222084,,,,,0.9255570694804192,,,,Walk,1.0,0.5381802455038792,,INSERT,0.5525630712509155,,,,depth,0.9255570694804192,0.9255570694804192,"{""frame_id"": 108, ""current_frame_id"": 100, ""similarity"": 0.9255570694804192, ""similarity_type"": ""depth"", ""matching_points"": 225280, ""confidence"": 0.9255570694804192, ""decision"": ""physmem_insert"", ""memory_state"": [94, 95, 96, 97, 98, 99, 100, 101, 102], ""memory_id"": ""stableworld_tri_9"", ""memory_size"": 9, ""replace_count"": 1, ""keep_count"": 6, ""runtime"": 56.70616403222084, ""pose_event"": """", ""use_pose_memory"": true, ""view_intent"": ""None"", ""move_intent"": ""Walk"", ""has_view_motion"": false, ""has_move_motion"": true, ""action_explanation"": ""locomotion"", ""pose_delta_position"": 1.0, ""view_state"": ""Novel View"", ""view_confidence"": 0.5, ""view_pose_distance"": 1.0000000000000002, ""view_yaw_delta"": 0.1197916641831398, ""nearest_view_frame_id"": 87, ""memory_selection_mode"": ""orb_locomotion"", ""memory_selection_target"": null, ""memory_selection_anchor_type"": """", ""memory_selection_reason"": ""move=1.0000:Walk"", ""source_anchor_frame_id"": null, ""source_anchor_locked"": false, ""protected_anchor_ids"": """", ""loop_closure_detected"": false, ""turn_result"": """", ""policy_mode"": ""LocomotionPolicy"", ""allow_memory_query"": false, ""allow_hard_retrieve"": false, ""allow_soft_reuse"": false, ""query_result"": """", ""candidate_count"": 0, ""best_candidate_frame_id"": null, ""best_candidate_score"": 0.0, ""best_candidate_pose_distance"": 0.0, ""best_candidate_yaw_delta"": 0.0, ""best_candidate_frame_gap"": 0, ""best_candidate_first_visit"": 0.0, ""best_candidate_visit_age"": 0.0, ""best_candidate_cluster_id"": -1, ""best_candidate_first_visit_frame_id"": null, ""target_window_ids"": """", ""retrieved_window_ids"": """", ""window_rank_reason"": """", ""trajectory_motion_state"": ""Starting"", ""trajectory_direction"": ""forward"", ""trajectory_frames"": 1, ""trajectory_distance"": 1.0, ""trajectory_should_progress"": false, ""trajectory_confidence"": 0.75, ""revisit_gate_allow_retrieve"": false, ""revisit_gate_allow_soft_reuse"": false, ""revisit_gate_force_progress"": false, ""revisit_gate_protect_current"": false, ""revisit_gate_reason"": ""locomotion_only_orb_dominant"", ""revisit_type"": """", ""selection_is_hard_retrieve"": false, ""selection_is_soft_reuse"": false, ""selection_is_progress"": false, ""action_mode"": ""Locomotion Only"", ""action_mode_confidence"": 1.0, ""action_mode_reason"": ""move=1.0000:Walk"", ""scheduler_path"": ""Locomotion Only->orb_locomotion"", ""turn_state"": ""PostTurnStabilization"", ""turn_confidence"": 1.0, ""turn_duration"": 1, ""turn_direction"": ""right"", ""turn_reason"": ""mouse_stopped_after_turn"", ""window_layout_type"": ""orb_locomotion"", ""window_reason"": ""PostTurnStabilization:orb_locomotion"", ""frame_index"": 108, ""pose_x"": -1.543890505716071, ""pose_z"": 9.713507029069394, ""pose_yaw"": 0.2994791641831398, ""pose_pitch"": 0.0, ""delta_x"": 0.29502259314027096, ""delta_z"": 0.9554902770498453, ""local_delta_x"": 0.0, ""local_delta_z"": 1.0, ""delta_yaw"": 0.0, ""delta_pitch"": 0.0, ""movement_magnitude"": 1.0, ""rotation_magnitude"": 0.0, ""pose_confidence"": 1.0, ""reference_override_used"": true, ""retrieved_reference_active"": true, ""retrieved_reference_ids"": ""61 70 71 78 79 80 81 82 83"", ""anchor_frame_id"": 90, ""anchor_distance"": -1.0, ""anchor_gap"": 10, ""anchor_lag"": -1.0, ""anchor_advance_triggered"": false}"
Experiment001,111,1785830440.1695,103,71,99,0.9113946557044983,depth,225280,0.9113946557044983,physmem_insert,97 98 99 100 101 102 103 104 105,stableworld_tri_9,9,1,6,90.83698270842433,,,,,0.9113946557044983,,,,Walk,1.0,0.49841452948171794,,INSERT,0.5457697510719299,,,,depth,0.9113946557044983,0.9113946557044983,"{""frame_id"": 111, ""current_frame_id"": 103, ""similarity"": 0.9113946557044983, ""similarity_type"": ""depth"", ""matching_points"": 225280, ""confidence"": 0.9113946557044983, ""decision"": ""physmem_insert"", ""memory_state"": [97, 98, 99, 100, 101, 102, 103, 104, 105], ""memory_id"": ""stableworld_tri_9"", ""memory_size"": 9, ""replace_count"": 1, ""keep_count"": 6, ""runtime"": 90.83698270842433, ""pose_event"": """", ""use_pose_memory"": true, ""view_intent"": ""None"", ""move_intent"": ""Walk"", ""has_view_motion"": false, ""has_move_motion"": true, ""action_explanation"": ""locomotion"", ""pose_delta_position"": 1.0, ""view_state"": ""Novel View"", ""view_confidence"": 0.5, ""view_pose_distance"": 1.0000000000000002, ""view_yaw_delta"": 0.0, ""nearest_view_frame_id"": 100, ""memory_selection_mode"": ""orb_locomotion"", ""memory_selection_target"": null, ""memory_selection_anchor_type"": """", ""memory_selection_reason"": ""move=1.0000:Walk"", ""source_anchor_frame_id"": null, ""source_anchor_locked"": false, ""protected_anchor_ids"": """", ""loop_closure_detected"": false, ""turn_result"": """", ""policy_mode"": ""LocomotionPolicy"", ""allow_memory_query"": false, ""allow_hard_retrieve"": false, ""allow_soft_reuse"": false, ""query_result"": """", ""candidate_count"": 0, ""best_candidate_frame_id"": null, ""best_candidate_score"": 0.0, ""best_candidate_pose_distance"": 0.0, ""best_candidate_yaw_delta"": 0.0, ""best_candidate_frame_gap"": 0, ""best_candidate_first_visit"": 0.0, ""best_candidate_visit_age"": 0.0, ""best_candidate_cluster_id"": -1, ""best_candidate_first_visit_frame_id"": null, ""target_window_ids"": """", ""retrieved_window_ids"": """", ""window_rank_reason"": """", ""trajectory_motion_state"": ""Progressing"", ""trajectory_direction"": ""forward"", ""trajectory_frames"": 2, ""trajectory_distance"": 2.0, ""trajectory_should_progress"": true, ""trajectory_confidence"": 1.0, ""revisit_gate_allow_retrieve"": false, ""revisit_gate_allow_soft_reuse"": false, ""revisit_gate_force_progress"": false, ""revisit_gate_protect_current"": false, ""revisit_gate_reason"": ""locomotion_only_orb_dominant"", ""revisit_type"": """", ""selection_is_hard_retrieve"": false, ""selection_is_soft_reuse"": false, ""selection_is_progress"": false, ""action_mode"": ""Locomotion Only"", ""action_mode_confidence"": 1.0, ""action_mode_reason"": ""move=1.0000:Walk"", ""scheduler_path"": ""Locomotion Only->orb_locomotion"", ""turn_state"": ""PostTurnStabilization"", ""turn_confidence"": 0.5, ""turn_duration"": 2, ""turn_direction"": ""right"", ""turn_reason"": ""mouse_stopped_after_turn"", ""window_layout_type"": ""orb_locomotion"", ""window_reason"": ""PostTurnStabilization:orb_locomotion"", ""frame_index"": 111, ""pose_x"": -1.2488679125758, ""pose_z"": 10.66899730611924, ""pose_yaw"": 0.2994791641831398, ""pose_pitch"": 0.0, ""delta_x"": 0.29502259314027096, ""delta_z"": 0.9554902770498453, ""local_delta_x"": 0.0, ""local_delta_z"": 1.0, ""delta_yaw"": 0.0, ""delta_pitch"": 0.0, ""movement_magnitude"": 1.0, ""rotation_magnitude"": 0.0, ""pose_confidence"": 1.0, ""reference_override_used"": true, ""retrieved_reference_active"": true, ""retrieved_reference_ids"": ""61 70 71 78 79 80 81 82 83"", ""anchor_frame_id"": 96, ""anchor_distance"": -1.0, ""anchor_gap"": 7, ""anchor_lag"": -1.0, ""anchor_advance_triggered"": false}"
Experiment001,114,1785830442.1563113,106,71,102,0.9234075471758842,depth,225280,0.9234075471758842,physmem_insert,100 101 102 103 104 105 106 107 108,stableworld_tri_9,9,1,6,90.1095187291503,,,,,0.9234075471758842,,,,Backward,1.0,0.48785420289266823,,INSERT,0.5454418063163757,,,,depth,0.9234075471758842,0.9234075471758842,"{""frame_id"": 114, ""current_frame_id"": 106, ""similarity"": 0.9234075471758842, ""similarity_type"": ""depth"", ""matching_points"": 225280, ""confidence"": 0.9234075471758842, ""decision"": ""physmem_insert"", ""memory_state"": [100, 101, 102, 103, 104, 105, 106, 107, 108], ""memory_id"": ""stableworld_tri_9"", ""memory_size"": 9, ""replace_count"": 1, ""keep_count"": 6, ""runtime"": 90.1095187291503, ""pose_event"": """", ""use_pose_memory"": true, ""view_intent"": ""None"", ""move_intent"": ""Backward"", ""has_view_motion"": false, ""has_move_motion"": true, ""action_explanation"": ""locomotion"", ""pose_delta_position"": 1.0, ""view_state"": ""Revisit"", ""view_confidence"": 1.0, ""view_pose_distance"": 0.0, ""view_yaw_delta"": 0.0, ""nearest_view_frame_id"": 100, ""memory_selection_mode"": ""orb_locomotion"", ""memory_selection_target"": null, ""memory_selection_anchor_type"": """", ""memory_selection_reason"": ""move=1.0000:Backward"", ""source_anchor_frame_id"": null, ""source_anchor_locked"": false, ""protected_anchor_ids"": """", ""loop_closure_detected"": false, ""turn_result"": """", ""policy_mode"": ""LocomotionPolicy"", ""allow_memory_query"": false, ""allow_hard_retrieve"": false, ""allow_soft_reuse"": false, ""query_result"": """", ""candidate_count"": 0, ""best_candidate_frame_id"": null, ""best_candidate_score"": 0.0, ""best_candidate_pose_distance"": 0.0, ""best_candidate_yaw_delta"": 0.0, ""best_candidate_frame_gap"": 0, ""best_candidate_first_visit"": 0.0, ""best_candidate_visit_age"": 0.0, ""best_candidate_cluster_id"": -1, ""best_candidate_first_visit_frame_id"": null, ""target_window_ids"": """", ""retrieved_window_ids"": """", ""window_rank_reason"": """", ""trajectory_motion_state"": ""Starting"", ""trajectory_direction"": ""backward"", ""trajectory_frames"": 1, ""trajectory_distance"": 1.0, ""trajectory_should_progress"": false, ""trajectory_confidence"": 0.75, ""revisit_gate_allow_retrieve"": false, ""revisit_gate_allow_soft_reuse"": false, ""revisit_gate_force_progress"": false, ""revisit_gate_protect_current"": false, ""revisit_gate_reason"": ""locomotion_only_orb_dominant"", ""revisit_type"": """", ""selection_is_hard_retrieve"": false, ""selection_is_soft_reuse"": false, ""selection_is_progress"": false, ""action_mode"": ""Locomotion Only"", ""action_mode_confidence"": 1.0, ""action_mode_reason"": ""move=1.0000:Backward"", ""scheduler_path"": ""Locomotion Only->orb_locomotion"", ""turn_state"": ""StableNewView"", ""turn_confidence"": 1.0, ""turn_duration"": 0, ""turn_direction"": ""right"", ""turn_reason"": ""stable"", ""window_layout_type"": ""orb_locomotion"", ""window_reason"": ""StableNewView:orb_locomotion"", ""frame_index"": 114, ""pose_x"": -1.543890505716071, ""pose_z"": 9.713507029069394, ""pose_yaw"": 0.2994791641831398, ""pose_pitch"": 0.0, ""delta_x"": -0.29502259314027096, ""delta_z"": -0.9554902770498453, ""local_delta_x"": 0.0, ""local_delta_z"": -1.0, ""delta_yaw"": 0.0, ""delta_pitch"": 0.0, ""movement_magnitude"": 1.0, ""rotation_magnitude"": 0.0, ""pose_confidence"": 1.0, ""reference_override_used"": true, ""retrieved_reference_active"": false, ""retrieved_reference_ids"": """", ""anchor_frame_id"": 99, ""anchor_distance"": -1.0, ""anchor_gap"": 7, ""anchor_lag"": -1.0, ""anchor_advance_triggered"": false}"
Experiment001,117,1785830444.6164656,109,102,105,0.9509427659213543,depth,225280,0.9509427659213543,physmem_keep,100 101 102 106 107 108 109 110 111,stableworld_tri_9,9,1,6,94.2362560890615,,,,,0.9509427659213543,,,,Backward,1.0,0.6017198426220546,,KEEP,0.6785634756088257,,,,depth,0.9509427659213543,0.9509427659213543,"{""frame_id"": 117, ""current_frame_id"": 109, ""similarity"": 0.9509427659213543, ""similarity_type"": ""depth"", ""matching_points"": 225280, ""confidence"": 0.9509427659213543, ""decision"": ""physmem_keep"", ""memory_state"": [100, 101, 102, 106, 107, 108, 109, 110, 111], ""memory_id"": ""stableworld_tri_9"", ""memory_size"": 9, ""replace_count"": 1, ""keep_count"": 6, ""runtime"": 94.2362560890615, ""pose_event"": """", ""use_pose_memory"": true, ""view_intent"": ""None"", ""move_intent"": ""Backward"", ""has_view_motion"": false, ""has_move_motion"": true, ""action_explanation"": ""locomotion"", ""pose_delta_position"": 1.0, ""view_state"": ""Revisit"", ""view_confidence"": 0.8288690511669431, ""view_pose_distance"": 0.0, ""view_yaw_delta"": 0.1197916641831398, ""nearest_view_frame_id"": 87, ""memory_selection_mode"": ""retrieve_window"", ""memory_selection_target"": 84, ""memory_selection_anchor_type"": ""pose_path_window"", ""memory_selection_reason"": ""pose_path_window:yaw=0.0000:pose=0.4714:gap=25:fid=0.970:first=1.00:age=1.00:stab=1.000:cluster=11:score=0.815"", ""source_anchor_frame_id"": 102, ""source_anchor_locked"": true, ""protected_anchor_ids"": ""102 61 70 71"", ""loop_closure_detected"": true, ""turn_result"": ""ReturnToKnownView"", ""policy_mode"": ""RevisitPolicy"", ""allow_memory_query"": true, ""allow_hard_retrieve"": true, ""allow_soft_reuse"": true, ""query_result"": ""matched_window"", ""candidate_count"": 8, ""best_candidate_frame_id"": 84, ""best_candidate_score"": 0.8152598659781554, ""best_candidate_pose_distance"": 0.4714045348399818, ""best_candidate_yaw_delta"": 0.0, ""best_candidate_frame_gap"": 25, ""best_candidate_first_visit"": 1.0, ""best_candidate_visit_age"": 1.0, ""best_candidate_cluster_id"": 11, ""best_candidate_first_visit_frame_id"": 84, ""target_window_ids"": ""61 70 71 78 79 80 81 82 83"", ""retrieved_window_ids"": ""61 70 71 78 79 80 81 82 83"", ""window_rank_reason"": ""yaw=0.0000:pose=0.4714:gap=25:fid=0.970:first=1.00:age=1.00:stab=1.000:cluster=11:score=0.815"", ""trajectory_motion_state"": ""Progressing"", ""trajectory_direction"": ""backward"", ""trajectory_frames"": 2, ""trajectory_distance"": 2.0, ""trajectory_should_progress"": true, ""trajectory_confidence"": 1.0, ""revisit_gate_allow_retrieve"": true, ""revisit_gate_allow_soft_reuse"": false, ""revisit_gate_force_progress"": false, ""revisit_gate_protect_current"": false, ""revisit_gate_reason"": ""dynamic_revisit:traveled=2.000"", ""revisit_type"": ""dynamic"", ""selection_is_hard_retrieve"": false, ""selection_is_soft_reuse"": false, ""selection_is_progress"": false, ""action_mode"": ""Locomotion Only"", ""action_mode_confidence"": 1.0, ""action_mode_reason"": ""move=1.0000:Backward"", ""scheduler_path"": ""Locomotion Only->retrieve_window"", ""turn_state"": ""StableNewView"", ""turn_confidence"": 1.0, ""turn_duration"": 0, ""turn_direction"": ""right"", ""turn_reason"": ""stable"", ""window_layout_type"": ""retrieve_window"", ""window_reason"": ""StableNewView:retrieve_window"", ""frame_index"": 117, ""pose_x"": -1.838913098856342, ""pose_z"": 8.758016752019548, ""pose_yaw"": 0.2994791641831398, ""pose_pitch"": 0.0, ""delta_x"": -0.29502259314027096, ""delta_z"": -0.9554902770498453, ""local_delta_x"": 0.0, ""local_delta_z"": -1.0, ""delta_yaw"": 0.0, ""delta_pitch"": 0.0, ""movement_magnitude"": 1.0, ""rotation_magnitude"": 0.0, ""pose_confidence"": 1.0, ""reference_override_used"": false, ""retrieved_reference_active"": true, ""retrieved_reference_ids"": ""61 70 71 78 79 80 81 82 83"", ""anchor_frame_id"": 102, ""anchor_distance"": -1.0, ""anchor_gap"": 7, ""anchor_lag"": -1.0, ""anchor_advance_triggered"": false}"
