ExperimentID,FrameID,Timestamp,CurrentFrameID,ReferenceFrameID,MiddleFrameID,Similarity,SimilarityType,MatchingPoints,Confidence,Decision,MemoryState,MemoryID,MemorySize,ReplaceCount,KeepCount,Runtime,CPUTime,GPUTime,VRAM,FPS,GeometryScore,DepthConsistency,CameraMotion,ActionEmbedding,ActionType,ActionMagnitude,FusionWeight,FusionEntropy,FusionDecision,SemanticScore,SemanticConfidence,PhysicalScore,PhysicalConfidence,EvidenceType,PolicyConfidence,DecisionConfidence,ExtraFields
Experiment001,9,1785548986.5627856,9,2,5,0.9850980686023831,depth,225280,0.9850980686023831,physmem_keep,0 1 2 6 7 8 9 10 11,stableworld_tri_9,9,1,6,650.3101312555373,,,,,0.9850980686023831,,,,Viewpoint Locomotion,0.6666666865348816,0.6477365389265439,,KEEP,0.7694175839424133,,,,depth,0.9850980686023831,0.9850980686023831,"{""frame_id"": 9, ""current_frame_id"": 9, ""similarity"": 0.9850980686023831, ""similarity_type"": ""depth"", ""matching_points"": 225280, ""confidence"": 0.9850980686023831, ""decision"": ""physmem_keep"", ""memory_state"": [0, 1, 2, 6, 7, 8, 9, 10, 11], ""memory_id"": ""stableworld_tri_9"", ""memory_size"": 9, ""replace_count"": 1, ""keep_count"": 6, ""runtime"": 650.3101312555373, ""pose_event"": """", ""use_pose_memory"": true, ""view_intent"": ""Turn Left"", ""move_intent"": ""Right"", ""has_view_motion"": true, ""has_move_motion"": true, ""action_explanation"": ""viewpoint_locomotion"", ""pose_delta_position"": 0.6666666865348816, ""view_state"": ""Novel View"", ""view_confidence"": 0.0, ""view_pose_distance"": Infinity, ""view_yaw_delta"": Infinity, ""nearest_view_frame_id"": null, ""key_anchor_frame_id"": 9, ""key_anchor_type"": ""initial_anchor"", ""key_anchor_reason"": ""first_pose"", ""memory_selection_mode"": ""protect_current"", ""memory_selection_target"": null, ""memory_selection_anchor_type"": """", ""memory_selection_reason"": ""move=0.6667:view=0.0599:Viewpoint Locomotion"", ""trajectory_motion_state"": ""Starting"", ""trajectory_direction"": ""right"", ""trajectory_frames"": 1, ""trajectory_distance"": 0.6666666865348816, ""trajectory_should_progress"": false, ""trajectory_confidence"": 0.75, ""revisit_gate_allow_retrieve"": false, ""revisit_gate_allow_soft_reuse"": false, ""revisit_gate_force_progress"": true, ""revisit_gate_protect_current"": false, ""revisit_gate_reason"": ""novel_view_progress"", ""selection_is_hard_retrieve"": false, ""selection_is_soft_reuse"": false, ""selection_is_progress"": false, ""action_mode"": ""Viewpoint Locomotion"", ""action_mode_confidence"": 0.6666666865348816, ""action_mode_reason"": ""move=0.6667:view=0.0599:Viewpoint Locomotion"", ""scheduler_path"": ""Viewpoint Locomotion->protect_current"", ""turn_state"": ""TurnStart"", ""turn_confidence"": 0.7486979011446238, ""turn_duration"": 1, ""turn_direction"": ""left"", ""turn_reason"": ""rotation=0.0599"", ""window_layout_type"": ""protect_current"", ""window_reason"": ""TurnStart:protect_current"", ""frame_index"": 9, ""pose_x"": 0.6663677496442973, ""pose_z"": 0.01996229369068322, ""pose_yaw"": -0.0598958320915699, ""pose_pitch"": 0.0, ""delta_x"": 0.6663677496442973, ""delta_z"": 0.01996229369068322, ""local_delta_x"": 0.6666666865348816, ""local_delta_z"": 0.0, ""delta_yaw"": -0.0598958320915699, ""delta_pitch"": 0.0, ""movement_magnitude"": 0.6666666865348816, ""rotation_magnitude"": 0.0598958320915699, ""pose_confidence"": 1.0}"
Experiment001,12,1785548987.6260781,12,2,8,0.9786795694380999,depth,225280,0.9786795694380999,physmem_keep,0 1 2 9 10 11 12 13 14,stableworld_tri_9,9,1,6,95.81580897793174,,,,,0.9786795694380999,,,,Turn Left,0.1796875,0.6342866299222863,,KEEP,0.72064208984375,,,,depth,0.9786795694380999,0.9786795694380999,"{""frame_id"": 12, ""current_frame_id"": 12, ""similarity"": 0.9786795694380999, ""similarity_type"": ""depth"", ""matching_points"": 225280, ""confidence"": 0.9786795694380999, ""decision"": ""physmem_keep"", ""memory_state"": [0, 1, 2, 9, 10, 11, 12, 13, 14], ""memory_id"": ""stableworld_tri_9"", ""memory_size"": 9, ""replace_count"": 1, ""keep_count"": 6, ""runtime"": 95.81580897793174, ""pose_event"": """", ""use_pose_memory"": true, ""view_intent"": ""Turn Left"", ""move_intent"": ""None"", ""has_view_motion"": true, ""has_move_motion"": false, ""action_explanation"": ""viewpoint_change"", ""pose_delta_position"": 0.0, ""view_state"": ""View Transition"", ""view_confidence"": 0.5989583333333334, ""view_pose_distance"": 0.0, ""view_yaw_delta"": 0.1796875, ""nearest_view_frame_id"": 9, ""memory_selection_mode"": ""turn_transition"", ""memory_selection_target"": null, ""memory_selection_anchor_type"": """", ""memory_selection_reason"": ""rotation=0.1797"", ""trajectory_motion_state"": ""Idle"", ""trajectory_direction"": ""none"", ""trajectory_frames"": 0, ""trajectory_distance"": 0.0, ""trajectory_should_progress"": false, ""trajectory_confidence"": 0.0, ""revisit_gate_allow_retrieve"": false, ""revisit_gate_allow_soft_reuse"": false, ""revisit_gate_force_progress"": false, ""revisit_gate_protect_current"": true, ""revisit_gate_reason"": ""view_transition"", ""selection_is_hard_retrieve"": false, ""selection_is_soft_reuse"": false, ""selection_is_progress"": false, ""action_mode"": ""View Rotation Only"", ""action_mode_confidence"": 0.998263888888889, ""action_mode_reason"": ""view=0.1797:Turn Left"", ""scheduler_path"": ""View Rotation Only->turn_transition"", ""turn_state"": ""TurnInProgress"", ""turn_confidence"": 1.0, ""turn_duration"": 2, ""turn_direction"": ""left"", ""turn_reason"": ""rotation=0.1797"", ""window_layout_type"": ""turn_transition"", ""window_reason"": ""TurnInProgress:turn_transition"", ""frame_index"": 12, ""pose_x"": 0.6663677496442973, ""pose_z"": 0.01996229369068322, ""pose_yaw"": -0.2395833320915699, ""pose_pitch"": 0.0, ""delta_x"": 0.0, ""delta_z"": 0.0, ""local_delta_x"": 0.0, ""local_delta_z"": 0.0, ""delta_yaw"": -0.1796875, ""delta_pitch"": 0.0, ""movement_magnitude"": 0.0, ""rotation_magnitude"": 0.1796875, ""pose_confidence"": 1.0}"
Experiment001,15,1785548988.7827892,15,2,11,0.9775184150785208,depth,225280,0.9775184150785208,physmem_keep,0 1 2 12 13 14 15 16 17,stableworld_tri_9,9,1,6,132.58699513971806,,,,,0.9775184150785208,,,,Viewpoint Locomotion,0.3333333432674408,0.7195919201322997,,KEEP,0.649592936038971,,,,depth,0.9775184150785208,0.9775184150785208,"{""frame_id"": 15, ""current_frame_id"": 15, ""similarity"": 0.9775184150785208, ""similarity_type"": ""depth"", ""matching_points"": 225280, ""confidence"": 0.9775184150785208, ""decision"": ""physmem_keep"", ""memory_state"": [0, 1, 2, 12, 13, 14, 15, 16, 17], ""memory_id"": ""stableworld_tri_9"", ""memory_size"": 9, ""replace_count"": 1, ""keep_count"": 6, ""runtime"": 132.58699513971806, ""pose_event"": """", ""use_pose_memory"": true, ""view_intent"": ""Turn Left"", ""move_intent"": ""Left"", ""has_view_motion"": true, ""has_move_motion"": true, ""action_explanation"": ""viewpoint_locomotion"", ""pose_delta_position"": 0.3333333432674408, ""view_state"": ""Known View"", ""view_confidence"": 0.5377178604598918, ""view_pose_distance"": 0.3333333432674408, ""view_yaw_delta"": 0.2395833320915699, ""nearest_view_frame_id"": 9, ""memory_selection_mode"": ""turn_transition"", ""memory_selection_target"": null, ""memory_selection_anchor_type"": """", ""memory_selection_reason"": ""rotation=0.0599"", ""trajectory_motion_state"": ""Starting"", ""trajectory_direction"": ""left"", ""trajectory_frames"": 1, ""trajectory_distance"": 0.3333333432674408, ""trajectory_should_progress"": false, ""trajectory_confidence"": 0.75, ""revisit_gate_allow_retrieve"": false, ""revisit_gate_allow_soft_reuse"": false, ""revisit_gate_force_progress"": false, ""revisit_gate_protect_current"": false, ""revisit_gate_reason"": ""known_view_blocked_by_motion:0.3333"", ""selection_is_hard_retrieve"": false, ""selection_is_soft_reuse"": false, ""selection_is_progress"": false, ""action_mode"": ""Viewpoint Locomotion"", ""action_mode_confidence"": 0.3333333432674408, ""action_mode_reason"": ""move=0.3333:view=0.0599:Viewpoint Locomotion"", ""scheduler_path"": ""Viewpoint Locomotion->turn_transition"", ""turn_state"": ""TurnInProgress"", ""turn_confidence"": 0.7486979011446238, ""turn_duration"": 3, ""turn_direction"": ""left"", ""turn_reason"": ""rotation=0.0599"", ""window_layout_type"": ""turn_transition"", ""window_reason"": ""TurnInProgress:turn_transition"", ""frame_index"": 15, ""pose_x"": 0.345069132957115, ""pose_z"": -0.06879758828733987, ""pose_yaw"": -0.2994791641831398, ""pose_pitch"": 0.0, ""delta_x"": -0.32129861668718235, ""delta_z"": -0.08875988197802309, ""local_delta_x"": -0.3333333432674408, ""local_delta_z"": 0.0, ""delta_yaw"": -0.0598958320915699, ""delta_pitch"": 0.0, ""movement_magnitude"": 0.3333333432674408, ""rotation_magnitude"": 0.0598958320915699, ""pose_confidence"": 0.6666666865348816}"
Experiment001,18,1785548989.8800883,18,2,14,0.9335427284240723,depth,225280,0.9335427284240723,physmem_insert,2 12 13 14 15 16 17 18 19,stableworld_tri_9,9,1,7,140.65288100391626,,,,,0.9335427284240723,,,,Viewpoint Locomotion,0.7453560147132695,0.4981327051808535,,INSERT,0.6031356453895569,,,,depth,0.9335427284240723,0.9335427284240723,"{""frame_id"": 18, ""current_frame_id"": 18, ""similarity"": 0.9335427284240723, ""similarity_type"": ""depth"", ""matching_points"": 225280, ""confidence"": 0.9335427284240723, ""decision"": ""physmem_insert"", ""memory_state"": [2, 12, 13, 14, 15, 16, 17, 18, 19], ""memory_id"": ""stableworld_tri_9"", ""memory_size"": 9, ""replace_count"": 1, ""keep_count"": 7, ""runtime"": 140.65288100391626, ""pose_event"": """", ""use_pose_memory"": true, ""view_intent"": ""Turn Left"", ""move_intent"": ""Right"", ""has_view_motion"": true, ""has_move_motion"": true, ""action_explanation"": ""viewpoint_locomotion"", ""pose_delta_position"": 0.3333333432674408, ""view_state"": ""Known View"", ""view_confidence"": 0.6555028474294428, ""view_pose_distance"": 0.01996229369068325, ""view_yaw_delta"": 0.2994791641831398, ""nearest_view_frame_id"": 9, ""memory_selection_mode"": ""turn_transition"", ""memory_selection_target"": null, ""memory_selection_anchor_type"": """", ""memory_selection_reason"": ""rotation=0.0599"", ""trajectory_motion_state"": ""Starting"", ""trajectory_direction"": ""right"", ""trajectory_frames"": 1, ""trajectory_distance"": 0.3333333432674408, ""trajectory_should_progress"": false, ""trajectory_confidence"": 0.75, ""revisit_gate_allow_retrieve"": false, ""revisit_gate_allow_soft_reuse"": false, ""revisit_gate_force_progress"": false, ""revisit_gate_protect_current"": false, ""revisit_gate_reason"": ""known_view_blocked_by_motion:0.3333"", ""selection_is_hard_retrieve"": false, ""selection_is_soft_reuse"": false, ""selection_is_progress"": false, ""action_mode"": ""Viewpoint Locomotion"", ""action_mode_confidence"": 0.3333333432674408, ""action_mode_reason"": ""move=0.3333:view=0.0599:Viewpoint Locomotion"", ""scheduler_path"": ""Viewpoint Locomotion->turn_transition"", ""turn_state"": ""TurnInProgress"", ""turn_confidence"": 0.7486979011446238, ""turn_duration"": 4, ""turn_direction"": ""left"", ""turn_reason"": ""rotation=0.0599"", ""window_layout_type"": ""turn_transition"", ""window_reason"": ""TurnInProgress:turn_transition"", ""frame_index"": 18, ""pose_x"": 0.6604784219946442, ""pose_z"": 0.03903607121974452, ""pose_yaw"": -0.3593749962747097, ""pose_pitch"": 0.0, ""delta_x"": 0.3154092890375293, ""delta_z"": 0.10783365950708439, ""local_delta_x"": 0.3333333432674408, ""local_delta_z"": 0.0, ""delta_yaw"": -0.0598958320915699, ""delta_pitch"": 0.0, ""movement_magnitude"": 0.3333333432674408, ""rotation_magnitude"": 0.0598958320915699, ""pose_confidence"": 1.0}"
Experiment001,21,1785548990.9388988,20,13,16,0.9560990333557129,depth,225280,0.9560990333557129,physmem_keep,2 12 13 17 18 19 20 21 22,stableworld_tri_9,9,1,6,109.07404171302915,,,,,0.9560990333557129,,,,Viewpoint Locomotion,0.7453560147132695,0.6044029078355893,,KEEP,0.6408695578575134,,,,depth,0.9560990333557129,0.9560990333557129,"{""frame_id"": 21, ""current_frame_id"": 20, ""similarity"": 0.9560990333557129, ""similarity_type"": ""depth"", ""matching_points"": 225280, ""confidence"": 0.9560990333557129, ""decision"": ""physmem_keep"", ""memory_state"": [2, 12, 13, 17, 18, 19, 20, 21, 22], ""memory_id"": ""stableworld_tri_9"", ""memory_size"": 9, ""replace_count"": 1, ""keep_count"": 6, ""runtime"": 109.07404171302915, ""pose_event"": """", ""use_pose_memory"": true, ""view_intent"": ""Turn Right"", ""move_intent"": ""Left"", ""has_view_motion"": true, ""has_move_motion"": true, ""action_explanation"": ""viewpoint_locomotion"", ""pose_delta_position"": 0.3333333432674408, ""view_state"": ""Known View"", ""view_confidence"": 1.0, ""view_pose_distance"": 5.551115123125783e-17, ""view_yaw_delta"": 0.0, ""nearest_view_frame_id"": 15, ""memory_selection_mode"": ""turn_transition"", ""memory_selection_target"": null, ""memory_selection_anchor_type"": """", ""memory_selection_reason"": ""rotation=0.0599"", ""trajectory_motion_state"": ""Starting"", ""trajectory_direction"": ""left"", ""trajectory_frames"": 1, ""trajectory_distance"": 0.3333333432674408, ""trajectory_should_progress"": false, ""trajectory_confidence"": 0.75, ""revisit_gate_allow_retrieve"": false, ""revisit_gate_allow_soft_reuse"": false, ""revisit_gate_force_progress"": false, ""revisit_gate_protect_current"": false, ""revisit_gate_reason"": ""known_view_blocked_by_motion:0.3333"", ""selection_is_hard_retrieve"": false, ""selection_is_soft_reuse"": false, ""selection_is_progress"": false, ""action_mode"": ""Viewpoint Locomotion"", ""action_mode_confidence"": 0.3333333432674408, ""action_mode_reason"": ""move=0.3333:view=0.0599:Viewpoint Locomotion"", ""scheduler_path"": ""Viewpoint Locomotion->turn_transition"", ""turn_state"": ""TurnInProgress"", ""turn_confidence"": 0.7486979011446238, ""turn_duration"": 5, ""turn_direction"": ""right"", ""turn_reason"": ""rotation=0.0599"", ""window_layout_type"": ""turn_transition"", ""window_reason"": ""TurnInProgress:turn_transition"", ""frame_index"": 21, ""pose_x"": 0.34506913295711494, ""pose_z"": -0.06879758828733987, ""pose_yaw"": -0.2994791641831398, ""pose_pitch"": 0.0, ""delta_x"": -0.3154092890375293, ""delta_z"": -0.10783365950708439, ""local_delta_x"": -0.3333333432674408, ""local_delta_z"": 0.0, ""delta_yaw"": 0.0598958320915699, ""delta_pitch"": 0.0, ""movement_magnitude"": 0.3333333432674408, ""rotation_magnitude"": 0.0598958320915699, ""pose_confidence"": 1.0}"
Experiment001,24,1785548992.008037,23,13,19,0.9603148214519024,depth,225280,0.9603148214519024,physmem_insert,13 17 18 19 20 21 22 23 24,stableworld_tri_9,9,1,7,132.09584588184953,,,,,0.9603148214519024,,,,Viewpoint Locomotion,0.3333333432674408,0.6964915360929033,,INSERT,0.5675371885299683,,,,depth,0.9603148214519024,0.9603148214519024,"{""frame_id"": 24, ""current_frame_id"": 23, ""similarity"": 0.9603148214519024, ""similarity_type"": ""depth"", ""matching_points"": 225280, ""confidence"": 0.9603148214519024, ""decision"": ""physmem_insert"", ""memory_state"": [13, 17, 18, 19, 20, 21, 22, 23, 24], ""memory_id"": ""stableworld_tri_9"", ""memory_size"": 9, ""replace_count"": 1, ""keep_count"": 7, ""runtime"": 132.09584588184953, ""pose_event"": """", ""use_pose_memory"": true, ""view_intent"": ""Turn Right"", ""move_intent"": ""Right"", ""has_view_motion"": true, ""has_move_motion"": true, ""action_explanation"": ""viewpoint_locomotion"", ""pose_delta_position"": 0.3333333432674408, ""view_state"": ""Revisit"", ""view_confidence"": 0.7433035714285714, ""view_pose_distance"": 1.1107649934270853e-16, ""view_yaw_delta"": 0.1796875, ""nearest_view_frame_id"": 9, ""memory_selection_mode"": ""turn_transition"", ""memory_selection_target"": null, ""memory_selection_anchor_type"": """", ""memory_selection_reason"": ""rotation=0.0599"", ""trajectory_motion_state"": ""Starting"", ""trajectory_direction"": ""right"", ""trajectory_frames"": 1, ""trajectory_distance"": 0.3333333432674408, ""trajectory_should_progress"": false, ""trajectory_confidence"": 0.75, ""revisit_gate_allow_retrieve"": false, ""revisit_gate_allow_soft_reuse"": false, ""revisit_gate_force_progress"": false, ""revisit_gate_protect_current"": false, ""revisit_gate_reason"": ""revisit_blocked_by_motion:0.3333"", ""selection_is_hard_retrieve"": false, ""selection_is_soft_reuse"": false, ""selection_is_progress"": false, ""action_mode"": ""Viewpoint Locomotion"", ""action_mode_confidence"": 0.3333333432674408, ""action_mode_reason"": ""move=0.3333:view=0.0599:Viewpoint Locomotion"", ""scheduler_path"": ""Viewpoint Locomotion->turn_transition"", ""turn_state"": ""TurnInProgress"", ""turn_confidence"": 0.7486979011446238, ""turn_duration"": 6, ""turn_direction"": ""right"", ""turn_reason"": ""rotation=0.0599"", ""window_layout_type"": ""turn_transition"", ""window_reason"": ""TurnInProgress:turn_transition"", ""frame_index"": 24, ""pose_x"": 0.6663677496442972, ""pose_z"": 0.019962293690683225, ""pose_yaw"": -0.2395833320915699, ""pose_pitch"": 0.0, ""delta_x"": 0.32129861668718235, ""delta_z"": 0.08875988197802309, ""local_delta_x"": 0.3333333432674408, ""local_delta_z"": 0.0, ""delta_yaw"": 0.0598958320915699, ""delta_pitch"": 0.0, ""movement_magnitude"": 0.3333333432674408, ""rotation_magnitude"": 0.0598958320915699, ""pose_confidence"": 0.6666666865348816}"
Experiment001,27,1785548993.1432567,25,18,21,0.899427555501461,depth,225280,0.899427555501461,physmem_keep,13 17 18 22 23 24 25 26 27,stableworld_tri_9,9,1,6,186.01355608552694,,,,,0.899427555501461,,,,Turn Right,0.1796875,0.598152317321675,,KEEP,0.6706408858299255,,,,depth,0.899427555501461,0.899427555501461,"{""frame_id"": 27, ""current_frame_id"": 25, ""similarity"": 0.899427555501461, ""similarity_type"": ""depth"", ""matching_points"": 225280, ""confidence"": 0.899427555501461, ""decision"": ""physmem_keep"", ""memory_state"": [13, 17, 18, 22, 23, 24, 25, 26, 27], ""memory_id"": ""stableworld_tri_9"", ""memory_size"": 9, ""replace_count"": 1, ""keep_count"": 6, ""runtime"": 186.01355608552694, ""pose_event"": """", ""use_pose_memory"": true, ""view_intent"": ""Turn Right"", ""move_intent"": ""None"", ""has_view_motion"": true, ""has_move_motion"": false, ""action_explanation"": ""viewpoint_change"", ""pose_delta_position"": 0.0, ""view_state"": ""View Transition"", ""view_confidence"": 0.5989583333333334, ""view_pose_distance"": 0.0, ""view_yaw_delta"": 0.1796875, ""nearest_view_frame_id"": 23, ""memory_selection_mode"": ""turn_transition"", ""memory_selection_target"": null, ""memory_selection_anchor_type"": """", ""memory_selection_reason"": ""rotation=0.1797"", ""trajectory_motion_state"": ""Idle"", ""trajectory_direction"": ""none"", ""trajectory_frames"": 0, ""trajectory_distance"": 0.0, ""trajectory_should_progress"": false, ""trajectory_confidence"": 0.0, ""revisit_gate_allow_retrieve"": false, ""revisit_gate_allow_soft_reuse"": false, ""revisit_gate_force_progress"": false, ""revisit_gate_protect_current"": true, ""revisit_gate_reason"": ""view_transition"", ""selection_is_hard_retrieve"": false, ""selection_is_soft_reuse"": false, ""selection_is_progress"": false, ""action_mode"": ""View Rotation Only"", ""action_mode_confidence"": 0.998263888888889, ""action_mode_reason"": ""view=0.1797:Turn Right"", ""scheduler_path"": ""View Rotation Only->turn_transition"", ""turn_state"": ""TurnInProgress"", ""turn_confidence"": 1.0, ""turn_duration"": 7, ""turn_direction"": ""right"", ""turn_reason"": ""rotation=0.1797"", ""window_layout_type"": ""turn_transition"", ""window_reason"": ""TurnInProgress:turn_transition"", ""frame_index"": 27, ""pose_x"": 0.6663677496442972, ""pose_z"": 0.019962293690683225, ""pose_yaw"": -0.0598958320915699, ""pose_pitch"": 0.0, ""delta_x"": 0.0, ""delta_z"": 0.0, ""local_delta_x"": 0.0, ""local_delta_z"": 0.0, ""delta_yaw"": 0.1796875, ""delta_pitch"": 0.0, ""movement_magnitude"": 0.0, ""rotation_magnitude"": 0.1796875, ""pose_confidence"": 1.0}"
Experiment001,30,1785548994.2258542,28,18,24,0.9152425974607468,depth,225280,0.9152425974607468,physmem_keep,13 17 18 25 26 27 28 29 30,stableworld_tri_9,9,1,6,134.9298870190978,,,,,0.9152425974607468,,,,Viewpoint Locomotion,0.6666666865348816,0.5822937554824883,,KEEP,0.6354719400405884,,,,depth,0.9152425974607468,0.9152425974607468,"{""frame_id"": 30, ""current_frame_id"": 28, ""similarity"": 0.9152425974607468, ""similarity_type"": ""depth"", ""matching_points"": 225280, ""confidence"": 0.9152425974607468, ""decision"": ""physmem_keep"", ""memory_state"": [13, 17, 18, 25, 26, 27, 28, 29, 30], ""memory_id"": ""stableworld_tri_9"", ""memory_size"": 9, ""replace_count"": 1, ""keep_count"": 6, ""runtime"": 134.9298870190978, ""pose_event"": """", ""use_pose_memory"": true, ""view_intent"": ""Turn Left"", ""move_intent"": ""Backward"", ""has_view_motion"": true, ""has_move_motion"": true, ""action_explanation"": ""viewpoint_locomotion"", ""pose_delta_position"": 0.6666666865348816, ""view_state"": ""Revisit"", ""view_confidence"": 0.5267236979589576, ""view_pose_distance"": 0.6666666865348816, ""view_yaw_delta"": 0.02018229104578495, ""nearest_view_frame_id"": 9, ""memory_selection_mode"": ""turn_transition"", ""memory_selection_target"": null, ""memory_selection_anchor_type"": """", ""memory_selection_reason"": ""rotation=0.0202"", ""trajectory_motion_state"": ""Starting"", ""trajectory_direction"": ""backward"", ""trajectory_frames"": 1, ""trajectory_distance"": 0.6666666865348816, ""trajectory_should_progress"": false, ""trajectory_confidence"": 0.75, ""revisit_gate_allow_retrieve"": false, ""revisit_gate_allow_soft_reuse"": false, ""revisit_gate_force_progress"": false, ""revisit_gate_protect_current"": false, ""revisit_gate_reason"": ""revisit_blocked_by_motion:0.6667"", ""selection_is_hard_retrieve"": false, ""selection_is_soft_reuse"": false, ""selection_is_progress"": false, ""action_mode"": ""Viewpoint Locomotion"", ""action_mode_confidence"": 0.6666666865348816, ""action_mode_reason"": ""move=0.6667:view=0.0202:Viewpoint Locomotion"", ""scheduler_path"": ""Viewpoint Locomotion->turn_transition"", ""turn_state"": ""TurnInProgress"", ""turn_confidence"": 0.2522786380723119, ""turn_duration"": 8, ""turn_direction"": ""left"", ""turn_reason"": ""rotation=0.0202"", ""window_layout_type"": ""turn_transition"", ""window_reason"": ""TurnInProgress:turn_transition"", ""frame_index"": 30, ""pose_x"": 0.7129876555922678, ""pose_z"": -0.6450723334565056, ""pose_yaw"": -0.08007812313735485, ""pose_pitch"": 0.0, ""delta_x"": 0.046619905947970657, ""delta_z"": -0.6650346271471889, ""local_delta_x"": 0.0, ""local_delta_z"": -0.6666666865348816, ""delta_yaw"": -0.02018229104578495, ""delta_pitch"": 0.0, ""movement_magnitude"": 0.6666666865348816, ""rotation_magnitude"": 0.02018229104578495, ""pose_confidence"": 1.0}"
Experiment001,33,1785548995.2803411,31,18,27,0.8911699056625366,depth,225280,0.8911699056625366,physmem_keep,13 17 18 28 29 30 31 32 33,stableworld_tri_9,9,1,6,94.84592685475945,,,,,0.8911699056625366,,,,Viewpoint Locomotion,1.0,0.5755653396109464,,KEEP,0.6439299583435059,,,,depth,0.8911699056625366,0.8911699056625366,"{""frame_id"": 33, ""current_frame_id"": 31, ""similarity"": 0.8911699056625366, ""similarity_type"": ""depth"", ""matching_points"": 225280, ""confidence"": 0.8911699056625366, ""decision"": ""physmem_keep"", ""memory_state"": [13, 17, 18, 28, 29, 30, 31, 32, 33], ""memory_id"": ""stableworld_tri_9"", ""memory_size"": 9, ""replace_count"": 1, ""keep_count"": 6, ""runtime"": 94.84592685475945, ""pose_event"": """", ""use_pose_memory"": true, ""view_intent"": ""Turn Right"", ""move_intent"": ""Walk"", ""has_view_motion"": true, ""has_move_motion"": true, ""action_explanation"": ""viewpoint_locomotion"", ""pose_delta_position"": 1.0, ""view_state"": ""Known View"", ""view_confidence"": 0.41520195891044703, ""view_pose_distance"": 0.3153372289261253, ""view_yaw_delta"": 0.35937499813735485, ""nearest_view_frame_id"": 18, ""memory_selection_mode"": ""turn_transition"", ""memory_selection_target"": null, ""memory_selection_anchor_type"": """", ""memory_selection_reason"": ""rotation=0.0801"", ""trajectory_motion_state"": ""Starting"", ""trajectory_direction"": ""forward"", ""trajectory_frames"": 1, ""trajectory_distance"": 1.0, ""trajectory_should_progress"": false, ""trajectory_confidence"": 0.75, ""revisit_gate_allow_retrieve"": false, ""revisit_gate_allow_soft_reuse"": false, ""revisit_gate_force_progress"": false, ""revisit_gate_protect_current"": false, ""revisit_gate_reason"": ""known_view_blocked_by_motion:1.0000"", ""selection_is_hard_retrieve"": false, ""selection_is_soft_reuse"": false, ""selection_is_progress"": false, ""action_mode"": ""Viewpoint Locomotion"", ""action_mode_confidence"": 1.0, ""action_mode_reason"": ""move=1.0000:view=0.0801:Viewpoint Locomotion"", ""scheduler_path"": ""Viewpoint Locomotion->turn_transition"", ""turn_state"": ""TurnInProgress"", ""turn_confidence"": 1.0, ""turn_duration"": 9, ""turn_direction"": ""right"", ""turn_reason"": ""rotation=0.0801"", ""window_layout_type"": ""turn_transition"", ""window_reason"": ""TurnInProgress:turn_transition"", ""frame_index"": 33, ""pose_x"": 0.672959292043139, ""pose_z"": 0.3541262104333355, ""pose_yaw"": 1.862645149230957e-09, ""pose_pitch"": 0.0, ""delta_x"": -0.04002836354912891, ""delta_z"": 0.9991985438898411, ""local_delta_x"": 0.0, ""local_delta_z"": 1.0, ""delta_yaw"": 0.080078125, ""delta_pitch"": 0.0, ""movement_magnitude"": 1.0, ""rotation_magnitude"": 0.080078125, ""pose_confidence"": 1.0}"
Experiment001,36,1785548996.4547057,34,18,30,0.9501226656138897,depth,225280,0.9501226656138897,physmem_keep,13 17 18 31 32 33 34 35 36,stableworld_tri_9,9,1,6,156.02640667930245,,,,,0.9501226656138897,,,,Walk,1.0540925565309005,0.5626823932334799,,KEEP,0.5944640040397644,,,,depth,0.9501226656138897,0.9501226656138897,"{""frame_id"": 36, ""current_frame_id"": 34, ""similarity"": 0.9501226656138897, ""similarity_type"": ""depth"", ""matching_points"": 225280, ""confidence"": 0.9501226656138897, ""decision"": ""physmem_keep"", ""memory_state"": [13, 17, 18, 31, 32, 33, 34, 35, 36], ""memory_id"": ""stableworld_tri_9"", ""memory_size"": 9, ""replace_count"": 1, ""keep_count"": 6, ""runtime"": 156.02640667930245, ""pose_event"": """", ""use_pose_memory"": true, ""view_intent"": ""None"", ""move_intent"": ""Walk"", ""has_view_motion"": false, ""has_move_motion"": true, ""action_explanation"": ""locomotion"", ""pose_delta_position"": 1.0540925565309005, ""view_state"": ""Novel View"", ""view_confidence"": 0.5, ""view_pose_distance"": 1.0540925565309003, ""view_yaw_delta"": 0.0, ""nearest_view_frame_id"": 31, ""memory_selection_mode"": ""orb_locomotion"", ""memory_selection_target"": null, ""memory_selection_anchor_type"": """", ""memory_selection_reason"": ""move=1.0541:Walk"", ""trajectory_motion_state"": ""Progressing"", ""trajectory_direction"": ""forward"", ""trajectory_frames"": 2, ""trajectory_distance"": 2.0540925565309003, ""trajectory_should_progress"": true, ""trajectory_confidence"": 1.0, ""revisit_gate_allow_retrieve"": false, ""revisit_gate_allow_soft_reuse"": false, ""revisit_gate_force_progress"": false, ""revisit_gate_protect_current"": false, ""revisit_gate_reason"": ""locomotion_only_orb_dominant"", ""selection_is_hard_retrieve"": false, ""selection_is_soft_reuse"": false, ""selection_is_progress"": false, ""action_mode"": ""Locomotion Only"", ""action_mode_confidence"": 1.0, ""action_mode_reason"": ""move=1.0541:Walk"", ""scheduler_path"": ""Locomotion Only->orb_locomotion"", ""turn_state"": ""PostTurnStabilization"", ""turn_confidence"": 1.0, ""turn_duration"": 1, ""turn_direction"": ""right"", ""turn_reason"": ""mouse_stopped_after_turn"", ""window_layout_type"": ""orb_locomotion"", ""window_reason"": ""PostTurnStabilization:orb_locomotion"", ""frame_index"": 36, ""pose_x"": 0.33962595063834333, ""pose_z"": 1.3541262110542172, ""pose_yaw"": 1.862645149230957e-09, ""pose_pitch"": 0.0, ""delta_x"": -0.33333334140479565, ""delta_z"": 1.0000000006208818, ""local_delta_x"": -0.3333333432674408, ""local_delta_z"": 1.0, ""delta_yaw"": 0.0, ""delta_pitch"": 0.0, ""movement_magnitude"": 1.0540925565309005, ""rotation_magnitude"": 0.0, ""pose_confidence"": 1.0}"
Experiment001,39,1785548997.6416311,37,18,33,0.9247673228383064,depth,225280,0.9247673228383064,physmem_insert,31 32 33 34 35 36 37 38 39,stableworld_tri_9,9,1,6,179.2913810350001,,,,,0.9247673228383064,,,,Walk,1.2472191421996568,0.534275329246698,,INSERT,0.549244225025177,,,,depth,0.9247673228383064,0.9247673228383064,"{""frame_id"": 39, ""current_frame_id"": 37, ""similarity"": 0.9247673228383064, ""similarity_type"": ""depth"", ""matching_points"": 225280, ""confidence"": 0.9247673228383064, ""decision"": ""physmem_insert"", ""memory_state"": [31, 32, 33, 34, 35, 36, 37, 38, 39], ""memory_id"": ""stableworld_tri_9"", ""memory_size"": 9, ""replace_count"": 1, ""keep_count"": 6, ""runtime"": 179.2913810350001, ""pose_event"": """", ""use_pose_memory"": true, ""view_intent"": ""None"", ""move_intent"": ""Walk"", ""has_view_motion"": false, ""has_move_motion"": true, ""action_explanation"": ""locomotion"", ""pose_delta_position"": 1.0540925565309005, ""view_state"": ""Novel View"", ""view_confidence"": 0.5, ""view_pose_distance"": 1.0540925565309003, ""view_yaw_delta"": 0.0, ""nearest_view_frame_id"": 34, ""memory_selection_mode"": ""orb_locomotion"", ""memory_selection_target"": null, ""memory_selection_anchor_type"": """", ""memory_selection_reason"": ""move=1.0541:Walk"", ""trajectory_motion_state"": ""Progressing"", ""trajectory_direction"": ""forward"", ""trajectory_frames"": 3, ""trajectory_distance"": 3.1081851130618006, ""trajectory_should_progress"": true, ""trajectory_confidence"": 1.0, ""revisit_gate_allow_retrieve"": false, ""revisit_gate_allow_soft_reuse"": false, ""revisit_gate_force_progress"": false, ""revisit_gate_protect_current"": false, ""revisit_gate_reason"": ""locomotion_only_orb_dominant"", ""selection_is_hard_retrieve"": false, ""selection_is_soft_reuse"": false, ""selection_is_progress"": false, ""action_mode"": ""Locomotion Only"", ""action_mode_confidence"": 1.0, ""action_mode_reason"": ""move=1.0541:Walk"", ""scheduler_path"": ""Locomotion Only->orb_locomotion"", ""turn_state"": ""PostTurnStabilization"", ""turn_confidence"": 0.5, ""turn_duration"": 2, ""turn_direction"": ""right"", ""turn_reason"": ""mouse_stopped_after_turn"", ""window_layout_type"": ""orb_locomotion"", ""window_reason"": ""PostTurnStabilization:orb_locomotion"", ""frame_index"": 39, ""pose_x"": 0.006292609233547686, ""pose_z"": 2.3541262116750987, ""pose_yaw"": 1.862645149230957e-09, ""pose_pitch"": 0.0, ""delta_x"": -0.33333334140479565, ""delta_z"": 1.0000000006208818, ""local_delta_x"": -0.3333333432674408, ""local_delta_z"": 1.0, ""delta_yaw"": 0.0, ""delta_pitch"": 0.0, ""movement_magnitude"": 1.0540925565309005, ""rotation_magnitude"": 0.0, ""pose_confidence"": 1.0}"
Experiment001,42,1785548998.7602804,40,33,36,0.9532209485769272,depth,225280,0.9532209485769272,physmem_insert,31 33 35 36 37 38 39 40 41,stableworld_tri_9,9,1,7,103.31704560667276,,,,,0.9532209485769272,,,,Viewpoint Locomotion,1.201850436175566,0.6102318082568046,,INSERT,0.6316999793052673,,,,depth,0.9532209485769272,0.9532209485769272,"{""frame_id"": 42, ""current_frame_id"": 40, ""similarity"": 0.9532209485769272, ""similarity_type"": ""depth"", ""matching_points"": 225280, ""confidence"": 0.9532209485769272, ""decision"": ""physmem_insert"", ""memory_state"": [31, 33, 35, 36, 37, 38, 39, 40, 41], ""memory_id"": ""stableworld_tri_9"", ""memory_size"": 9, ""replace_count"": 1, ""keep_count"": 7, ""runtime"": 103.31704560667276, ""pose_event"": """", ""use_pose_memory"": true, ""view_intent"": ""Turn Left"", ""move_intent"": ""Walk"", ""has_view_motion"": true, ""has_move_motion"": true, ""action_explanation"": ""viewpoint_locomotion"", ""pose_delta_position"": 1.2018504361755662, ""view_state"": ""Novel View"", ""view_confidence"": 0.5, ""view_pose_distance"": 1.2018504361755662, ""view_yaw_delta"": 0.0400390625, ""nearest_view_frame_id"": 37, ""key_anchor_frame_id"": 40, ""key_anchor_type"": ""forward_anchor"", ""key_anchor_reason"": ""hybrid_forward_progress"", ""memory_selection_mode"": ""protect_current"", ""memory_selection_target"": null, ""memory_selection_anchor_type"": """", ""memory_selection_reason"": ""move=1.2019:view=0.0400:Viewpoint Locomotion"", ""trajectory_motion_state"": ""Progressing"", ""trajectory_direction"": ""forward"", ""trajectory_frames"": 4, ""trajectory_distance"": 4.310035549237367, ""trajectory_should_progress"": true, ""trajectory_confidence"": 1.0, ""revisit_gate_allow_retrieve"": false, ""revisit_gate_allow_soft_reuse"": false, ""revisit_gate_force_progress"": true, ""revisit_gate_protect_current"": false, ""revisit_gate_reason"": ""hybrid_forward_progress"", ""selection_is_hard_retrieve"": false, ""selection_is_soft_reuse"": false, ""selection_is_progress"": false, ""action_mode"": ""Viewpoint Locomotion"", ""action_mode_confidence"": 1.0, ""action_mode_reason"": ""move=1.2019:view=0.0400:Viewpoint Locomotion"", ""scheduler_path"": ""Viewpoint Locomotion->protect_current"", ""turn_state"": ""TurnStart"", ""turn_confidence"": 0.50048828125, ""turn_duration"": 1, ""turn_direction"": ""left"", ""turn_reason"": ""rotation=0.0400"", ""window_layout_type"": ""protect_current"", ""window_reason"": ""TurnStart:protect_current"", ""frame_index"": 42, ""pose_x"": 0.652807514202795, ""pose_z"": 3.3672712894344508, ""pose_yaw"": -0.04003906063735485, ""pose_pitch"": 0.0, ""delta_x"": 0.6465149049692474, ""delta_z"": 1.013145077759352, ""local_delta_x"": 0.6666666865348816, ""local_delta_z"": 1.0, ""delta_yaw"": -0.0400390625, ""delta_pitch"": 0.0, ""movement_magnitude"": 1.2018504361755662, ""rotation_magnitude"": 0.0400390625, ""pose_confidence"": 1.0}"
Experiment001,45,1785548999.9005408,42,35,38,0.9892558455467224,depth,225280,0.9892558455467224,physmem_insert,35 36 37 38 39 40 41 42 43,stableworld_tri_9,9,1,7,118.70258906856179,,,,,0.9892558455467224,,,,Viewpoint Locomotion,1.0,0.6319494648884775,,INSERT,0.6931180953979492,,,,depth,0.9892558455467224,0.9892558455467224,"{""frame_id"": 45, ""current_frame_id"": 42, ""similarity"": 0.9892558455467224, ""similarity_type"": ""depth"", ""matching_points"": 225280, ""confidence"": 0.9892558455467224, ""decision"": ""physmem_insert"", ""memory_state"": [35, 36, 37, 38, 39, 40, 41, 42, 43], ""memory_id"": ""stableworld_tri_9"", ""memory_size"": 9, ""replace_count"": 1, ""keep_count"": 7, ""runtime"": 118.70258906856179, ""pose_event"": """", ""use_pose_memory"": true, ""view_intent"": ""Turn Right"", ""move_intent"": ""Walk"", ""has_view_motion"": true, ""has_move_motion"": true, ""action_explanation"": ""viewpoint_locomotion"", ""pose_delta_position"": 1.0, ""view_state"": ""Novel View"", ""view_confidence"": 0.5, ""view_pose_distance"": 1.0000000000000002, ""view_yaw_delta"": 0.0400390625, ""nearest_view_frame_id"": 40, ""memory_selection_mode"": ""turn_transition"", ""memory_selection_target"": null, ""memory_selection_anchor_type"": """", ""memory_selection_reason"": ""rotation=0.0400"", ""trajectory_motion_state"": ""Progressing"", ""trajectory_direction"": ""forward"", ""trajectory_frames"": 5, ""trajectory_distance"": 5.310035549237367, ""trajectory_should_progress"": true, ""trajectory_confidence"": 1.0, ""revisit_gate_allow_retrieve"": false, ""revisit_gate_allow_soft_reuse"": false, ""revisit_gate_force_progress"": true, ""revisit_gate_protect_current"": false, ""revisit_gate_reason"": ""hybrid_forward_progress"", ""selection_is_hard_retrieve"": false, ""selection_is_soft_reuse"": false, ""selection_is_progress"": false, ""action_mode"": ""Viewpoint Locomotion"", ""action_mode_confidence"": 1.0, ""action_mode_reason"": ""move=1.0000:view=0.0400:Viewpoint Locomotion"", ""scheduler_path"": ""Viewpoint Locomotion->turn_transition"", ""turn_state"": ""TurnInProgress"", ""turn_confidence"": 0.50048828125, ""turn_duration"": 2, ""turn_direction"": ""right"", ""turn_reason"": ""rotation=0.0400"", ""window_layout_type"": ""turn_transition"", ""window_reason"": ""TurnInProgress:turn_transition"", ""frame_index"": 45, ""pose_x"": 0.6327893220316694, ""pose_z"": 4.36707090534866, ""pose_yaw"": 1.862645149230957e-09, ""pose_pitch"": 0.0, ""delta_x"": -0.020018192171125698, ""delta_z"": 0.9997996159142091, ""local_delta_x"": 0.0, ""local_delta_z"": 1.0, ""delta_yaw"": 0.0400390625, ""delta_pitch"": 0.0, ""movement_magnitude"": 1.0, ""rotation_magnitude"": 0.0400390625, ""pose_confidence"": 1.0}"
Experiment001,48,1785549001.0435987,44,37,40,0.9879809888079762,depth,225280,0.9879809888079762,physmem_keep,35 36 37 41 42 43 44 45 46,stableworld_tri_9,9,1,6,101.83782316744328,,,,,0.9879809888079762,,,,Walk,1.0,0.6276807174256278,,KEEP,0.713057816028595,,,,depth,0.9879809888079762,0.9879809888079762,"{""frame_id"": 48, ""current_frame_id"": 44, ""similarity"": 0.9879809888079762, ""similarity_type"": ""depth"", ""matching_points"": 225280, ""confidence"": 0.9879809888079762, ""decision"": ""physmem_keep"", ""memory_state"": [35, 36, 37, 41, 42, 43, 44, 45, 46], ""memory_id"": ""stableworld_tri_9"", ""memory_size"": 9, ""replace_count"": 1, ""keep_count"": 6, ""runtime"": 101.83782316744328, ""pose_event"": """", ""use_pose_memory"": true, ""view_intent"": ""None"", ""move_intent"": ""Walk"", ""has_view_motion"": false, ""has_move_motion"": true, ""action_explanation"": ""locomotion"", ""pose_delta_position"": 1.0, ""view_state"": ""Novel View"", ""view_confidence"": 0.5, ""view_pose_distance"": 1.0, ""view_yaw_delta"": 0.0, ""nearest_view_frame_id"": 42, ""memory_selection_mode"": ""orb_locomotion"", ""memory_selection_target"": null, ""memory_selection_anchor_type"": """", ""memory_selection_reason"": ""move=1.0000:Walk"", ""trajectory_motion_state"": ""Progressing"", ""trajectory_direction"": ""forward"", ""trajectory_frames"": 6, ""trajectory_distance"": 6.310035549237367, ""trajectory_should_progress"": true, ""trajectory_confidence"": 1.0, ""revisit_gate_allow_retrieve"": false, ""revisit_gate_allow_soft_reuse"": false, ""revisit_gate_force_progress"": false, ""revisit_gate_protect_current"": false, ""revisit_gate_reason"": ""locomotion_only_orb_dominant"", ""selection_is_hard_retrieve"": false, ""selection_is_soft_reuse"": false, ""selection_is_progress"": false, ""action_mode"": ""Locomotion Only"", ""action_mode_confidence"": 1.0, ""action_mode_reason"": ""move=1.0000:Walk"", ""scheduler_path"": ""Locomotion Only->orb_locomotion"", ""turn_state"": ""PostTurnStabilization"", ""turn_confidence"": 1.0, ""turn_duration"": 1, ""turn_direction"": ""right"", ""turn_reason"": ""mouse_stopped_after_turn"", ""window_layout_type"": ""orb_locomotion"", ""window_reason"": ""PostTurnStabilization:orb_locomotion"", ""frame_index"": 48, ""pose_x"": 0.6327893238943145, ""pose_z"": 5.36707090534866, ""pose_yaw"": 1.862645149230957e-09, ""pose_pitch"": 0.0, ""delta_x"": 1.862645149230957e-09, ""delta_z"": 1.0, ""local_delta_x"": 0.0, ""local_delta_z"": 1.0, ""delta_yaw"": 0.0, ""delta_pitch"": 0.0, ""movement_magnitude"": 1.0, ""rotation_magnitude"": 0.0, ""pose_confidence"": 1.0}"
Experiment001,51,1785549002.2022746,47,37,43,0.9881261112168431,depth,225280,0.9881261112168431,physmem_keep,35 36 37 44 45 46 47 48 49,stableworld_tri_9,9,1,6,136.6447228938341,,,,,0.9881261112168431,,,,Walk,1.4142135623730951,0.6031021982442639,,KEEP,0.6950125694274902,,,,depth,0.9881261112168431,0.9881261112168431,"{""frame_id"": 51, ""current_frame_id"": 47, ""similarity"": 0.9881261112168431, ""similarity_type"": ""depth"", ""matching_points"": 225280, ""confidence"": 0.9881261112168431, ""decision"": ""physmem_keep"", ""memory_state"": [35, 36, 37, 44, 45, 46, 47, 48, 49], ""memory_id"": ""stableworld_tri_9"", ""memory_size"": 9, ""replace_count"": 1, ""keep_count"": 6, ""runtime"": 136.6447228938341, ""pose_event"": """", ""use_pose_memory"": true, ""view_intent"": ""None"", ""move_intent"": ""Walk"", ""has_view_motion"": false, ""has_move_motion"": true, ""action_explanation"": ""locomotion"", ""pose_delta_position"": 1.4142135623730951, ""view_state"": ""Novel View"", ""view_confidence"": 0.5, ""view_pose_distance"": 1.4142135623730951, ""view_yaw_delta"": 0.0, ""nearest_view_frame_id"": 44, ""memory_selection_mode"": ""orb_locomotion"", ""memory_selection_target"": null, ""memory_selection_anchor_type"": """", ""memory_selection_reason"": ""move=1.4142:Walk"", ""trajectory_motion_state"": ""Progressing"", ""trajectory_direction"": ""forward"", ""trajectory_frames"": 7, ""trajectory_distance"": 7.724249111610462, ""trajectory_should_progress"": true, ""trajectory_confidence"": 1.0, ""revisit_gate_allow_retrieve"": false, ""revisit_gate_allow_soft_reuse"": false, ""revisit_gate_force_progress"": false, ""revisit_gate_protect_current"": false, ""revisit_gate_reason"": ""locomotion_only_orb_dominant"", ""selection_is_hard_retrieve"": false, ""selection_is_soft_reuse"": false, ""selection_is_progress"": false, ""action_mode"": ""Locomotion Only"", ""action_mode_confidence"": 1.0, ""action_mode_reason"": ""move=1.4142:Walk"", ""scheduler_path"": ""Locomotion Only->orb_locomotion"", ""turn_state"": ""PostTurnStabilization"", ""turn_confidence"": 0.5, ""turn_duration"": 2, ""turn_direction"": ""right"", ""turn_reason"": ""mouse_stopped_after_turn"", ""window_layout_type"": ""orb_locomotion"", ""window_reason"": ""PostTurnStabilization:orb_locomotion"", ""frame_index"": 51, ""pose_x"": -0.3672106742430403, ""pose_z"": 6.367070907211305, ""pose_yaw"": 1.862645149230957e-09, ""pose_pitch"": 0.0, ""delta_x"": -0.9999999981373549, ""delta_z"": 1.0000000018626451, ""local_delta_x"": -1.0, ""local_delta_z"": 1.0, ""delta_yaw"": 0.0, ""delta_pitch"": 0.0, ""movement_magnitude"": 1.4142135623730951, ""rotation_magnitude"": 0.0, ""pose_confidence"": 1.0}"
Experiment001,54,1785549003.457703,50,37,46,0.9653557762503624,depth,225280,0.9653557762503624,physmem_insert,44 45 46 47 48 49 50 51 52,stableworld_tri_9,9,1,6,147.51428924500942,,,,,0.9653557762503624,,,,Walk,1.4142135623730951,0.5712645800319691,,INSERT,0.680693507194519,,,,depth,0.9653557762503624,0.9653557762503624,"{""frame_id"": 54, ""current_frame_id"": 50, ""similarity"": 0.9653557762503624, ""similarity_type"": ""depth"", ""matching_points"": 225280, ""confidence"": 0.9653557762503624, ""decision"": ""physmem_insert"", ""memory_state"": [44, 45, 46, 47, 48, 49, 50, 51, 52], ""memory_id"": ""stableworld_tri_9"", ""memory_size"": 9, ""replace_count"": 1, ""keep_count"": 6, ""runtime"": 147.51428924500942, ""pose_event"": """", ""use_pose_memory"": true, ""view_intent"": ""None"", ""move_intent"": ""Walk"", ""has_view_motion"": false, ""has_move_motion"": true, ""action_explanation"": ""locomotion"", ""pose_delta_position"": 1.4142135623730951, ""view_state"": ""Novel View"", ""view_confidence"": 0.5, ""view_pose_distance"": 1.4142135623730951, ""view_yaw_delta"": 0.0, ""nearest_view_frame_id"": 47, ""memory_selection_mode"": ""orb_locomotion"", ""memory_selection_target"": null, ""memory_selection_anchor_type"": """", ""memory_selection_reason"": ""move=1.4142:Walk"", ""trajectory_motion_state"": ""Progressing"", ""trajectory_direction"": ""forward"", ""trajectory_frames"": 8, ""trajectory_distance"": 9.138462673983557, ""trajectory_should_progress"": true, ""trajectory_confidence"": 1.0, ""revisit_gate_allow_retrieve"": false, ""revisit_gate_allow_soft_reuse"": false, ""revisit_gate_force_progress"": false, ""revisit_gate_protect_current"": false, ""revisit_gate_reason"": ""locomotion_only_orb_dominant"", ""selection_is_hard_retrieve"": false, ""selection_is_soft_reuse"": false, ""selection_is_progress"": false, ""action_mode"": ""Locomotion Only"", ""action_mode_confidence"": 1.0, ""action_mode_reason"": ""move=1.4142:Walk"", ""scheduler_path"": ""Locomotion Only->orb_locomotion"", ""turn_state"": ""StableNewView"", ""turn_confidence"": 1.0, ""turn_duration"": 0, ""turn_direction"": ""right"", ""turn_reason"": ""stable"", ""window_layout_type"": ""orb_locomotion"", ""window_reason"": ""StableNewView:orb_locomotion"", ""frame_index"": 54, ""pose_x"": 0.6327893276196048, ""pose_z"": 7.36707090534866, ""pose_yaw"": 1.862645149230957e-09, ""pose_pitch"": 0.0, ""delta_x"": 1.0000000018626451, ""delta_z"": 0.9999999981373549, ""local_delta_x"": 1.0, ""local_delta_z"": 1.0, ""delta_yaw"": 0.0, ""delta_pitch"": 0.0, ""movement_magnitude"": 1.4142135623730951, ""rotation_magnitude"": 0.0, ""pose_confidence"": 1.0}"
Experiment001,57,1785549004.7843146,53,46,49,0.9601744562387466,depth,225280,0.9601744562387466,physmem_keep,44 45 46 50 51 52 53 54 55,stableworld_tri_9,9,1,6,166.99680872261524,,,,,0.9601744562387466,,,,Left,0.7453560147132695,0.5911882803580906,,KEEP,0.6154435276985168,,,,depth,0.9601744562387466,0.9601744562387466,"{""frame_id"": 57, ""current_frame_id"": 53, ""similarity"": 0.9601744562387466, ""similarity_type"": ""depth"", ""matching_points"": 225280, ""confidence"": 0.9601744562387466, ""decision"": ""physmem_keep"", ""memory_state"": [44, 45, 46, 50, 51, 52, 53, 54, 55], ""memory_id"": ""stableworld_tri_9"", ""memory_size"": 9, ""replace_count"": 1, ""keep_count"": 6, ""runtime"": 166.99680872261524, ""pose_event"": """", ""use_pose_memory"": true, ""view_intent"": ""None"", ""move_intent"": ""Left"", ""has_view_motion"": false, ""has_move_motion"": true, ""action_explanation"": ""lateral_motion"", ""pose_delta_position"": 0.3333333432674408, ""view_state"": ""Known View"", ""view_confidence"": 0.8039215627838583, ""view_pose_distance"": 0.3333333432674408, ""view_yaw_delta"": 0.0, ""nearest_view_frame_id"": 50, ""memory_selection_mode"": ""orb_locomotion"", ""memory_selection_target"": null, ""memory_selection_anchor_type"": """", ""memory_selection_reason"": ""move=0.3333:Left"", ""trajectory_motion_state"": ""Starting"", ""trajectory_direction"": ""left"", ""trajectory_frames"": 1, ""trajectory_distance"": 0.3333333432674408, ""trajectory_should_progress"": false, ""trajectory_confidence"": 0.75, ""revisit_gate_allow_retrieve"": false, ""revisit_gate_allow_soft_reuse"": false, ""revisit_gate_force_progress"": false, ""revisit_gate_protect_current"": false, ""revisit_gate_reason"": ""locomotion_only_orb_dominant"", ""selection_is_hard_retrieve"": false, ""selection_is_soft_reuse"": false, ""selection_is_progress"": false, ""action_mode"": ""Locomotion Only"", ""action_mode_confidence"": 0.3333333432674408, ""action_mode_reason"": ""move=0.3333:Left"", ""scheduler_path"": ""Locomotion Only->orb_locomotion"", ""turn_state"": ""StableNewView"", ""turn_confidence"": 1.0, ""turn_duration"": 0, ""turn_direction"": ""right"", ""turn_reason"": ""stable"", ""window_layout_type"": ""orb_locomotion"", ""window_reason"": ""StableNewView:orb_locomotion"", ""frame_index"": 57, ""pose_x"": 0.29945598435216403, ""pose_z"": 7.367070905969542, ""pose_yaw"": 1.862645149230957e-09, ""pose_pitch"": 0.0, ""delta_x"": -0.3333333432674408, ""delta_z"": 6.208817349140361e-10, ""local_delta_x"": -0.3333333432674408, ""local_delta_z"": 0.0, ""delta_yaw"": 0.0, ""delta_pitch"": 0.0, ""movement_magnitude"": 0.3333333432674408, ""rotation_magnitude"": 0.0, ""pose_confidence"": 1.0}"
Experiment001,60,1785549005.9515994,56,46,52,0.9502176158130169,depth,225280,0.9502176158130169,physmem_keep,44 45 46 53 54 55 56 57 58,stableworld_tri_9,9,1,6,165.47569073736668,,,,,0.9502176158130169,,,,Viewpoint Locomotion,0.3333333432674408,0.5451289753507209,,KEEP,0.5730531811714172,,,,depth,0.9502176158130169,0.9502176158130169,"{""frame_id"": 60, ""current_frame_id"": 56, ""similarity"": 0.9502176158130169, ""similarity_type"": ""depth"", ""matching_points"": 225280, ""confidence"": 0.9502176158130169, ""decision"": ""physmem_keep"", ""memory_state"": [44, 45, 46, 53, 54, 55, 56, 57, 58], ""memory_id"": ""stableworld_tri_9"", ""memory_size"": 9, ""replace_count"": 1, ""keep_count"": 6, ""runtime"": 165.47569073736668, ""pose_event"": """", ""use_pose_memory"": true, ""view_intent"": ""Turn Left"", ""move_intent"": ""Right"", ""has_view_motion"": true, ""has_move_motion"": true, ""action_explanation"": ""viewpoint_locomotion"", ""pose_delta_position"": 0.3333333432674408, ""view_state"": ""Known View"", ""view_confidence"": 0.8551556252072205, ""view_pose_distance"": 0.019962293690683336, ""view_yaw_delta"": 0.1197916641831398, ""nearest_view_frame_id"": 50, ""key_anchor_frame_id"": 56, ""key_anchor_type"": ""forward_anchor"", ""key_anchor_reason"": ""lateral_motion"", ""memory_selection_mode"": ""protect_current"", ""memory_selection_target"": null, ""memory_selection_anchor_type"": """", ""memory_selection_reason"": ""move=0.3333:view=0.1198:Viewpoint Locomotion"", ""trajectory_motion_state"": ""Starting"", ""trajectory_direction"": ""right"", ""trajectory_frames"": 1, ""trajectory_distance"": 0.3333333432674408, ""trajectory_should_progress"": false, ""trajectory_confidence"": 0.75, ""revisit_gate_allow_retrieve"": false, ""revisit_gate_allow_soft_reuse"": false, ""revisit_gate_force_progress"": false, ""revisit_gate_protect_current"": false, ""revisit_gate_reason"": ""known_view_blocked_by_motion:0.3333"", ""selection_is_hard_retrieve"": false, ""selection_is_soft_reuse"": false, ""selection_is_progress"": false, ""action_mode"": ""Viewpoint Locomotion"", ""action_mode_confidence"": 0.3333333432674408, ""action_mode_reason"": ""move=0.3333:view=0.1198:Viewpoint Locomotion"", ""scheduler_path"": ""Viewpoint Locomotion->protect_current"", ""turn_state"": ""TurnStart"", ""turn_confidence"": 1.0, ""turn_duration"": 1, ""turn_direction"": ""left"", ""turn_reason"": ""rotation=0.1198"", ""window_layout_type"": ""protect_current"", ""window_reason"": ""TurnStart:protect_current"", ""frame_index"": 60, ""pose_x"": 0.6321915879204952, ""pose_z"": 7.387024247841716, ""pose_yaw"": -0.11979166232049465, ""pose_pitch"": 0.0, ""delta_x"": 0.3327356035683312, ""delta_z"": 0.019953341872174398, ""local_delta_x"": 0.3333333432674408, ""local_delta_z"": 0.0, ""delta_yaw"": -0.1197916641831398, ""delta_pitch"": 0.0, ""movement_magnitude"": 0.3333333432674408, ""rotation_magnitude"": 0.1197916641831398, ""pose_confidence"": 1.0}"
Experiment001,63,1785549007.0546346,59,46,55,0.9427309483289719,depth,225280,0.9427309483289719,physmem_insert,46 53 54 55 56 57 58 59 60,stableworld_tri_9,9,1,7,160.09544115513563,,,,,0.9427309483289719,,,,Turn Left,0.1796875,0.5183130638815091,,INSERT,0.5584972500801086,,,,depth,0.9427309483289719,0.9427309483289719,"{""frame_id"": 63, ""current_frame_id"": 59, ""similarity"": 0.9427309483289719, ""similarity_type"": ""depth"", ""matching_points"": 225280, ""confidence"": 0.9427309483289719, ""decision"": ""physmem_insert"", ""memory_state"": [46, 53, 54, 55, 56, 57, 58, 59, 60], ""memory_id"": ""stableworld_tri_9"", ""memory_size"": 9, ""replace_count"": 1, ""keep_count"": 7, ""runtime"": 160.09544115513563, ""pose_event"": """", ""use_pose_memory"": true, ""view_intent"": ""Turn Left"", ""move_intent"": ""None"", ""has_view_motion"": true, ""has_move_motion"": false, ""action_explanation"": ""viewpoint_change"", ""pose_delta_position"": 0.0, ""view_state"": ""View Transition"", ""view_confidence"": 0.5989583333333334, ""view_pose_distance"": 0.0, ""view_yaw_delta"": 0.1796875, ""nearest_view_frame_id"": 56, ""memory_selection_mode"": ""turn_transition"", ""memory_selection_target"": null, ""memory_selection_anchor_type"": """", ""memory_selection_reason"": ""rotation=0.1797"", ""trajectory_motion_state"": ""Idle"", ""trajectory_direction"": ""none"", ""trajectory_frames"": 0, ""trajectory_distance"": 0.0, ""trajectory_should_progress"": false, ""trajectory_confidence"": 0.0, ""revisit_gate_allow_retrieve"": false, ""revisit_gate_allow_soft_reuse"": false, ""revisit_gate_force_progress"": false, ""revisit_gate_protect_current"": true, ""revisit_gate_reason"": ""view_transition"", ""selection_is_hard_retrieve"": false, ""selection_is_soft_reuse"": false, ""selection_is_progress"": false, ""action_mode"": ""View Rotation Only"", ""action_mode_confidence"": 0.998263888888889, ""action_mode_reason"": ""view=0.1797:Turn Left"", ""scheduler_path"": ""View Rotation Only->turn_transition"", ""turn_state"": ""TurnInProgress"", ""turn_confidence"": 1.0, ""turn_duration"": 2, ""turn_direction"": ""left"", ""turn_reason"": ""rotation=0.1797"", ""window_layout_type"": ""turn_transition"", ""window_reason"": ""TurnInProgress:turn_transition"", ""frame_index"": 63, ""pose_x"": 0.6321915879204952, ""pose_z"": 7.387024247841716, ""pose_yaw"": -0.29947916232049465, ""pose_pitch"": 0.0, ""delta_x"": 0.0, ""delta_z"": 0.0, ""local_delta_x"": 0.0, ""local_delta_z"": 0.0, ""delta_yaw"": -0.1796875, ""delta_pitch"": 0.0, ""movement_magnitude"": 0.0, ""rotation_magnitude"": 0.1796875, ""pose_confidence"": 1.0}"
Experiment001,66,1785549008.185868,61,54,57,0.9414029307663441,depth,225280,0.9414029307663441,physmem_insert,54 55 56 57 58 59 60 61 62,stableworld_tri_9,9,1,7,185.72644982486963,,,,,0.9414029307663441,,,,Viewpoint Locomotion,0.6666666865348816,0.5805693604184936,,INSERT,0.718680739402771,,,,depth,0.9414029307663441,0.9414029307663441,"{""frame_id"": 66, ""current_frame_id"": 61, ""similarity"": 0.9414029307663441, ""similarity_type"": ""depth"", ""matching_points"": 225280, ""confidence"": 0.9414029307663441, ""decision"": ""physmem_insert"", ""memory_state"": [54, 55, 56, 57, 58, 59, 60, 61, 62], ""memory_id"": ""stableworld_tri_9"", ""memory_size"": 9, ""replace_count"": 1, ""keep_count"": 7, ""runtime"": 185.72644982486963, ""pose_event"": """", ""use_pose_memory"": true, ""view_intent"": ""Turn Right"", ""move_intent"": ""Left"", ""has_view_motion"": true, ""has_move_motion"": true, ""action_explanation"": ""viewpoint_locomotion"", ""pose_delta_position"": 0.6666666865348816, ""view_state"": ""Revisit"", ""view_confidence"": 0.4259897595402765, ""view_pose_distance"": 0.3476225062076498, ""view_yaw_delta"": 0.2395833320915699, ""nearest_view_frame_id"": 53, ""memory_selection_mode"": ""turn_transition"", ""memory_selection_target"": null, ""memory_selection_anchor_type"": """", ""memory_selection_reason"": ""rotation=0.0599"", ""trajectory_motion_state"": ""Starting"", ""trajectory_direction"": ""left"", ""trajectory_frames"": 1, ""trajectory_distance"": 0.6666666865348816, ""trajectory_should_progress"": false, ""trajectory_confidence"": 0.75, ""revisit_gate_allow_retrieve"": false, ""revisit_gate_allow_soft_reuse"": false, ""revisit_gate_force_progress"": false, ""revisit_gate_protect_current"": false, ""revisit_gate_reason"": ""revisit_blocked_by_motion:0.6667"", ""selection_is_hard_retrieve"": false, ""selection_is_soft_reuse"": false, ""selection_is_progress"": false, ""action_mode"": ""Viewpoint Locomotion"", ""action_mode_confidence"": 0.6666666865348816, ""action_mode_reason"": ""move=0.6667:view=0.0599:Viewpoint Locomotion"", ""scheduler_path"": ""Viewpoint Locomotion->turn_transition"", ""turn_state"": ""TurnInProgress"", ""turn_confidence"": 0.7486979011446238, ""turn_duration"": 3, ""turn_direction"": ""right"", ""turn_reason"": ""rotation=0.0599"", ""window_layout_type"": ""turn_transition"", ""window_reason"": ""TurnInProgress:turn_transition"", ""frame_index"": 66, ""pose_x"": -0.010405645784525741, ""pose_z"": 7.209504485082601, ""pose_yaw"": -0.23958333022892475, ""pose_pitch"": 0.0, ""delta_x"": -0.642597233705021, ""delta_z"": -0.17751976275911557, ""local_delta_x"": -0.6666666865348816, ""local_delta_z"": 0.0, ""delta_yaw"": 0.0598958320915699, ""delta_pitch"": 0.0, ""movement_magnitude"": 0.6666666865348816, ""rotation_magnitude"": 0.0598958320915699, ""pose_confidence"": 1.0}"
Experiment001,69,1785549009.2929516,63,56,59,0.9922609836794436,depth,225280,0.9922609836794436,physmem_keep,54 55 56 60 61 62 63 64 65,stableworld_tri_9,9,1,6,148.19824416190386,,,,,0.9922609836794436,,,,Viewpoint Locomotion,0.7453560147132695,0.6773290048694829,,KEEP,0.8025157451629639,,,,depth,0.9922609836794436,0.9922609836794436,"{""frame_id"": 69, ""current_frame_id"": 63, ""similarity"": 0.9922609836794436, ""similarity_type"": ""depth"", ""matching_points"": 225280, ""confidence"": 0.9922609836794436, ""decision"": ""physmem_keep"", ""memory_state"": [54, 55, 56, 60, 61, 62, 63, 64, 65], ""memory_id"": ""stableworld_tri_9"", ""memory_size"": 9, ""replace_count"": 1, ""keep_count"": 6, ""runtime"": 148.19824416190386, ""pose_event"": """", ""use_pose_memory"": true, ""view_intent"": ""Turn Left"", ""move_intent"": ""Right"", ""has_view_motion"": true, ""has_move_motion"": true, ""action_explanation"": ""viewpoint_locomotion"", ""pose_delta_position"": 0.3333333432674408, ""view_state"": ""Revisit"", ""view_confidence"": 0.5256722305105771, ""view_pose_distance"": 0.0697505881274062, ""view_yaw_delta"": 0.2994791641831398, ""nearest_view_frame_id"": 53, ""memory_selection_mode"": ""turn_transition"", ""memory_selection_target"": null, ""memory_selection_anchor_type"": """", ""memory_selection_reason"": ""rotation=0.0599"", ""trajectory_motion_state"": ""Starting"", ""trajectory_direction"": ""right"", ""trajectory_frames"": 1, ""trajectory_distance"": 0.3333333432674408, ""trajectory_should_progress"": false, ""trajectory_confidence"": 0.75, ""revisit_gate_allow_retrieve"": false, ""revisit_gate_allow_soft_reuse"": false, ""revisit_gate_force_progress"": false, ""revisit_gate_protect_current"": false, ""revisit_gate_reason"": ""revisit_blocked_by_motion:0.3333"", ""selection_is_hard_retrieve"": false, ""selection_is_soft_reuse"": false, ""selection_is_progress"": false, ""action_mode"": ""Viewpoint Locomotion"", ""action_mode_confidence"": 0.3333333432674408, ""action_mode_reason"": ""move=0.3333:view=0.0599:Viewpoint Locomotion"", ""scheduler_path"": ""Viewpoint Locomotion->turn_transition"", ""turn_state"": ""TurnInProgress"", ""turn_confidence"": 0.7486979011446238, ""turn_duration"": 4, ""turn_direction"": ""left"", ""turn_reason"": ""rotation=0.0599"", ""window_layout_type"": ""turn_transition"", ""window_reason"": ""TurnInProgress:turn_transition"", ""frame_index"": 69, ""pose_x"": 0.31089297106798475, ""pose_z"": 7.298264366462158, ""pose_yaw"": -0.29947916232049465, ""pose_pitch"": 0.0, ""delta_x"": 0.3212986168525105, ""delta_z"": 0.08875988137955779, ""local_delta_x"": 0.3333333432674408, ""local_delta_z"": 0.0, ""delta_yaw"": -0.0598958320915699, ""delta_pitch"": 0.0, ""movement_magnitude"": 0.3333333432674408, ""rotation_magnitude"": 0.0598958320915699, ""pose_confidence"": 1.0}"
Experiment001,72,1785549010.3560338,66,56,62,0.9175842925906181,depth,225280,0.9175842925906181,physmem_insert,56 60 61 62 63 64 65 66 67,stableworld_tri_9,9,1,7,133.51695984601974,,,,,0.9175842925906181,,,,Viewpoint Locomotion,0.7453560147132695,0.5335252563691251,,INSERT,0.6296752095222473,,,,depth,0.9175842925906181,0.9175842925906181,"{""frame_id"": 72, ""current_frame_id"": 66, ""similarity"": 0.9175842925906181, ""similarity_type"": ""depth"", ""matching_points"": 225280, ""confidence"": 0.9175842925906181, ""decision"": ""physmem_insert"", ""memory_state"": [56, 60, 61, 62, 63, 64, 65, 66, 67], ""memory_id"": ""stableworld_tri_9"", ""memory_size"": 9, ""replace_count"": 1, ""keep_count"": 7, ""runtime"": 133.51695984601974, ""pose_event"": """", ""use_pose_memory"": true, ""view_intent"": ""Turn Left"", ""move_intent"": ""Right"", ""has_view_motion"": true, ""has_move_motion"": true, ""action_explanation"": ""viewpoint_locomotion"", ""pose_delta_position"": 0.3333333432674408, ""view_state"": ""Revisit"", ""view_confidence"": 0.6444299012182546, ""view_pose_distance"": 0.01996229369068248, ""view_yaw_delta"": 0.2395833320915699, ""nearest_view_frame_id"": 56, ""memory_selection_mode"": ""turn_transition"", ""memory_selection_target"": null, ""memory_selection_anchor_type"": """", ""memory_selection_reason"": ""rotation=0.0599"", ""trajectory_motion_state"": ""Progressing"", ""trajectory_direction"": ""right"", ""trajectory_frames"": 2, ""trajectory_distance"": 0.6666666865348816, ""trajectory_should_progress"": true, ""trajectory_confidence"": 1.0, ""revisit_gate_allow_retrieve"": false, ""revisit_gate_allow_soft_reuse"": false, ""revisit_gate_force_progress"": true, ""revisit_gate_protect_current"": false, ""revisit_gate_reason"": ""hybrid_right_progress"", ""selection_is_hard_retrieve"": false, ""selection_is_soft_reuse"": false, ""selection_is_progress"": false, ""action_mode"": ""Viewpoint Locomotion"", ""action_mode_confidence"": 0.3333333432674408, ""action_mode_reason"": ""move=0.3333:view=0.0599:Viewpoint Locomotion"", ""scheduler_path"": ""Viewpoint Locomotion->turn_transition"", ""turn_state"": ""TurnInProgress"", ""turn_confidence"": 0.7486979011446238, ""turn_duration"": 5, ""turn_direction"": ""left"", ""turn_reason"": ""rotation=0.0599"", ""window_layout_type"": ""turn_transition"", ""window_reason"": ""TurnInProgress:turn_transition"", ""frame_index"": 72, ""pose_x"": 0.6263022603063699, ""pose_z"": 7.4060980253817466, ""pose_yaw"": -0.35937499441206455, ""pose_pitch"": 0.0, ""delta_x"": 0.3154092892383852, ""delta_z"": 0.10783365891958879, ""local_delta_x"": 0.3333333432674408, ""local_delta_z"": 0.0, ""delta_yaw"": -0.0598958320915699, ""delta_pitch"": 0.0, ""movement_magnitude"": 0.3333333432674408, ""rotation_magnitude"": 0.0598958320915699, ""pose_confidence"": 1.0}"
Experiment001,75,1785549011.4372365,68,61,64,0.9178467318415642,depth,225280,0.9178467318415642,physmem_keep,56 60 61 65 66 67 68 69 70,stableworld_tri_9,9,1,6,151.54812764376402,,,,,0.9178467318415642,,,,Turn Right,0.1796875,0.6339010199930964,,KEEP,0.7600686550140381,,,,depth,0.9178467318415642,0.9178467318415642,"{""frame_id"": 75, ""current_frame_id"": 68, ""similarity"": 0.9178467318415642, ""similarity_type"": ""depth"", ""matching_points"": 225280, ""confidence"": 0.9178467318415642, ""decision"": ""physmem_keep"", ""memory_state"": [56, 60, 61, 65, 66, 67, 68, 69, 70], ""memory_id"": ""stableworld_tri_9"", ""memory_size"": 9, ""replace_count"": 1, ""keep_count"": 6, ""runtime"": 151.54812764376402, ""pose_event"": """", ""use_pose_memory"": true, ""view_intent"": ""Turn Right"", ""move_intent"": ""None"", ""has_view_motion"": true, ""has_move_motion"": false, ""action_explanation"": ""viewpoint_change"", ""pose_delta_position"": 0.0, ""view_state"": ""View Transition"", ""view_confidence"": 0.5989583333333334, ""view_pose_distance"": 0.0, ""view_yaw_delta"": 0.1796875, ""nearest_view_frame_id"": 66, ""memory_selection_mode"": ""turn_transition"", ""memory_selection_target"": null, ""memory_selection_anchor_type"": """", ""memory_selection_reason"": ""rotation=0.1797"", ""trajectory_motion_state"": ""Idle"", ""trajectory_direction"": ""none"", ""trajectory_frames"": 0, ""trajectory_distance"": 0.0, ""trajectory_should_progress"": false, ""trajectory_confidence"": 0.0, ""revisit_gate_allow_retrieve"": false, ""revisit_gate_allow_soft_reuse"": false, ""revisit_gate_force_progress"": false, ""revisit_gate_protect_current"": true, ""revisit_gate_reason"": ""view_transition"", ""selection_is_hard_retrieve"": false, ""selection_is_soft_reuse"": false, ""selection_is_progress"": false, ""action_mode"": ""View Rotation Only"", ""action_mode_confidence"": 0.998263888888889, ""action_mode_reason"": ""view=0.1797:Turn Right"", ""scheduler_path"": ""View Rotation Only->turn_transition"", ""turn_state"": ""TurnInProgress"", ""turn_confidence"": 1.0, ""turn_duration"": 6, ""turn_direction"": ""right"", ""turn_reason"": ""rotation=0.1797"", ""window_layout_type"": ""turn_transition"", ""window_reason"": ""TurnInProgress:turn_transition"", ""frame_index"": 75, ""pose_x"": 0.6263022603063699, ""pose_z"": 7.4060980253817466, ""pose_yaw"": -0.17968749441206455, ""pose_pitch"": 0.0, ""delta_x"": 0.0, ""delta_z"": 0.0, ""local_delta_x"": 0.0, ""local_delta_z"": 0.0, ""delta_yaw"": 0.1796875, ""delta_pitch"": 0.0, ""movement_magnitude"": 0.0, ""rotation_magnitude"": 0.1796875, ""pose_confidence"": 1.0}"
Experiment001,78,1785549012.5080006,71,61,67,0.8823687583208084,depth,225280,0.8823687583208084,physmem_insert,61 65 66 67 68 69 70 71 72,stableworld_tri_9,9,1,7,146.52219414710999,,,,,0.8823687583208084,,,,Turn Right,0.1796875,0.5374456317881737,,INSERT,0.6590438485145569,,,,depth,0.8823687583208084,0.8823687583208084,"{""frame_id"": 78, ""current_frame_id"": 71, ""similarity"": 0.8823687583208084, ""similarity_type"": ""depth"", ""matching_points"": 225280, ""confidence"": 0.8823687583208084, ""decision"": ""physmem_insert"", ""memory_state"": [61, 65, 66, 67, 68, 69, 70, 71, 72], ""memory_id"": ""stableworld_tri_9"", ""memory_size"": 9, ""replace_count"": 1, ""keep_count"": 7, ""runtime"": 146.52219414710999, ""pose_event"": """", ""use_pose_memory"": true, ""view_intent"": ""Turn Right"", ""move_intent"": ""None"", ""has_view_motion"": true, ""has_move_motion"": false, ""action_explanation"": ""viewpoint_change"", ""pose_delta_position"": 0.0, ""view_state"": ""View Transition"", ""view_confidence"": 0.5989583333333334, ""view_pose_distance"": 0.0, ""view_yaw_delta"": 0.359375, ""nearest_view_frame_id"": 66, ""memory_selection_mode"": ""turn_transition"", ""memory_selection_target"": null, ""memory_selection_anchor_type"": """", ""memory_selection_reason"": ""rotation=0.1797"", ""trajectory_motion_state"": ""Idle"", ""trajectory_direction"": ""none"", ""trajectory_frames"": 0, ""trajectory_distance"": 0.0, ""trajectory_should_progress"": false, ""trajectory_confidence"": 0.0, ""revisit_gate_allow_retrieve"": false, ""revisit_gate_allow_soft_reuse"": false, ""revisit_gate_force_progress"": false, ""revisit_gate_protect_current"": true, ""revisit_gate_reason"": ""view_transition"", ""selection_is_hard_retrieve"": false, ""selection_is_soft_reuse"": false, ""selection_is_progress"": false, ""action_mode"": ""View Rotation Only"", ""action_mode_confidence"": 0.998263888888889, ""action_mode_reason"": ""view=0.1797:Turn Right"", ""scheduler_path"": ""View Rotation Only->turn_transition"", ""turn_state"": ""TurnInProgress"", ""turn_confidence"": 1.0, ""turn_duration"": 7, ""turn_direction"": ""right"", ""turn_reason"": ""rotation=0.1797"", ""window_layout_type"": ""turn_transition"", ""window_reason"": ""TurnInProgress:turn_transition"", ""frame_index"": 78, ""pose_x"": 0.6263022603063699, ""pose_z"": 7.4060980253817466, ""pose_yaw"": 5.587935447692871e-09, ""pose_pitch"": 0.0, ""delta_x"": 0.0, ""delta_z"": 0.0, ""local_delta_x"": 0.0, ""local_delta_z"": 0.0, ""delta_yaw"": 0.1796875, ""delta_pitch"": 0.0, ""movement_magnitude"": 0.0, ""rotation_magnitude"": 0.1796875, ""pose_confidence"": 1.0}"
Experiment001,81,1785549013.588457,73,66,69,0.9796499237418175,depth,225280,0.9796499237418175,physmem_keep,61 65 66 70 71 72 73 74 75,stableworld_tri_9,9,1,6,151.49224922060966,,,,,0.9796499237418175,,,,Viewpoint Locomotion,0.7453560147132695,0.5770714328377357,,KEEP,0.6065173149108887,,,,depth,0.9796499237418175,0.9796499237418175,"{""frame_id"": 81, ""current_frame_id"": 73, ""similarity"": 0.9796499237418175, ""similarity_type"": ""depth"", ""matching_points"": 225280, ""confidence"": 0.9796499237418175, ""decision"": ""physmem_keep"", ""memory_state"": [61, 65, 66, 70, 71, 72, 73, 74, 75], ""memory_id"": ""stableworld_tri_9"", ""memory_size"": 9, ""replace_count"": 1, ""keep_count"": 6, ""runtime"": 151.49224922060966, ""pose_event"": """", ""use_pose_memory"": true, ""view_intent"": ""Turn Left"", ""move_intent"": ""Backward"", ""has_view_motion"": true, ""has_move_motion"": true, ""action_explanation"": ""viewpoint_locomotion"", ""pose_delta_position"": 0.33333334326744085, ""view_state"": ""Revisit"", ""view_confidence"": 0.7466416865158421, ""view_pose_distance"": 0.29423948713757336, ""view_yaw_delta"": 0.0400390587747097, ""nearest_view_frame_id"": 50, ""memory_selection_mode"": ""turn_transition"", ""memory_selection_target"": null, ""memory_selection_anchor_type"": """", ""memory_selection_reason"": ""rotation=0.0400"", ""trajectory_motion_state"": ""Starting"", ""trajectory_direction"": ""backward"", ""trajectory_frames"": 1, ""trajectory_distance"": 0.3333333432674408, ""trajectory_should_progress"": false, ""trajectory_confidence"": 0.75, ""revisit_gate_allow_retrieve"": false, ""revisit_gate_allow_soft_reuse"": false, ""revisit_gate_force_progress"": false, ""revisit_gate_protect_current"": false, ""revisit_gate_reason"": ""revisit_blocked_by_motion:0.3333"", ""selection_is_hard_retrieve"": false, ""selection_is_soft_reuse"": false, ""selection_is_progress"": false, ""action_mode"": ""Viewpoint Locomotion"", ""action_mode_confidence"": 0.33333334326744085, ""action_mode_reason"": ""move=0.3333:view=0.0400:Viewpoint Locomotion"", ""scheduler_path"": ""Viewpoint Locomotion->turn_transition"", ""turn_state"": ""TurnInProgress"", ""turn_confidence"": 0.50048828125, ""turn_duration"": 8, ""turn_direction"": ""left"", ""turn_reason"": ""rotation=0.0400"", ""window_layout_type"": ""turn_transition"", ""window_reason"": ""TurnInProgress:turn_transition"", ""frame_index"": 81, ""pose_x"": 0.6329749899874267, ""pose_z"": 7.072831476786702, ""pose_yaw"": -0.04003905691206455, ""pose_pitch"": 0.0, ""delta_x"": 0.006672729681056797, ""delta_z"": -0.3332665485950444, ""local_delta_x"": 0.0, ""local_delta_z"": -0.3333333432674408, ""delta_yaw"": -0.0400390625, ""delta_pitch"": 0.0, ""movement_magnitude"": 0.33333334326744085, ""rotation_magnitude"": 0.0400390625, ""pose_confidence"": 1.0}"
Experiment001,84,1785549014.6596434,76,66,72,0.9541817978024483,depth,225280,0.9541817978024483,physmem_insert,66 70 71 72 73 74 75 76 77,stableworld_tri_9,9,1,7,136.46125001832843,,,,,0.9541817978024483,,,,Viewpoint Locomotion,1.0,0.5197664839265582,,INSERT,0.5402512550354004,,,,depth,0.9541817978024483,0.9541817978024483,"{""frame_id"": 84, ""current_frame_id"": 76, ""similarity"": 0.9541817978024483, ""similarity_type"": ""depth"", ""matching_points"": 225280, ""confidence"": 0.9541817978024483, ""decision"": ""physmem_insert"", ""memory_state"": [66, 70, 71, 72, 73, 74, 75, 76, 77], ""memory_id"": ""stableworld_tri_9"", ""memory_size"": 9, ""replace_count"": 1, ""keep_count"": 7, ""runtime"": 136.46125001832843, ""pose_event"": """", ""use_pose_memory"": true, ""view_intent"": ""Turn Right"", ""move_intent"": ""Walk"", ""has_view_motion"": true, ""has_move_motion"": true, ""action_explanation"": ""viewpoint_locomotion"", ""pose_delta_position"": 1.0, ""view_state"": ""Known View"", ""view_confidence"": 0.20853758754293916, ""view_pose_distance"": 0.666666656732559, ""view_yaw_delta"": 0.359375, ""nearest_view_frame_id"": 66, ""memory_selection_mode"": ""turn_transition"", ""memory_selection_target"": null, ""memory_selection_anchor_type"": """", ""memory_selection_reason"": ""rotation=0.0400"", ""trajectory_motion_state"": ""Starting"", ""trajectory_direction"": ""forward"", ""trajectory_frames"": 1, ""trajectory_distance"": 1.0, ""trajectory_should_progress"": false, ""trajectory_confidence"": 0.75, ""revisit_gate_allow_retrieve"": false, ""revisit_gate_allow_soft_reuse"": false, ""revisit_gate_force_progress"": false, ""revisit_gate_protect_current"": false, ""revisit_gate_reason"": ""known_view_blocked_by_motion:1.0000"", ""selection_is_hard_retrieve"": false, ""selection_is_soft_reuse"": false, ""selection_is_progress"": false, ""action_mode"": ""Viewpoint Locomotion"", ""action_mode_confidence"": 1.0, ""action_mode_reason"": ""move=1.0000:view=0.0400:Viewpoint Locomotion"", ""scheduler_path"": ""Viewpoint Locomotion->turn_transition"", ""turn_state"": ""TurnInProgress"", ""turn_confidence"": 0.50048828125, ""turn_duration"": 9, ""turn_direction"": ""right"", ""turn_reason"": ""rotation=0.0400"", ""window_layout_type"": ""turn_transition"", ""window_reason"": ""TurnInProgress:turn_transition"", ""frame_index"": 84, ""pose_x"": 0.6129568015408449, ""pose_z"": 8.072631092775485, ""pose_yaw"": 5.587935447692871e-09, ""pose_pitch"": 0.0, ""delta_x"": -0.020018188446581885, ""delta_z"": 0.9997996159887826, ""local_delta_x"": 0.0, ""local_delta_z"": 1.0, ""delta_yaw"": 0.0400390625, ""delta_pitch"": 0.0, ""movement_magnitude"": 1.0, ""rotation_magnitude"": 0.0400390625, ""pose_confidence"": 1.0}"
Experiment001,87,1785549015.7758784,78,71,74,0.9830762669444084,depth,225280,0.9830762669444084,physmem_keep,66 70 71 75 76 77 78 79 80,stableworld_tri_9,9,1,6,168.26506378129125,,,,,0.9830762669444084,,,,Walk,1.201850436175566,0.6123935261115809,,KEEP,0.70551997423172,,,,depth,0.9830762669444084,0.9830762669444084,"{""frame_id"": 87, ""current_frame_id"": 78, ""similarity"": 0.9830762669444084, ""similarity_type"": ""depth"", ""matching_points"": 225280, ""confidence"": 0.9830762669444084, ""decision"": ""physmem_keep"", ""memory_state"": [66, 70, 71, 75, 76, 77, 78, 79, 80], ""memory_id"": ""stableworld_tri_9"", ""memory_size"": 9, ""replace_count"": 1, ""keep_count"": 6, ""runtime"": 168.26506378129125, ""pose_event"": """", ""use_pose_memory"": true, ""view_intent"": ""None"", ""move_intent"": ""Walk"", ""has_view_motion"": false, ""has_move_motion"": true, ""action_explanation"": ""locomotion"", ""pose_delta_position"": 1.2018504361755658, ""view_state"": ""Novel View"", ""view_confidence"": 0.5, ""view_pose_distance"": 1.2018504361755658, ""view_yaw_delta"": 0.0, ""nearest_view_frame_id"": 76, ""memory_selection_mode"": ""orb_locomotion"", ""memory_selection_target"": null, ""memory_selection_anchor_type"": """", ""memory_selection_reason"": ""move=1.2019:Walk"", ""trajectory_motion_state"": ""Progressing"", ""trajectory_direction"": ""forward"", ""trajectory_frames"": 2, ""trajectory_distance"": 2.201850436175566, ""trajectory_should_progress"": true, ""trajectory_confidence"": 1.0, ""revisit_gate_allow_retrieve"": false, ""revisit_gate_allow_soft_reuse"": false, ""revisit_gate_force_progress"": false, ""revisit_gate_protect_current"": false, ""revisit_gate_reason"": ""locomotion_only_orb_dominant"", ""selection_is_hard_retrieve"": false, ""selection_is_soft_reuse"": false, ""selection_is_progress"": false, ""action_mode"": ""Locomotion Only"", ""action_mode_confidence"": 1.0, ""action_mode_reason"": ""move=1.2019:Walk"", ""scheduler_path"": ""Locomotion Only->orb_locomotion"", ""turn_state"": ""PostTurnStabilization"", ""turn_confidence"": 1.0, ""turn_duration"": 1, ""turn_direction"": ""right"", ""turn_reason"": ""mouse_stopped_after_turn"", ""window_layout_type"": ""orb_locomotion"", ""window_reason"": ""PostTurnStabilization:orb_locomotion"", ""frame_index"": 87, ""pose_x"": -0.05370987940610128, ""pose_z"": 9.072631096500775, ""pose_yaw"": 5.587935447692871e-09, ""pose_pitch"": 0.0, ""delta_x"": -0.6666666809469461, ""delta_z"": 1.0000000037252903, ""local_delta_x"": -0.6666666865348816, ""local_delta_z"": 1.0, ""delta_yaw"": 0.0, ""delta_pitch"": 0.0, ""movement_magnitude"": 1.2018504361755658, ""rotation_magnitude"": 0.0, ""pose_confidence"": 1.0}"
Experiment001,90,1785549017.413024,81,71,77,0.9357028603553772,depth,225280,0.9357028603553772,physmem_keep,66 70 71 78 79 80 81 82 83,stableworld_tri_9,9,1,6,155.14716506004333,,,,,0.9357028603553772,,,,Walk,1.2472191421996568,0.567054109422667,,KEEP,0.5995955467224121,,,,depth,0.9357028603553772,0.9357028603553772,"{""frame_id"": 90, ""current_frame_id"": 81, ""similarity"": 0.9357028603553772, ""similarity_type"": ""depth"", ""matching_points"": 225280, ""confidence"": 0.9357028603553772, ""decision"": ""physmem_keep"", ""memory_state"": [66, 70, 71, 78, 79, 80, 81, 82, 83], ""memory_id"": ""stableworld_tri_9"", ""memory_size"": 9, ""replace_count"": 1, ""keep_count"": 6, ""runtime"": 155.14716506004333, ""pose_event"": """", ""use_pose_memory"": true, ""view_intent"": ""None"", ""move_intent"": ""Walk"", ""has_view_motion"": false, ""has_move_motion"": true, ""action_explanation"": ""locomotion"", ""pose_delta_position"": 1.0540925565309005, ""view_state"": ""Novel View"", ""view_confidence"": 0.5, ""view_pose_distance"": 1.0540925565309005, ""view_yaw_delta"": 0.0, ""nearest_view_frame_id"": 78, ""memory_selection_mode"": ""orb_locomotion"", ""memory_selection_target"": null, ""memory_selection_anchor_type"": """", ""memory_selection_reason"": ""move=1.0541:Walk"", ""trajectory_motion_state"": ""Progressing"", ""trajectory_direction"": ""forward"", ""trajectory_frames"": 3, ""trajectory_distance"": 3.2559429927064665, ""trajectory_should_progress"": true, ""trajectory_confidence"": 1.0, ""revisit_gate_allow_retrieve"": false, ""revisit_gate_allow_soft_reuse"": false, ""revisit_gate_force_progress"": false, ""revisit_gate_protect_current"": false, ""revisit_gate_reason"": ""locomotion_only_orb_dominant"", ""selection_is_hard_retrieve"": false, ""selection_is_soft_reuse"": false, ""selection_is_progress"": false, ""action_mode"": ""Locomotion Only"", ""action_mode_confidence"": 1.0, ""action_mode_reason"": ""move=1.0541:Walk"", ""scheduler_path"": ""Locomotion Only->orb_locomotion"", ""turn_state"": ""PostTurnStabilization"", ""turn_confidence"": 0.5, ""turn_duration"": 2, ""turn_direction"": ""right"", ""turn_reason"": ""mouse_stopped_after_turn"", ""window_layout_type"": ""orb_locomotion"", ""window_reason"": ""PostTurnStabilization:orb_locomotion"", ""frame_index"": 90, ""pose_x"": 0.27962346944927496, ""pose_z"": 10.07263109463813, ""pose_yaw"": 5.587935447692871e-09, ""pose_pitch"": 0.0, ""delta_x"": 0.33333334885537624, ""delta_z"": 0.9999999981373549, ""local_delta_x"": 0.3333333432674408, ""local_delta_z"": 1.0, ""delta_yaw"": 0.0, ""delta_pitch"": 0.0, ""movement_magnitude"": 1.0540925565309005, ""rotation_magnitude"": 0.0, ""pose_confidence"": 1.0}"
Experiment001,93,1785549018.5411727,84,71,80,0.9305994585156441,depth,225280,0.9305994585156441,physmem_insert,66 71 79 80 81 82 83 84 85,stableworld_tri_9,9,1,7,132.658408023417,,,,,0.9305994585156441,,,,Viewpoint Locomotion,1.0540925565309005,0.5354640007460141,,INSERT,0.6080204844474792,,,,depth,0.9305994585156441,0.9305994585156441,"{""frame_id"": 93, ""current_frame_id"": 84, ""similarity"": 0.9305994585156441, ""similarity_type"": ""depth"", ""matching_points"": 225280, ""confidence"": 0.9305994585156441, ""decision"": ""physmem_insert"", ""memory_state"": [66, 71, 79, 80, 81, 82, 83, 84, 85], ""memory_id"": ""stableworld_tri_9"", ""memory_size"": 9, ""replace_count"": 1, ""keep_count"": 7, ""runtime"": 132.658408023417, ""pose_event"": """", ""use_pose_memory"": true, ""view_intent"": ""Turn Left"", ""move_intent"": ""Walk"", ""has_view_motion"": true, ""has_move_motion"": true, ""action_explanation"": ""viewpoint_locomotion"", ""pose_delta_position"": 1.0540925565309005, ""view_state"": ""Novel View"", ""view_confidence"": 0.5, ""view_pose_distance"": 1.0540925565309, ""view_yaw_delta"": 0.080078125, ""nearest_view_frame_id"": 81, ""key_anchor_frame_id"": 84, ""key_anchor_type"": ""forward_anchor"", ""key_anchor_reason"": ""hybrid_forward_progress"", ""memory_selection_mode"": ""protect_current"", ""memory_selection_target"": null, ""memory_selection_anchor_type"": """", ""memory_selection_reason"": ""move=1.0541:view=0.0801:Viewpoint Locomotion"", ""trajectory_motion_state"": ""Progressing"", ""trajectory_direction"": ""forward"", ""trajectory_frames"": 4, ""trajectory_distance"": 4.310035549237367, ""trajectory_should_progress"": true, ""trajectory_confidence"": 1.0, ""revisit_gate_allow_retrieve"": false, ""revisit_gate_allow_soft_reuse"": false, ""revisit_gate_force_progress"": true, ""revisit_gate_protect_current"": false, ""revisit_gate_reason"": ""hybrid_forward_progress"", ""selection_is_hard_retrieve"": false, ""selection_is_soft_reuse"": false, ""selection_is_progress"": false, ""action_mode"": ""Viewpoint Locomotion"", ""action_mode_confidence"": 1.0, ""action_mode_reason"": ""move=1.0541:view=0.0801:Viewpoint Locomotion"", ""scheduler_path"": ""Viewpoint Locomotion->protect_current"", ""turn_state"": ""TurnStart"", ""turn_confidence"": 1.0, ""turn_duration"": 1, ""turn_direction"": ""left"", ""turn_reason"": ""rotation=0.0801"", ""window_layout_type"": ""protect_current"", ""window_reason"": ""TurnStart:protect_current"", ""frame_index"": 93, ""pose_x"": 0.5726613008949158, ""pose_z"": 11.085172425683675, ""pose_yaw"": -0.08007811941206455, ""pose_pitch"": 0.0, ""delta_x"": 0.2930378314456409, ""delta_z"": 1.0125413310455458, ""local_delta_x"": 0.3333333432674408, ""local_delta_z"": 1.0, ""delta_yaw"": -0.080078125, ""delta_pitch"": 0.0, ""movement_magnitude"": 1.0540925565309005, ""rotation_magnitude"": 0.080078125, ""pose_confidence"": 1.0}"
Experiment001,96,1785549019.763458,86,79,82,0.9307160153985023,depth,225280,0.9307160153985023,physmem_insert,79 80 81 82 83 84 85 86 87,stableworld_tri_9,9,1,7,219.50272610411048,,,,,0.9307160153985023,,,,Viewpoint Locomotion,1.0,0.5936038985914548,,INSERT,0.6394261121749878,,,,depth,0.9307160153985023,0.9307160153985023,"{""frame_id"": 96, ""current_frame_id"": 86, ""similarity"": 0.9307160153985023, ""similarity_type"": ""depth"", ""matching_points"": 225280, ""confidence"": 0.9307160153985023, ""decision"": ""physmem_insert"", ""memory_state"": [79, 80, 81, 82, 83, 84, 85, 86, 87], ""memory_id"": ""stableworld_tri_9"", ""memory_size"": 9, ""replace_count"": 1, ""keep_count"": 7, ""runtime"": 219.50272610411048, ""pose_event"": """", ""use_pose_memory"": true, ""view_intent"": ""Turn Right"", ""move_intent"": ""Walk"", ""has_view_motion"": true, ""has_move_motion"": true, ""action_explanation"": ""viewpoint_locomotion"", ""pose_delta_position"": 1.0, ""view_state"": ""Novel View"", ""view_confidence"": 0.5, ""view_pose_distance"": 0.9999999999999993, ""view_yaw_delta"": 0.080078125, ""nearest_view_frame_id"": 84, ""memory_selection_mode"": ""turn_transition"", ""memory_selection_target"": null, ""memory_selection_anchor_type"": """", ""memory_selection_reason"": ""rotation=0.0801"", ""trajectory_motion_state"": ""Progressing"", ""trajectory_direction"": ""forward"", ""trajectory_frames"": 5, ""trajectory_distance"": 5.310035549237367, ""trajectory_should_progress"": true, ""trajectory_confidence"": 1.0, ""revisit_gate_allow_retrieve"": false, ""revisit_gate_allow_soft_reuse"": false, ""revisit_gate_force_progress"": true, ""revisit_gate_protect_current"": false, ""revisit_gate_reason"": ""hybrid_forward_progress"", ""selection_is_hard_retrieve"": false, ""selection_is_soft_reuse"": false, ""selection_is_progress"": false, ""action_mode"": ""Viewpoint Locomotion"", ""action_mode_confidence"": 1.0, ""action_mode_reason"": ""move=1.0000:view=0.0801:Viewpoint Locomotion"", ""scheduler_path"": ""Viewpoint Locomotion->turn_transition"", ""turn_state"": ""TurnInProgress"", ""turn_confidence"": 1.0, ""turn_duration"": 2, ""turn_direction"": ""right"", ""turn_reason"": ""rotation=0.0801"", ""window_layout_type"": ""turn_transition"", ""window_reason"": ""TurnInProgress:turn_transition"", ""frame_index"": 96, ""pose_x"": 0.5326329410680916, ""pose_z"": 12.084370969722633, ""pose_yaw"": 5.587935447692871e-09, ""pose_pitch"": 0.0, ""delta_x"": -0.040028359826824275, ""delta_z"": 0.9991985440389584, ""local_delta_x"": 0.0, ""local_delta_z"": 1.0, ""delta_yaw"": 0.080078125, ""delta_pitch"": 0.0, ""movement_magnitude"": 1.0, ""rotation_magnitude"": 0.080078125, ""pose_confidence"": 1.0}"
Experiment001,99,1785549020.9224703,88,81,84,0.9482821933925152,depth,225280,0.9482821933925152,physmem_keep,79 80 81 85 86 87 88 89 90,stableworld_tri_9,9,1,6,164.90621026605368,,,,,0.9482821933925152,,,,Walk,1.0540925565309005,0.6342944341216208,,KEEP,0.7538359761238098,,,,depth,0.9482821933925152,0.9482821933925152,"{""frame_id"": 99, ""current_frame_id"": 88, ""similarity"": 0.9482821933925152, ""similarity_type"": ""depth"", ""matching_points"": 225280, ""confidence"": 0.9482821933925152, ""decision"": ""physmem_keep"", ""memory_state"": [79, 80, 81, 85, 86, 87, 88, 89, 90], ""memory_id"": ""stableworld_tri_9"", ""memory_size"": 9, ""replace_count"": 1, ""keep_count"": 6, ""runtime"": 164.90621026605368, ""pose_event"": """", ""use_pose_memory"": true, ""view_intent"": ""None"", ""move_intent"": ""Walk"", ""has_view_motion"": false, ""has_move_motion"": true, ""action_explanation"": ""locomotion"", ""pose_delta_position"": 1.0540925565309005, ""view_state"": ""Novel View"", ""view_confidence"": 0.5, ""view_pose_distance"": 1.0540925565309005, ""view_yaw_delta"": 0.0, ""nearest_view_frame_id"": 86, ""memory_selection_mode"": ""orb_locomotion"", ""memory_selection_target"": null, ""memory_selection_anchor_type"": """", ""memory_selection_reason"": ""move=1.0541:Walk"", ""trajectory_motion_state"": ""Progressing"", ""trajectory_direction"": ""forward"", ""trajectory_frames"": 6, ""trajectory_distance"": 6.364128105768267, ""trajectory_should_progress"": true, ""trajectory_confidence"": 1.0, ""revisit_gate_allow_retrieve"": false, ""revisit_gate_allow_soft_reuse"": false, ""revisit_gate_force_progress"": false, ""revisit_gate_protect_current"": false, ""revisit_gate_reason"": ""locomotion_only_orb_dominant"", ""selection_is_hard_retrieve"": false, ""selection_is_soft_reuse"": false, ""selection_is_progress"": false, ""action_mode"": ""Locomotion Only"", ""action_mode_confidence"": 1.0, ""action_mode_reason"": ""move=1.0541:Walk"", ""scheduler_path"": ""Locomotion Only->orb_locomotion"", ""turn_state"": ""PostTurnStabilization"", ""turn_confidence"": 1.0, ""turn_duration"": 1, ""turn_direction"": ""right"", ""turn_reason"": ""mouse_stopped_after_turn"", ""window_layout_type"": ""orb_locomotion"", ""window_reason"": ""PostTurnStabilization:orb_locomotion"", ""frame_index"": 99, ""pose_x"": 0.1992996033885862, ""pose_z"": 13.084370971585278, ""pose_yaw"": 5.587935447692871e-09, ""pose_pitch"": 0.0, ""delta_x"": -0.33333333767950535, ""delta_z"": 1.0000000018626451, ""local_delta_x"": -0.3333333432674408, ""local_delta_z"": 1.0, ""delta_yaw"": 0.0, ""delta_pitch"": 0.0, ""movement_magnitude"": 1.0540925565309005, ""rotation_magnitude"": 0.0, ""pose_confidence"": 1.0}"
Experiment001,102,1785549022.0694613,91,81,87,0.9369656294584274,depth,225280,0.9369656294584274,physmem_insert,85 86 87 88 89 90 91 92 93,stableworld_tri_9,9,1,6,156.33931290358305,,,,,0.9369656294584274,,,,Walk,1.2472191421996568,0.5413592291051516,,INSERT,0.5617135167121887,,,,depth,0.9369656294584274,0.9369656294584274,"{""frame_id"": 102, ""current_frame_id"": 91, ""similarity"": 0.9369656294584274, ""similarity_type"": ""depth"", ""matching_points"": 225280, ""confidence"": 0.9369656294584274, ""decision"": ""physmem_insert"", ""memory_state"": [85, 86, 87, 88, 89, 90, 91, 92, 93], ""memory_id"": ""stableworld_tri_9"", ""memory_size"": 9, ""replace_count"": 1, ""keep_count"": 6, ""runtime"": 156.33931290358305, ""pose_event"": """", ""use_pose_memory"": true, ""view_intent"": ""None"", ""move_intent"": ""Walk"", ""has_view_motion"": false, ""has_move_motion"": true, ""action_explanation"": ""locomotion"", ""pose_delta_position"": 1.0540925565309005, ""view_state"": ""Novel View"", ""view_confidence"": 0.5, ""view_pose_distance"": 1.0540925565309005, ""view_yaw_delta"": 0.0, ""nearest_view_frame_id"": 88, ""memory_selection_mode"": ""orb_locomotion"", ""memory_selection_target"": null, ""memory_selection_anchor_type"": """", ""memory_selection_reason"": ""move=1.0541:Walk"", ""trajectory_motion_state"": ""Progressing"", ""trajectory_direction"": ""forward"", ""trajectory_frames"": 7, ""trajectory_distance"": 7.418220662299167, ""trajectory_should_progress"": true, ""trajectory_confidence"": 1.0, ""revisit_gate_allow_retrieve"": false, ""revisit_gate_allow_soft_reuse"": false, ""revisit_gate_force_progress"": false, ""revisit_gate_protect_current"": false, ""revisit_gate_reason"": ""locomotion_only_orb_dominant"", ""selection_is_hard_retrieve"": false, ""selection_is_soft_reuse"": false, ""selection_is_progress"": false, ""action_mode"": ""Locomotion Only"", ""action_mode_confidence"": 1.0, ""action_mode_reason"": ""move=1.0541:Walk"", ""scheduler_path"": ""Locomotion Only->orb_locomotion"", ""turn_state"": ""PostTurnStabilization"", ""turn_confidence"": 0.5, ""turn_duration"": 2, ""turn_direction"": ""right"", ""turn_reason"": ""mouse_stopped_after_turn"", ""window_layout_type"": ""orb_locomotion"", ""window_reason"": ""PostTurnStabilization:orb_locomotion"", ""frame_index"": 102, ""pose_x"": -0.13403373429091914, ""pose_z"": 14.084370973447923, ""pose_yaw"": 5.587935447692871e-09, ""pose_pitch"": 0.0, ""delta_x"": -0.33333333767950535, ""delta_z"": 1.0000000018626451, ""local_delta_x"": -0.3333333432674408, ""local_delta_z"": 1.0, ""delta_yaw"": 0.0, ""delta_pitch"": 0.0, ""movement_magnitude"": 1.0540925565309005, ""rotation_magnitude"": 0.0, ""pose_confidence"": 1.0}"
Experiment001,105,1785549023.2918477,94,87,90,0.973998723551631,depth,225280,0.973998723551631,physmem_keep,85 86 87 91 92 93 94 95 96,stableworld_tri_9,9,1,6,156.61152685061097,,,,,0.973998723551631,,,,Walk,1.0000000298023224,0.5960038127255085,,KEEP,0.7037741541862488,,,,depth,0.973998723551631,0.973998723551631,"{""frame_id"": 105, ""current_frame_id"": 94, ""similarity"": 0.973998723551631, ""similarity_type"": ""depth"", ""matching_points"": 225280, ""confidence"": 0.973998723551631, ""decision"": ""physmem_keep"", ""memory_state"": [85, 86, 87, 91, 92, 93, 94, 95, 96], ""memory_id"": ""stableworld_tri_9"", ""memory_size"": 9, ""replace_count"": 1, ""keep_count"": 6, ""runtime"": 156.61152685061097, ""pose_event"": """", ""use_pose_memory"": true, ""view_intent"": ""None"", ""move_intent"": ""Walk"", ""has_view_motion"": false, ""has_move_motion"": true, ""action_explanation"": ""locomotion"", ""pose_delta_position"": 0.7453560147132695, ""view_state"": ""Revisit"", ""view_confidence"": 0.5030959901911536, ""view_pose_distance"": 0.7453560147132695, ""view_yaw_delta"": 0.0, ""nearest_view_frame_id"": 91, ""memory_selection_mode"": ""orb_locomotion"", ""memory_selection_target"": null, ""memory_selection_anchor_type"": """", ""memory_selection_reason"": ""move=0.7454:Walk"", ""trajectory_motion_state"": ""Progressing"", ""trajectory_direction"": ""forward"", ""trajectory_frames"": 8, ""trajectory_distance"": 8.163576677012436, ""trajectory_should_progress"": true, ""trajectory_confidence"": 1.0, ""revisit_gate_allow_retrieve"": false, ""revisit_gate_allow_soft_reuse"": false, ""revisit_gate_force_progress"": false, ""revisit_gate_protect_current"": false, ""revisit_gate_reason"": ""locomotion_only_orb_dominant"", ""selection_is_hard_retrieve"": false, ""selection_is_soft_reuse"": false, ""selection_is_progress"": false, ""action_mode"": ""Locomotion Only"", ""action_mode_confidence"": 0.7453560147132695, ""action_mode_reason"": ""move=0.7454:Walk"", ""scheduler_path"": ""Locomotion Only->orb_locomotion"", ""turn_state"": ""StableNewView"", ""turn_confidence"": 1.0, ""turn_duration"": 0, ""turn_direction"": ""right"", ""turn_reason"": ""stable"", ""window_layout_type"": ""orb_locomotion"", ""window_reason"": ""StableNewView:orb_locomotion"", ""frame_index"": 105, ""pose_x"": 0.19929961270181207, ""pose_z"": 14.75103765812016, ""pose_yaw"": 5.587935447692871e-09, ""pose_pitch"": 0.0, ""delta_x"": 0.3333333469927312, ""delta_z"": 0.6666666846722364, ""local_delta_x"": 0.3333333432674408, ""local_delta_z"": 0.6666666865348816, ""delta_yaw"": 0.0, ""delta_pitch"": 0.0, ""movement_magnitude"": 0.7453560147132695, ""rotation_magnitude"": 0.0, ""pose_confidence"": 1.0}"
Experiment001,108,1785549024.3963401,97,87,93,0.9628131948411465,depth,225280,0.9628131948411465,physmem_keep,85 86 87 94 95 96 97 98 99,stableworld_tri_9,9,1,6,85.94807470217347,,,,,0.9628131948411465,,,,Right,0.7453560147132695,0.574213397890597,,KEEP,0.609991729259491,,,,depth,0.9628131948411465,0.9628131948411465,"{""frame_id"": 108, ""current_frame_id"": 97, ""similarity"": 0.9628131948411465, ""similarity_type"": ""depth"", ""matching_points"": 225280, ""confidence"": 0.9628131948411465, ""decision"": ""physmem_keep"", ""memory_state"": [85, 86, 87, 94, 95, 96, 97, 98, 99], ""memory_id"": ""stableworld_tri_9"", ""memory_size"": 9, ""replace_count"": 1, ""keep_count"": 6, ""runtime"": 85.94807470217347, ""pose_event"": """", ""use_pose_memory"": true, ""view_intent"": ""None"", ""move_intent"": ""Right"", ""has_view_motion"": false, ""has_move_motion"": true, ""action_explanation"": ""lateral_motion"", ""pose_delta_position"": 0.3333333432674408, ""view_state"": ""Revisit"", ""view_confidence"": 0.7777777711550394, ""view_pose_distance"": 0.3333333432674408, ""view_yaw_delta"": 0.0, ""nearest_view_frame_id"": 94, ""memory_selection_mode"": ""orb_locomotion"", ""memory_selection_target"": null, ""memory_selection_anchor_type"": """", ""memory_selection_reason"": ""move=0.3333:Right"", ""trajectory_motion_state"": ""Starting"", ""trajectory_direction"": ""right"", ""trajectory_frames"": 1, ""trajectory_distance"": 0.3333333432674408, ""trajectory_should_progress"": false, ""trajectory_confidence"": 0.75, ""revisit_gate_allow_retrieve"": false, ""revisit_gate_allow_soft_reuse"": false, ""revisit_gate_force_progress"": false, ""revisit_gate_protect_current"": false, ""revisit_gate_reason"": ""locomotion_only_orb_dominant"", ""selection_is_hard_retrieve"": false, ""selection_is_soft_reuse"": false, ""selection_is_progress"": false, ""action_mode"": ""Locomotion Only"", ""action_mode_confidence"": 0.3333333432674408, ""action_mode_reason"": ""move=0.3333:Right"", ""scheduler_path"": ""Locomotion Only->orb_locomotion"", ""turn_state"": ""StableNewView"", ""turn_confidence"": 1.0, ""turn_duration"": 0, ""turn_direction"": ""right"", ""turn_reason"": ""stable"", ""window_layout_type"": ""orb_locomotion"", ""window_reason"": ""StableNewView:orb_locomotion"", ""frame_index"": 108, ""pose_x"": 0.5326329559692529, ""pose_z"": 14.751037656257514, ""pose_yaw"": 5.587935447692871e-09, ""pose_pitch"": 0.0, ""delta_x"": 0.3333333432674408, ""delta_z"": -1.8626452047421083e-09, ""local_delta_x"": 0.3333333432674408, ""local_delta_z"": 0.0, ""delta_yaw"": 0.0, ""delta_pitch"": 0.0, ""movement_magnitude"": 0.3333333432674408, ""rotation_magnitude"": 0.0, ""pose_confidence"": 1.0}"
Experiment001,111,1785549025.6283953,100,87,96,0.9453984126448631,depth,225280,0.9453984126448631,physmem_keep,85 86 87 97 98 99 100 101 102,stableworld_tri_9,9,1,6,136.1458278261125,,,,,0.9453984126448631,,,,Turn Left,0.1796875,0.5510293717772738,,KEEP,0.6376498937606812,,,,depth,0.9453984126448631,0.9453984126448631,"{""frame_id"": 111, ""current_frame_id"": 100, ""similarity"": 0.9453984126448631, ""similarity_type"": ""depth"", ""matching_points"": 225280, ""confidence"": 0.9453984126448631, ""decision"": ""physmem_keep"", ""memory_state"": [85, 86, 87, 97, 98, 99, 100, 101, 102], ""memory_id"": ""stableworld_tri_9"", ""memory_size"": 9, ""replace_count"": 1, ""keep_count"": 6, ""runtime"": 136.1458278261125, ""pose_event"": """", ""use_pose_memory"": true, ""view_intent"": ""Turn Left"", ""move_intent"": ""None"", ""has_view_motion"": true, ""has_move_motion"": false, ""action_explanation"": ""viewpoint_change"", ""pose_delta_position"": 0.0, ""view_state"": ""View Transition"", ""view_confidence"": 0.5989583333333334, ""view_pose_distance"": 0.0, ""view_yaw_delta"": 0.1796875, ""nearest_view_frame_id"": 97, ""key_anchor_frame_id"": 100, ""key_anchor_type"": ""turn_anchor"", ""key_anchor_reason"": ""view_transition"", ""memory_selection_mode"": ""protect_current"", ""memory_selection_target"": null, ""memory_selection_anchor_type"": """", ""memory_selection_reason"": ""view=0.1797:Turn Left"", ""trajectory_motion_state"": ""Idle"", ""trajectory_direction"": ""none"", ""trajectory_frames"": 0, ""trajectory_distance"": 0.0, ""trajectory_should_progress"": false, ""trajectory_confidence"": 0.0, ""revisit_gate_allow_retrieve"": false, ""revisit_gate_allow_soft_reuse"": false, ""revisit_gate_force_progress"": false, ""revisit_gate_protect_current"": true, ""revisit_gate_reason"": ""view_transition"", ""selection_is_hard_retrieve"": false, ""selection_is_soft_reuse"": false, ""selection_is_progress"": false, ""action_mode"": ""View Rotation Only"", ""action_mode_confidence"": 0.998263888888889, ""action_mode_reason"": ""view=0.1797:Turn Left"", ""scheduler_path"": ""View Rotation Only->protect_current"", ""turn_state"": ""TurnStart"", ""turn_confidence"": 1.0, ""turn_duration"": 1, ""turn_direction"": ""left"", ""turn_reason"": ""rotation=0.1797"", ""window_layout_type"": ""protect_current"", ""window_reason"": ""TurnStart:protect_current"", ""frame_index"": 111, ""pose_x"": 0.5326329559692529, ""pose_z"": 14.751037656257514, ""pose_yaw"": -0.17968749441206455, ""pose_pitch"": 0.0, ""delta_x"": 0.0, ""delta_z"": 0.0, ""local_delta_x"": 0.0, ""local_delta_z"": 0.0, ""delta_yaw"": -0.1796875, ""delta_pitch"": 0.0, ""movement_magnitude"": 0.0, ""rotation_magnitude"": 0.1796875, ""pose_confidence"": 1.0}"
Experiment001,114,1785549026.70963,103,87,99,0.9703242778778076,depth,225280,0.9703242778778076,physmem_insert,87 97 98 99 100 101 102 103 104,stableworld_tri_9,9,1,7,132.8544090501964,,,,,0.9703242778778076,,,,Turn Left,0.1796875,0.5535387945304805,,INSERT,0.6368419528007507,,,,depth,0.9703242778778076,0.9703242778778076,"{""frame_id"": 114, ""current_frame_id"": 103, ""similarity"": 0.9703242778778076, ""similarity_type"": ""depth"", ""matching_points"": 225280, ""confidence"": 0.9703242778778076, ""decision"": ""physmem_insert"", ""memory_state"": [87, 97, 98, 99, 100, 101, 102, 103, 104], ""memory_id"": ""stableworld_tri_9"", ""memory_size"": 9, ""replace_count"": 1, ""keep_count"": 7, ""runtime"": 132.8544090501964, ""pose_event"": """", ""use_pose_memory"": true, ""view_intent"": ""Turn Left"", ""move_intent"": ""None"", ""has_view_motion"": true, ""has_move_motion"": false, ""action_explanation"": ""viewpoint_change"", ""pose_delta_position"": 0.0, ""view_state"": ""View Transition"", ""view_confidence"": 0.5989583333333334, ""view_pose_distance"": 0.0, ""view_yaw_delta"": 0.359375, ""nearest_view_frame_id"": 97, ""memory_selection_mode"": ""turn_transition"", ""memory_selection_target"": null, ""memory_selection_anchor_type"": """", ""memory_selection_reason"": ""rotation=0.1797"", ""trajectory_motion_state"": ""Idle"", ""trajectory_direction"": ""none"", ""trajectory_frames"": 0, ""trajectory_distance"": 0.0, ""trajectory_should_progress"": false, ""trajectory_confidence"": 0.0, ""revisit_gate_allow_retrieve"": false, ""revisit_gate_allow_soft_reuse"": false, ""revisit_gate_force_progress"": false, ""revisit_gate_protect_current"": true, ""revisit_gate_reason"": ""view_transition"", ""selection_is_hard_retrieve"": false, ""selection_is_soft_reuse"": false, ""selection_is_progress"": false, ""action_mode"": ""View Rotation Only"", ""action_mode_confidence"": 0.998263888888889, ""action_mode_reason"": ""view=0.1797:Turn Left"", ""scheduler_path"": ""View Rotation Only->turn_transition"", ""turn_state"": ""TurnInProgress"", ""turn_confidence"": 1.0, ""turn_duration"": 2, ""turn_direction"": ""left"", ""turn_reason"": ""rotation=0.1797"", ""window_layout_type"": ""turn_transition"", ""window_reason"": ""TurnInProgress:turn_transition"", ""frame_index"": 114, ""pose_x"": 0.5326329559692529, ""pose_z"": 14.751037656257514, ""pose_yaw"": -0.35937499441206455, ""pose_pitch"": 0.0, ""delta_x"": 0.0, ""delta_z"": 0.0, ""local_delta_x"": 0.0, ""local_delta_z"": 0.0, ""delta_yaw"": -0.1796875, ""delta_pitch"": 0.0, ""movement_magnitude"": 0.0, ""rotation_magnitude"": 0.1796875, ""pose_confidence"": 1.0}"
Experiment001,117,1785549027.8169315,105,98,101,0.9518927522003651,depth,225280,0.9518927522003651,physmem_keep,87 97 98 102 103 104 105 106 107,stableworld_tri_9,9,1,6,156.06534201651812,,,,,0.9518927522003651,,,,Viewpoint Locomotion,0.7453560147132695,0.6001504700869162,,KEEP,0.6880580186843872,,,,depth,0.9518927522003651,0.9518927522003651,"{""frame_id"": 117, ""current_frame_id"": 105, ""similarity"": 0.9518927522003651, ""similarity_type"": ""depth"", ""matching_points"": 225280, ""confidence"": 0.9518927522003651, ""decision"": ""physmem_keep"", ""memory_state"": [87, 97, 98, 102, 103, 104, 105, 106, 107], ""memory_id"": ""stableworld_tri_9"", ""memory_size"": 9, ""replace_count"": 1, ""keep_count"": 6, ""runtime"": 156.06534201651812, ""pose_event"": """", ""use_pose_memory"": true, ""view_intent"": ""Turn Right"", ""move_intent"": ""Left"", ""has_view_motion"": true, ""has_move_motion"": true, ""action_explanation"": ""viewpoint_locomotion"", ""pose_delta_position"": 0.3333333432674408, ""view_state"": ""Revisit"", ""view_confidence"": 0.4992971676336348, ""view_pose_distance"": 0.10931317446005465, ""view_yaw_delta"": 0.2994791679084301, ""nearest_view_frame_id"": 94, ""memory_selection_mode"": ""turn_transition"", ""memory_selection_target"": null, ""memory_selection_anchor_type"": """", ""memory_selection_reason"": ""rotation=0.0599"", ""trajectory_motion_state"": ""Starting"", ""trajectory_direction"": ""left"", ""trajectory_frames"": 1, ""trajectory_distance"": 0.3333333432674408, ""trajectory_should_progress"": false, ""trajectory_confidence"": 0.75, ""revisit_gate_allow_retrieve"": false, ""revisit_gate_allow_soft_reuse"": false, ""revisit_gate_force_progress"": false, ""revisit_gate_protect_current"": false, ""revisit_gate_reason"": ""revisit_blocked_by_motion:0.3333"", ""selection_is_hard_retrieve"": false, ""selection_is_soft_reuse"": false, ""selection_is_progress"": false, ""action_mode"": ""Viewpoint Locomotion"", ""action_mode_confidence"": 0.3333333432674408, ""action_mode_reason"": ""move=0.3333:view=0.0599:Viewpoint Locomotion"", ""scheduler_path"": ""Viewpoint Locomotion->turn_transition"", ""turn_state"": ""TurnInProgress"", ""turn_confidence"": 0.7486979011446238, ""turn_duration"": 3, ""turn_direction"": ""right"", ""turn_reason"": ""rotation=0.0599"", ""window_layout_type"": ""turn_transition"", ""window_reason"": ""TurnInProgress:turn_transition"", ""frame_index"": 117, ""pose_x"": 0.21722366673086768, ""pose_z"": 14.643203997337926, ""pose_yaw"": -0.29947916232049465, ""pose_pitch"": 0.0, ""delta_x"": -0.3154092892383852, ""delta_z"": -0.10783365891958879, ""local_delta_x"": -0.3333333432674408, ""local_delta_z"": 0.0, ""delta_yaw"": 0.0598958320915699, ""delta_pitch"": 0.0, ""movement_magnitude"": 0.3333333432674408, ""rotation_magnitude"": 0.0598958320915699, ""pose_confidence"": 1.0}"
