ExperimentID,FrameID,Timestamp,CurrentFrameID,ReferenceFrameID,MiddleFrameID,Similarity,SimilarityType,MatchingPoints,Confidence,Decision,MemoryState,MemoryID,MemorySize,ReplaceCount,KeepCount,Runtime,CPUTime,GPUTime,VRAM,FPS,GeometryScore,DepthConsistency,CameraMotion,ActionEmbedding,ActionType,ActionMagnitude,FusionWeight,FusionEntropy,FusionDecision,SemanticScore,SemanticConfidence,PhysicalScore,PhysicalConfidence,EvidenceType,PolicyConfidence,DecisionConfidence,ExtraFields
Experiment001,9,1785821982.9287188,9,2,5,0.9484141580760479,depth,225280,0.9484141580760479,physmem_keep,0 1 2 6 7 8 9 10 11,stableworld_tri_9,9,1,6,951.3561660423875,,,,,0.9484141580760479,,,,Turn Right,0.0598958320915699,0.749411611321033,,KEEP,0.6599723696708679,,,,depth,0.9484141580760479,0.9484141580760479,"{""frame_id"": 9, ""current_frame_id"": 9, ""similarity"": 0.9484141580760479, ""similarity_type"": ""depth"", ""matching_points"": 225280, ""confidence"": 0.9484141580760479, ""decision"": ""physmem_keep"", ""memory_state"": [0, 1, 2, 6, 7, 8, 9, 10, 11], ""memory_id"": ""stableworld_tri_9"", ""memory_size"": 9, ""replace_count"": 1, ""keep_count"": 6, ""runtime"": 951.3561660423875, ""pose_event"": """", ""use_pose_memory"": true, ""view_intent"": ""Turn Right"", ""move_intent"": ""None"", ""has_view_motion"": true, ""has_move_motion"": false, ""action_explanation"": ""viewpoint_change"", ""pose_delta_position"": 0.0, ""view_state"": ""Novel View"", ""view_confidence"": 0.0, ""view_pose_distance"": Infinity, ""view_yaw_delta"": Infinity, ""nearest_view_frame_id"": null, ""memory_selection_mode"": ""protect_current"", ""memory_selection_target"": null, ""memory_selection_anchor_type"": """", ""memory_selection_reason"": ""view=0.0599:Turn Right"", ""source_anchor_frame_id"": 2, ""source_anchor_locked"": true, ""protected_anchor_ids"": ""2"", ""loop_closure_detected"": false, ""turn_result"": ""TurnStart"", ""policy_mode"": ""TurnStartPolicy"", ""allow_memory_query"": false, ""allow_hard_retrieve"": false, ""allow_soft_reuse"": false, ""query_result"": """", ""candidate_count"": 0, ""best_candidate_frame_id"": null, ""best_candidate_score"": 0.0, ""best_candidate_pose_distance"": 0.0, ""best_candidate_yaw_delta"": 0.0, ""best_candidate_frame_gap"": 0, ""target_window_ids"": """", ""retrieved_window_ids"": """", ""window_rank_reason"": """", ""trajectory_motion_state"": ""Idle"", ""trajectory_direction"": ""none"", ""trajectory_frames"": 0, ""trajectory_distance"": 0.0, ""trajectory_should_progress"": false, ""trajectory_confidence"": 0.0, ""revisit_gate_allow_retrieve"": false, ""revisit_gate_allow_soft_reuse"": false, ""revisit_gate_force_progress"": false, ""revisit_gate_protect_current"": true, ""revisit_gate_reason"": ""view_rotation_only"", ""selection_is_hard_retrieve"": false, ""selection_is_soft_reuse"": false, ""selection_is_progress"": false, ""action_mode"": ""View Rotation Only"", ""action_mode_confidence"": 0.3327546227309439, ""action_mode_reason"": ""view=0.0599:Turn Right"", ""scheduler_path"": ""View Rotation Only->protect_current"", ""turn_state"": ""TurnStart"", ""turn_confidence"": 0.7486979011446238, ""turn_duration"": 1, ""turn_direction"": ""right"", ""turn_reason"": ""rotation=0.0599"", ""window_layout_type"": ""protect_current"", ""window_reason"": ""TurnStart:protect_current"", ""frame_index"": 9, ""pose_x"": 0.0, ""pose_z"": 0.0, ""pose_yaw"": 0.0598958320915699, ""pose_pitch"": 0.0, ""delta_x"": 0.0, ""delta_z"": 0.0, ""local_delta_x"": 0.0, ""local_delta_z"": 0.0, ""delta_yaw"": 0.0598958320915699, ""delta_pitch"": 0.0, ""movement_magnitude"": 0.0, ""rotation_magnitude"": 0.0598958320915699, ""pose_confidence"": 0.598958320915699}"
Experiment001,12,1785821984.9317627,12,2,8,0.8952619358897209,depth,225280,0.8952619358897209,physmem_insert,2 6 7 8 9 10 11 12 13,stableworld_tri_9,9,1,7,78.42703722417355,,,,,0.8952619358897209,,,,Turn Right,0.1796875,0.5587322651600677,,INSERT,0.6918412446975708,,,,depth,0.8952619358897209,0.8952619358897209,"{""frame_id"": 12, ""current_frame_id"": 12, ""similarity"": 0.8952619358897209, ""similarity_type"": ""depth"", ""matching_points"": 225280, ""confidence"": 0.8952619358897209, ""decision"": ""physmem_insert"", ""memory_state"": [2, 6, 7, 8, 9, 10, 11, 12, 13], ""memory_id"": ""stableworld_tri_9"", ""memory_size"": 9, ""replace_count"": 1, ""keep_count"": 7, ""runtime"": 78.42703722417355, ""pose_event"": """", ""use_pose_memory"": true, ""view_intent"": ""Turn Right"", ""move_intent"": ""None"", ""has_view_motion"": true, ""has_move_motion"": false, ""action_explanation"": ""viewpoint_change"", ""pose_delta_position"": 0.0, ""view_state"": ""View Transition"", ""view_confidence"": 0.5989583333333334, ""view_pose_distance"": 0.0, ""view_yaw_delta"": 0.1796875, ""nearest_view_frame_id"": 9, ""memory_selection_mode"": ""turn_transition"", ""memory_selection_target"": null, ""memory_selection_anchor_type"": """", ""memory_selection_reason"": ""rotation=0.1797"", ""source_anchor_frame_id"": 2, ""source_anchor_locked"": true, ""protected_anchor_ids"": ""2"", ""loop_closure_detected"": false, ""turn_result"": ""UnstableTransition"", ""policy_mode"": ""ViewTransitionPolicy"", ""allow_memory_query"": false, ""allow_hard_retrieve"": false, ""allow_soft_reuse"": false, ""query_result"": """", ""candidate_count"": 0, ""best_candidate_frame_id"": null, ""best_candidate_score"": 0.0, ""best_candidate_pose_distance"": 0.0, ""best_candidate_yaw_delta"": 0.0, ""best_candidate_frame_gap"": 0, ""target_window_ids"": """", ""retrieved_window_ids"": """", ""window_rank_reason"": """", ""trajectory_motion_state"": ""Idle"", ""trajectory_direction"": ""none"", ""trajectory_frames"": 0, ""trajectory_distance"": 0.0, ""trajectory_should_progress"": false, ""trajectory_confidence"": 0.0, ""revisit_gate_allow_retrieve"": false, ""revisit_gate_allow_soft_reuse"": false, ""revisit_gate_force_progress"": false, ""revisit_gate_protect_current"": true, ""revisit_gate_reason"": ""view_transition"", ""selection_is_hard_retrieve"": false, ""selection_is_soft_reuse"": false, ""selection_is_progress"": false, ""action_mode"": ""View Rotation Only"", ""action_mode_confidence"": 0.998263888888889, ""action_mode_reason"": ""view=0.1797:Turn Right"", ""scheduler_path"": ""View Rotation Only->turn_transition"", ""turn_state"": ""TurnInProgress"", ""turn_confidence"": 1.0, ""turn_duration"": 2, ""turn_direction"": ""right"", ""turn_reason"": ""rotation=0.1797"", ""window_layout_type"": ""turn_transition"", ""window_reason"": ""TurnInProgress:turn_transition"", ""frame_index"": 12, ""pose_x"": 0.0, ""pose_z"": 0.0, ""pose_yaw"": 0.2395833320915699, ""pose_pitch"": 0.0, ""delta_x"": 0.0, ""delta_z"": 0.0, ""local_delta_x"": 0.0, ""local_delta_z"": 0.0, ""delta_yaw"": 0.1796875, ""delta_pitch"": 0.0, ""movement_magnitude"": 0.0, ""rotation_magnitude"": 0.1796875, ""pose_confidence"": 1.0}"
Experiment001,15,1785821987.0235507,14,7,10,0.9250865876674652,depth,225280,0.9250865876674652,physmem_keep,2 6 7 11 12 13 14 15 16,stableworld_tri_9,9,1,6,138.13117006793618,,,,,0.9250865876674652,,,,Turn Right,0.0598958320915699,0.7694641554893927,,KEEP,0.6988619565963745,,,,depth,0.9250865876674652,0.9250865876674652,"{""frame_id"": 15, ""current_frame_id"": 14, ""similarity"": 0.9250865876674652, ""similarity_type"": ""depth"", ""matching_points"": 225280, ""confidence"": 0.9250865876674652, ""decision"": ""physmem_keep"", ""memory_state"": [2, 6, 7, 11, 12, 13, 14, 15, 16], ""memory_id"": ""stableworld_tri_9"", ""memory_size"": 9, ""replace_count"": 1, ""keep_count"": 6, ""runtime"": 138.13117006793618, ""pose_event"": """", ""use_pose_memory"": true, ""view_intent"": ""Turn Right"", ""move_intent"": ""None"", ""has_view_motion"": true, ""has_move_motion"": false, ""action_explanation"": ""viewpoint_change"", ""pose_delta_position"": 0.0, ""view_state"": ""Known View"", ""view_confidence"": 0.7337962976760335, ""view_pose_distance"": 0.0, ""view_yaw_delta"": 0.2395833320915699, ""nearest_view_frame_id"": 9, ""memory_selection_mode"": ""turn_transition"", ""memory_selection_target"": null, ""memory_selection_anchor_type"": """", ""memory_selection_reason"": ""rotation=0.0599"", ""source_anchor_frame_id"": 2, ""source_anchor_locked"": true, ""protected_anchor_ids"": ""2"", ""loop_closure_detected"": false, ""turn_result"": ""UnstableTransition"", ""policy_mode"": ""ViewTransitionPolicy"", ""allow_memory_query"": false, ""allow_hard_retrieve"": false, ""allow_soft_reuse"": false, ""query_result"": """", ""candidate_count"": 0, ""best_candidate_frame_id"": null, ""best_candidate_score"": 0.0, ""best_candidate_pose_distance"": 0.0, ""best_candidate_yaw_delta"": 0.0, ""best_candidate_frame_gap"": 0, ""target_window_ids"": """", ""retrieved_window_ids"": """", ""window_rank_reason"": """", ""trajectory_motion_state"": ""Idle"", ""trajectory_direction"": ""none"", ""trajectory_frames"": 0, ""trajectory_distance"": 0.0, ""trajectory_should_progress"": false, ""trajectory_confidence"": 0.0, ""revisit_gate_allow_retrieve"": false, ""revisit_gate_allow_soft_reuse"": false, ""revisit_gate_force_progress"": false, ""revisit_gate_protect_current"": true, ""revisit_gate_reason"": ""view_rotation_only"", ""selection_is_hard_retrieve"": false, ""selection_is_soft_reuse"": false, ""selection_is_progress"": false, ""action_mode"": ""View Rotation Only"", ""action_mode_confidence"": 0.3327546227309439, ""action_mode_reason"": ""view=0.0599:Turn Right"", ""scheduler_path"": ""View Rotation Only->turn_transition"", ""turn_state"": ""TurnInProgress"", ""turn_confidence"": 0.7486979011446238, ""turn_duration"": 3, ""turn_direction"": ""right"", ""turn_reason"": ""rotation=0.0599"", ""window_layout_type"": ""turn_transition"", ""window_reason"": ""TurnInProgress:turn_transition"", ""frame_index"": 15, ""pose_x"": 0.0, ""pose_z"": 0.0, ""pose_yaw"": 0.2994791641831398, ""pose_pitch"": 0.0, ""delta_x"": 0.0, ""delta_z"": 0.0, ""local_delta_x"": 0.0, ""local_delta_z"": 0.0, ""delta_yaw"": 0.0598958320915699, ""delta_pitch"": 0.0, ""movement_magnitude"": 0.0, ""rotation_magnitude"": 0.0598958320915699, ""pose_confidence"": 0.598958320915699}"
Experiment001,18,1785821988.87987,17,7,13,0.9355583935976028,depth,225280,0.9355583935976028,physmem_keep,2 6 7 14 15 16 17 18 19,stableworld_tri_9,9,1,6,81.3356633298099,,,,,0.9355583935976028,,,,Walk,1.0,0.6224836902905643,,KEEP,0.7454792857170105,,,,depth,0.9355583935976028,0.9355583935976028,"{""frame_id"": 18, ""current_frame_id"": 17, ""similarity"": 0.9355583935976028, ""similarity_type"": ""depth"", ""matching_points"": 225280, ""confidence"": 0.9355583935976028, ""decision"": ""physmem_keep"", ""memory_state"": [2, 6, 7, 14, 15, 16, 17, 18, 19], ""memory_id"": ""stableworld_tri_9"", ""memory_size"": 9, ""replace_count"": 1, ""keep_count"": 6, ""runtime"": 81.3356633298099, ""pose_event"": """", ""use_pose_memory"": true, ""view_intent"": ""None"", ""move_intent"": ""Walk"", ""has_view_motion"": false, ""has_move_motion"": true, ""action_explanation"": ""locomotion"", ""pose_delta_position"": 1.0, ""view_state"": ""Novel View"", ""view_confidence"": 0.5, ""view_pose_distance"": 1.0, ""view_yaw_delta"": 0.2395833320915699, ""nearest_view_frame_id"": 9, ""memory_selection_mode"": ""orb_locomotion"", ""memory_selection_target"": null, ""memory_selection_anchor_type"": """", ""memory_selection_reason"": ""move=1.0000:Walk"", ""source_anchor_frame_id"": null, ""source_anchor_locked"": false, ""protected_anchor_ids"": """", ""loop_closure_detected"": false, ""turn_result"": """", ""policy_mode"": ""LocomotionPolicy"", ""allow_memory_query"": false, ""allow_hard_retrieve"": false, ""allow_soft_reuse"": false, ""query_result"": """", ""candidate_count"": 0, ""best_candidate_frame_id"": null, ""best_candidate_score"": 0.0, ""best_candidate_pose_distance"": 0.0, ""best_candidate_yaw_delta"": 0.0, ""best_candidate_frame_gap"": 0, ""target_window_ids"": """", ""retrieved_window_ids"": """", ""window_rank_reason"": """", ""trajectory_motion_state"": ""Starting"", ""trajectory_direction"": ""forward"", ""trajectory_frames"": 1, ""trajectory_distance"": 1.0, ""trajectory_should_progress"": false, ""trajectory_confidence"": 0.75, ""revisit_gate_allow_retrieve"": false, ""revisit_gate_allow_soft_reuse"": false, ""revisit_gate_force_progress"": false, ""revisit_gate_protect_current"": false, ""revisit_gate_reason"": ""locomotion_only_orb_dominant"", ""selection_is_hard_retrieve"": false, ""selection_is_soft_reuse"": false, ""selection_is_progress"": false, ""action_mode"": ""Locomotion Only"", ""action_mode_confidence"": 1.0, ""action_mode_reason"": ""move=1.0000:Walk"", ""scheduler_path"": ""Locomotion Only->orb_locomotion"", ""turn_state"": ""PostTurnStabilization"", ""turn_confidence"": 1.0, ""turn_duration"": 1, ""turn_direction"": ""right"", ""turn_reason"": ""mouse_stopped_after_turn"", ""window_layout_type"": ""orb_locomotion"", ""window_reason"": ""PostTurnStabilization:orb_locomotion"", ""frame_index"": 18, ""pose_x"": 0.29502259314027096, ""pose_z"": 0.9554902770498453, ""pose_yaw"": 0.2994791641831398, ""pose_pitch"": 0.0, ""delta_x"": 0.29502259314027096, ""delta_z"": 0.9554902770498453, ""local_delta_x"": 0.0, ""local_delta_z"": 1.0, ""delta_yaw"": 0.0, ""delta_pitch"": 0.0, ""movement_magnitude"": 1.0, ""rotation_magnitude"": 0.0, ""pose_confidence"": 1.0}"
Experiment001,21,1785821990.8109741,20,7,16,0.9010570347309113,depth,225280,0.9010570347309113,physmem_keep,2 6 7 17 18 19 20 21 22,stableworld_tri_9,9,1,6,73.80551798269153,,,,,0.9010570347309113,,,,Walk,1.0,0.5872412241021375,,KEEP,0.6895793080329895,,,,depth,0.9010570347309113,0.9010570347309113,"{""frame_id"": 21, ""current_frame_id"": 20, ""similarity"": 0.9010570347309113, ""similarity_type"": ""depth"", ""matching_points"": 225280, ""confidence"": 0.9010570347309113, ""decision"": ""physmem_keep"", ""memory_state"": [2, 6, 7, 17, 18, 19, 20, 21, 22], ""memory_id"": ""stableworld_tri_9"", ""memory_size"": 9, ""replace_count"": 1, ""keep_count"": 6, ""runtime"": 73.80551798269153, ""pose_event"": """", ""use_pose_memory"": true, ""view_intent"": ""None"", ""move_intent"": ""Walk"", ""has_view_motion"": false, ""has_move_motion"": true, ""action_explanation"": ""locomotion"", ""pose_delta_position"": 1.0, ""view_state"": ""Novel View"", ""view_confidence"": 0.5, ""view_pose_distance"": 1.0, ""view_yaw_delta"": 0.0, ""nearest_view_frame_id"": 17, ""memory_selection_mode"": ""orb_locomotion"", ""memory_selection_target"": null, ""memory_selection_anchor_type"": """", ""memory_selection_reason"": ""move=1.0000:Walk"", ""source_anchor_frame_id"": null, ""source_anchor_locked"": false, ""protected_anchor_ids"": """", ""loop_closure_detected"": false, ""turn_result"": """", ""policy_mode"": ""LocomotionPolicy"", ""allow_memory_query"": false, ""allow_hard_retrieve"": false, ""allow_soft_reuse"": false, ""query_result"": """", ""candidate_count"": 0, ""best_candidate_frame_id"": null, ""best_candidate_score"": 0.0, ""best_candidate_pose_distance"": 0.0, ""best_candidate_yaw_delta"": 0.0, ""best_candidate_frame_gap"": 0, ""target_window_ids"": """", ""retrieved_window_ids"": """", ""window_rank_reason"": """", ""trajectory_motion_state"": ""Progressing"", ""trajectory_direction"": ""forward"", ""trajectory_frames"": 2, ""trajectory_distance"": 2.0, ""trajectory_should_progress"": true, ""trajectory_confidence"": 1.0, ""revisit_gate_allow_retrieve"": false, ""revisit_gate_allow_soft_reuse"": false, ""revisit_gate_force_progress"": false, ""revisit_gate_protect_current"": false, ""revisit_gate_reason"": ""locomotion_only_orb_dominant"", ""selection_is_hard_retrieve"": false, ""selection_is_soft_reuse"": false, ""selection_is_progress"": false, ""action_mode"": ""Locomotion Only"", ""action_mode_confidence"": 1.0, ""action_mode_reason"": ""move=1.0000:Walk"", ""scheduler_path"": ""Locomotion Only->orb_locomotion"", ""turn_state"": ""PostTurnStabilization"", ""turn_confidence"": 0.5, ""turn_duration"": 2, ""turn_direction"": ""right"", ""turn_reason"": ""mouse_stopped_after_turn"", ""window_layout_type"": ""orb_locomotion"", ""window_reason"": ""PostTurnStabilization:orb_locomotion"", ""frame_index"": 21, ""pose_x"": 0.5900451862805419, ""pose_z"": 1.9109805540996907, ""pose_yaw"": 0.2994791641831398, ""pose_pitch"": 0.0, ""delta_x"": 0.29502259314027096, ""delta_z"": 0.9554902770498453, ""local_delta_x"": 0.0, ""local_delta_z"": 1.0, ""delta_yaw"": 0.0, ""delta_pitch"": 0.0, ""movement_magnitude"": 1.0, ""rotation_magnitude"": 0.0, ""pose_confidence"": 1.0}"
Experiment001,24,1785821992.205539,23,7,19,0.9404074884951115,depth,225280,0.9404074884951115,physmem_keep,2 6 7 20 21 22 23 24 25,stableworld_tri_9,9,1,6,132.38105596974492,,,,,0.9404074884951115,,,,Backward,1.0,0.5941813534555165,,KEEP,0.6673122644424438,,,,depth,0.9404074884951115,0.9404074884951115,"{""frame_id"": 24, ""current_frame_id"": 23, ""similarity"": 0.9404074884951115, ""similarity_type"": ""depth"", ""matching_points"": 225280, ""confidence"": 0.9404074884951115, ""decision"": ""physmem_keep"", ""memory_state"": [2, 6, 7, 20, 21, 22, 23, 24, 25], ""memory_id"": ""stableworld_tri_9"", ""memory_size"": 9, ""replace_count"": 1, ""keep_count"": 6, ""runtime"": 132.38105596974492, ""pose_event"": """", ""use_pose_memory"": true, ""view_intent"": ""None"", ""move_intent"": ""Backward"", ""has_view_motion"": false, ""has_move_motion"": true, ""action_explanation"": ""locomotion"", ""pose_delta_position"": 1.0, ""view_state"": ""Known View"", ""view_confidence"": 1.0, ""view_pose_distance"": 0.0, ""view_yaw_delta"": 0.0, ""nearest_view_frame_id"": 17, ""memory_selection_mode"": ""orb_locomotion"", ""memory_selection_target"": null, ""memory_selection_anchor_type"": """", ""memory_selection_reason"": ""move=1.0000:Backward"", ""source_anchor_frame_id"": null, ""source_anchor_locked"": false, ""protected_anchor_ids"": """", ""loop_closure_detected"": false, ""turn_result"": """", ""policy_mode"": ""LocomotionPolicy"", ""allow_memory_query"": false, ""allow_hard_retrieve"": false, ""allow_soft_reuse"": false, ""query_result"": """", ""candidate_count"": 0, ""best_candidate_frame_id"": null, ""best_candidate_score"": 0.0, ""best_candidate_pose_distance"": 0.0, ""best_candidate_yaw_delta"": 0.0, ""best_candidate_frame_gap"": 0, ""target_window_ids"": """", ""retrieved_window_ids"": """", ""window_rank_reason"": """", ""trajectory_motion_state"": ""Starting"", ""trajectory_direction"": ""backward"", ""trajectory_frames"": 1, ""trajectory_distance"": 1.0, ""trajectory_should_progress"": false, ""trajectory_confidence"": 0.75, ""revisit_gate_allow_retrieve"": false, ""revisit_gate_allow_soft_reuse"": false, ""revisit_gate_force_progress"": false, ""revisit_gate_protect_current"": false, ""revisit_gate_reason"": ""locomotion_only_orb_dominant"", ""selection_is_hard_retrieve"": false, ""selection_is_soft_reuse"": false, ""selection_is_progress"": false, ""action_mode"": ""Locomotion Only"", ""action_mode_confidence"": 1.0, ""action_mode_reason"": ""move=1.0000:Backward"", ""scheduler_path"": ""Locomotion Only->orb_locomotion"", ""turn_state"": ""StableNewView"", ""turn_confidence"": 1.0, ""turn_duration"": 0, ""turn_direction"": ""right"", ""turn_reason"": ""stable"", ""window_layout_type"": ""orb_locomotion"", ""window_reason"": ""StableNewView:orb_locomotion"", ""frame_index"": 24, ""pose_x"": 0.29502259314027096, ""pose_z"": 0.9554902770498453, ""pose_yaw"": 0.2994791641831398, ""pose_pitch"": 0.0, ""delta_x"": -0.29502259314027096, ""delta_z"": -0.9554902770498453, ""local_delta_x"": 0.0, ""local_delta_z"": -1.0, ""delta_yaw"": 0.0, ""delta_pitch"": 0.0, ""movement_magnitude"": 1.0, ""rotation_magnitude"": 0.0, ""pose_confidence"": 1.0}"
Experiment001,27,1785821993.2587962,26,7,22,0.9136679247021675,depth,225280,0.9136679247021675,physmem_insert,20 21 22 23 24 25 26 27 28,stableworld_tri_9,9,1,6,59.057353995740414,,,,,0.9136679247021675,,,,Backward,1.0,0.5200679202518622,,INSERT,0.5664446353912354,,,,depth,0.9136679247021675,0.9136679247021675,"{""frame_id"": 27, ""current_frame_id"": 26, ""similarity"": 0.9136679247021675, ""similarity_type"": ""depth"", ""matching_points"": 225280, ""confidence"": 0.9136679247021675, ""decision"": ""physmem_insert"", ""memory_state"": [20, 21, 22, 23, 24, 25, 26, 27, 28], ""memory_id"": ""stableworld_tri_9"", ""memory_size"": 9, ""replace_count"": 1, ""keep_count"": 6, ""runtime"": 59.057353995740414, ""pose_event"": """", ""use_pose_memory"": true, ""view_intent"": ""None"", ""move_intent"": ""Backward"", ""has_view_motion"": false, ""has_move_motion"": true, ""action_explanation"": ""locomotion"", ""pose_delta_position"": 1.0, ""view_state"": ""Revisit"", ""view_confidence"": 0.657738097012043, ""view_pose_distance"": 0.0, ""view_yaw_delta"": 0.2395833320915699, ""nearest_view_frame_id"": 9, ""memory_selection_mode"": ""orb_locomotion"", ""memory_selection_target"": null, ""memory_selection_anchor_type"": """", ""memory_selection_reason"": ""move=1.0000:Backward"", ""source_anchor_frame_id"": null, ""source_anchor_locked"": false, ""protected_anchor_ids"": """", ""loop_closure_detected"": false, ""turn_result"": """", ""policy_mode"": ""LocomotionPolicy"", ""allow_memory_query"": false, ""allow_hard_retrieve"": false, ""allow_soft_reuse"": false, ""query_result"": """", ""candidate_count"": 0, ""best_candidate_frame_id"": null, ""best_candidate_score"": 0.0, ""best_candidate_pose_distance"": 0.0, ""best_candidate_yaw_delta"": 0.0, ""best_candidate_frame_gap"": 0, ""target_window_ids"": """", ""retrieved_window_ids"": """", ""window_rank_reason"": """", ""trajectory_motion_state"": ""Progressing"", ""trajectory_direction"": ""backward"", ""trajectory_frames"": 2, ""trajectory_distance"": 2.0, ""trajectory_should_progress"": true, ""trajectory_confidence"": 1.0, ""revisit_gate_allow_retrieve"": false, ""revisit_gate_allow_soft_reuse"": false, ""revisit_gate_force_progress"": false, ""revisit_gate_protect_current"": false, ""revisit_gate_reason"": ""locomotion_only_orb_dominant"", ""selection_is_hard_retrieve"": false, ""selection_is_soft_reuse"": false, ""selection_is_progress"": false, ""action_mode"": ""Locomotion Only"", ""action_mode_confidence"": 1.0, ""action_mode_reason"": ""move=1.0000:Backward"", ""scheduler_path"": ""Locomotion Only->orb_locomotion"", ""turn_state"": ""StableNewView"", ""turn_confidence"": 1.0, ""turn_duration"": 0, ""turn_direction"": ""right"", ""turn_reason"": ""stable"", ""window_layout_type"": ""orb_locomotion"", ""window_reason"": ""StableNewView:orb_locomotion"", ""frame_index"": 27, ""pose_x"": 0.0, ""pose_z"": 0.0, ""pose_yaw"": 0.2994791641831398, ""pose_pitch"": 0.0, ""delta_x"": -0.29502259314027096, ""delta_z"": -0.9554902770498453, ""local_delta_x"": 0.0, ""local_delta_z"": -1.0, ""delta_yaw"": 0.0, ""delta_pitch"": 0.0, ""movement_magnitude"": 1.0, ""rotation_magnitude"": 0.0, ""pose_confidence"": 1.0}"
Experiment001,30,1785821994.425848,29,22,25,0.9818228892982006,depth,225280,0.9818228892982006,physmem_keep,20 21 22 26 27 28 29 30 31,stableworld_tri_9,9,1,6,111.58285802230239,,,,,0.9818228892982006,,,,Viewpoint Locomotion,0.4714045348399812,0.6984242520402342,,KEEP,0.8125764727592468,,,,depth,0.9818228892982006,0.9818228892982006,"{""frame_id"": 30, ""current_frame_id"": 29, ""similarity"": 0.9818228892982006, ""similarity_type"": ""depth"", ""matching_points"": 225280, ""confidence"": 0.9818228892982006, ""decision"": ""physmem_keep"", ""memory_state"": [20, 21, 22, 26, 27, 28, 29, 30, 31], ""memory_id"": ""stableworld_tri_9"", ""memory_size"": 9, ""replace_count"": 1, ""keep_count"": 6, ""runtime"": 111.58285802230239, ""pose_event"": """", ""use_pose_memory"": true, ""view_intent"": ""Turn Left"", ""move_intent"": ""Walk"", ""has_view_motion"": true, ""has_move_motion"": true, ""action_explanation"": ""viewpoint_locomotion"", ""pose_delta_position"": 0.47140453483998124, ""view_state"": ""Revisit"", ""view_confidence"": 0.4006670678330079, ""view_pose_distance"": 0.47140453483998124, ""view_yaw_delta"": 0.1995442695915699, ""nearest_view_frame_id"": 9, ""memory_selection_mode"": ""protect_current"", ""memory_selection_target"": null, ""memory_selection_anchor_type"": """", ""memory_selection_reason"": ""move=0.4714:view=0.0400:Viewpoint Locomotion"", ""source_anchor_frame_id"": 22, ""source_anchor_locked"": true, ""protected_anchor_ids"": ""22"", ""loop_closure_detected"": false, ""turn_result"": ""TurnStart"", ""policy_mode"": ""TurnStartPolicy"", ""allow_memory_query"": false, ""allow_hard_retrieve"": false, ""allow_soft_reuse"": false, ""query_result"": """", ""candidate_count"": 0, ""best_candidate_frame_id"": null, ""best_candidate_score"": 0.0, ""best_candidate_pose_distance"": 0.0, ""best_candidate_yaw_delta"": 0.0, ""best_candidate_frame_gap"": 0, ""target_window_ids"": """", ""retrieved_window_ids"": """", ""window_rank_reason"": """", ""trajectory_motion_state"": ""Starting"", ""trajectory_direction"": ""forward"", ""trajectory_frames"": 1, ""trajectory_distance"": 0.4714045348399812, ""trajectory_should_progress"": false, ""trajectory_confidence"": 0.75, ""revisit_gate_allow_retrieve"": false, ""revisit_gate_allow_soft_reuse"": false, ""revisit_gate_force_progress"": false, ""revisit_gate_protect_current"": false, ""revisit_gate_reason"": ""revisit_blocked_by_motion:0.4714"", ""selection_is_hard_retrieve"": false, ""selection_is_soft_reuse"": false, ""selection_is_progress"": false, ""action_mode"": ""Viewpoint Locomotion"", ""action_mode_confidence"": 0.47140453483998124, ""action_mode_reason"": ""move=0.4714:view=0.0400:Viewpoint Locomotion"", ""scheduler_path"": ""Viewpoint Locomotion->protect_current"", ""turn_state"": ""TurnStart"", ""turn_confidence"": 0.50048828125, ""turn_duration"": 1, ""turn_direction"": ""left"", ""turn_reason"": ""rotation=0.0400"", ""window_layout_type"": ""protect_current"", ""window_reason"": ""TurnStart:protect_current"", ""frame_index"": 30, ""pose_x"": -0.228456122124736, ""pose_z"": 0.4123469846275425, ""pose_yaw"": 0.2594401016831398, ""pose_pitch"": 0.0, ""delta_x"": -0.228456122124736, ""delta_z"": 0.4123469846275425, ""local_delta_x"": -0.3333333432674408, ""local_delta_z"": 0.3333333432674408, ""delta_yaw"": -0.0400390625, ""delta_pitch"": 0.0, ""movement_magnitude"": 0.47140453483998124, ""rotation_magnitude"": 0.0400390625, ""pose_confidence"": 0.9428090696799624}"
Experiment001,33,1785821995.6934118,32,22,28,0.9872696017846465,depth,225280,0.9872696017846465,physmem_insert,22 26 27 28 29 30 31 32 33,stableworld_tri_9,9,1,7,92.72383479401469,,,,,0.9872696017846465,,,,Viewpoint Locomotion,1.201850436175566,0.6389498332441792,,INSERT,0.7354115843772888,,,,depth,0.9872696017846465,0.9872696017846465,"{""frame_id"": 33, ""current_frame_id"": 32, ""similarity"": 0.9872696017846465, ""similarity_type"": ""depth"", ""matching_points"": 225280, ""confidence"": 0.9872696017846465, ""decision"": ""physmem_insert"", ""memory_state"": [22, 26, 27, 28, 29, 30, 31, 32, 33], ""memory_id"": ""stableworld_tri_9"", ""memory_size"": 9, ""replace_count"": 1, ""keep_count"": 7, ""runtime"": 92.72383479401469, ""pose_event"": """", ""use_pose_memory"": true, ""view_intent"": ""Turn Left"", ""move_intent"": ""Walk"", ""has_view_motion"": true, ""has_move_motion"": true, ""action_explanation"": ""viewpoint_locomotion"", ""pose_delta_position"": 1.201850436175566, ""view_state"": ""Novel View"", ""view_confidence"": 0.5, ""view_pose_distance"": 1.1175827027295793, ""view_yaw_delta"": 0.1201171875, ""nearest_view_frame_id"": 17, ""key_anchor_frame_id"": 32, ""key_anchor_type"": ""forward_anchor"", ""key_anchor_reason"": ""hybrid_forward_progress"", ""memory_selection_mode"": ""turn_transition"", ""memory_selection_target"": null, ""memory_selection_anchor_type"": """", ""memory_selection_reason"": ""rotation=0.0801"", ""source_anchor_frame_id"": 22, ""source_anchor_locked"": true, ""protected_anchor_ids"": ""22"", ""loop_closure_detected"": false, ""turn_result"": ""UnstableTransition"", ""policy_mode"": ""ViewTransitionPolicy"", ""allow_memory_query"": false, ""allow_hard_retrieve"": false, ""allow_soft_reuse"": false, ""query_result"": """", ""candidate_count"": 0, ""best_candidate_frame_id"": null, ""best_candidate_score"": 0.0, ""best_candidate_pose_distance"": 0.0, ""best_candidate_yaw_delta"": 0.0, ""best_candidate_frame_gap"": 0, ""target_window_ids"": """", ""retrieved_window_ids"": """", ""window_rank_reason"": """", ""trajectory_motion_state"": ""Progressing"", ""trajectory_direction"": ""forward"", ""trajectory_frames"": 2, ""trajectory_distance"": 1.673254971015547, ""trajectory_should_progress"": true, ""trajectory_confidence"": 1.0, ""revisit_gate_allow_retrieve"": false, ""revisit_gate_allow_soft_reuse"": false, ""revisit_gate_force_progress"": true, ""revisit_gate_protect_current"": false, ""revisit_gate_reason"": ""hybrid_forward_progress"", ""selection_is_hard_retrieve"": false, ""selection_is_soft_reuse"": false, ""selection_is_progress"": false, ""action_mode"": ""Viewpoint Locomotion"", ""action_mode_confidence"": 1.0, ""action_mode_reason"": ""move=1.2019:view=0.0801:Viewpoint Locomotion"", ""scheduler_path"": ""Viewpoint Locomotion->turn_transition"", ""turn_state"": ""TurnInProgress"", ""turn_confidence"": 1.0, ""turn_duration"": 2, ""turn_direction"": ""left"", ""turn_reason"": ""rotation=0.0801"", ""window_layout_type"": ""turn_transition"", ""window_reason"": ""TurnInProgress:turn_transition"", ""frame_index"": 33, ""pose_x"": -0.6614964053879955, ""pose_z"": 1.5334716806389515, ""pose_yaw"": 0.1793619766831398, ""pose_pitch"": 0.0, ""delta_x"": -0.4330402832632595, ""delta_z"": 1.121124696011409, ""local_delta_x"": -0.6666666865348816, ""local_delta_z"": 1.0, ""delta_yaw"": -0.080078125, ""delta_pitch"": 0.0, ""movement_magnitude"": 1.201850436175566, ""rotation_magnitude"": 0.080078125, ""pose_confidence"": 1.0}"
Experiment001,36,1785821997.8301804,34,27,30,0.9769587609916925,depth,225280,0.9769587609916925,physmem_insert,22 28 29 30 31 32 33 34 35,stableworld_tri_9,9,1,7,148.63468194380403,,,,,0.9769587609916925,,,,Viewpoint Locomotion,0.6666666865348816,0.6609200852128637,,INSERT,0.8196349740028381,,,,depth,0.9769587609916925,0.9769587609916925,"{""frame_id"": 36, ""current_frame_id"": 34, ""similarity"": 0.9769587609916925, ""similarity_type"": ""depth"", ""matching_points"": 225280, ""confidence"": 0.9769587609916925, ""decision"": ""physmem_insert"", ""memory_state"": [22, 28, 29, 30, 31, 32, 33, 34, 35], ""memory_id"": ""stableworld_tri_9"", ""memory_size"": 9, ""replace_count"": 1, ""keep_count"": 7, ""runtime"": 148.63468194380403, ""pose_event"": """", ""use_pose_memory"": true, ""view_intent"": ""Turn Right"", ""move_intent"": ""Walk"", ""has_view_motion"": true, ""has_move_motion"": true, ""action_explanation"": ""viewpoint_locomotion"", ""pose_delta_position"": 0.6666666865348816, ""view_state"": ""Known View"", ""view_confidence"": 0.5633552783454945, ""view_pose_distance"": 0.6666666865348817, ""view_yaw_delta"": 0.0400390625, ""nearest_view_frame_id"": 32, ""memory_selection_mode"": ""turn_transition"", ""memory_selection_target"": null, ""memory_selection_anchor_type"": """", ""memory_selection_reason"": ""rotation=0.0400"", ""source_anchor_frame_id"": 22, ""source_anchor_locked"": true, ""protected_anchor_ids"": ""22"", ""loop_closure_detected"": false, ""turn_result"": ""UnstableTransition"", ""policy_mode"": ""ViewTransitionPolicy"", ""allow_memory_query"": false, ""allow_hard_retrieve"": false, ""allow_soft_reuse"": false, ""query_result"": """", ""candidate_count"": 0, ""best_candidate_frame_id"": null, ""best_candidate_score"": 0.0, ""best_candidate_pose_distance"": 0.0, ""best_candidate_yaw_delta"": 0.0, ""best_candidate_frame_gap"": 0, ""target_window_ids"": """", ""retrieved_window_ids"": """", ""window_rank_reason"": """", ""trajectory_motion_state"": ""Progressing"", ""trajectory_direction"": ""forward"", ""trajectory_frames"": 3, ""trajectory_distance"": 2.3399216575504287, ""trajectory_should_progress"": true, ""trajectory_confidence"": 1.0, ""revisit_gate_allow_retrieve"": false, ""revisit_gate_allow_soft_reuse"": false, ""revisit_gate_force_progress"": true, ""revisit_gate_protect_current"": false, ""revisit_gate_reason"": ""hybrid_forward_progress"", ""selection_is_hard_retrieve"": false, ""selection_is_soft_reuse"": false, ""selection_is_progress"": false, ""action_mode"": ""Viewpoint Locomotion"", ""action_mode_confidence"": 0.6666666865348816, ""action_mode_reason"": ""move=0.6667:view=0.0400:Viewpoint Locomotion"", ""scheduler_path"": ""Viewpoint Locomotion->turn_transition"", ""turn_state"": ""TurnInProgress"", ""turn_confidence"": 0.50048828125, ""turn_duration"": 3, ""turn_direction"": ""right"", ""turn_reason"": ""rotation=0.0400"", ""window_layout_type"": ""turn_transition"", ""window_reason"": ""TurnInProgress:turn_transition"", ""frame_index"": 36, ""pose_x"": -0.5294543151651098, ""pose_z"": 2.1869312106367698, ""pose_yaw"": 0.2194010391831398, ""pose_pitch"": 0.0, ""delta_x"": 0.13204209022288574, ""delta_z"": 0.6534595299978181, ""local_delta_x"": 0.0, ""local_delta_z"": 0.6666666865348816, ""delta_yaw"": 0.0400390625, ""delta_pitch"": 0.0, ""movement_magnitude"": 0.6666666865348816, ""rotation_magnitude"": 0.0400390625, ""pose_confidence"": 1.0}"
Experiment001,39,1785821999.975034,36,29,32,0.9550663456320763,depth,225280,0.9550663456320763,physmem_keep,22 28 29 33 34 35 36 37 38,stableworld_tri_9,9,1,6,149.41777102649212,,,,,0.9550663456320763,,,,Turn Right,0.080078125,0.7127852033355824,,KEEP,0.7554940581321716,,,,depth,0.9550663456320763,0.9550663456320763,"{""frame_id"": 39, ""current_frame_id"": 36, ""similarity"": 0.9550663456320763, ""similarity_type"": ""depth"", ""matching_points"": 225280, ""confidence"": 0.9550663456320763, ""decision"": ""physmem_keep"", ""memory_state"": [22, 28, 29, 33, 34, 35, 36, 37, 38], ""memory_id"": ""stableworld_tri_9"", ""memory_size"": 9, ""replace_count"": 1, ""keep_count"": 6, ""runtime"": 149.41777102649212, ""pose_event"": """", ""use_pose_memory"": true, ""view_intent"": ""Turn Right"", ""move_intent"": ""None"", ""has_view_motion"": true, ""has_move_motion"": false, ""action_explanation"": ""viewpoint_change"", ""pose_delta_position"": 0.0, ""view_state"": ""Known View"", ""view_confidence"": 0.9110243055555556, ""view_pose_distance"": 0.0, ""view_yaw_delta"": 0.080078125, ""nearest_view_frame_id"": 34, ""memory_selection_mode"": ""turn_transition"", ""memory_selection_target"": null, ""memory_selection_anchor_type"": """", ""memory_selection_reason"": ""rotation=0.0801"", ""source_anchor_frame_id"": 22, ""source_anchor_locked"": true, ""protected_anchor_ids"": ""22"", ""loop_closure_detected"": false, ""turn_result"": ""UnstableTransition"", ""policy_mode"": ""ViewTransitionPolicy"", ""allow_memory_query"": false, ""allow_hard_retrieve"": false, ""allow_soft_reuse"": false, ""query_result"": """", ""candidate_count"": 0, ""best_candidate_frame_id"": null, ""best_candidate_score"": 0.0, ""best_candidate_pose_distance"": 0.0, ""best_candidate_yaw_delta"": 0.0, ""best_candidate_frame_gap"": 0, ""target_window_ids"": """", ""retrieved_window_ids"": """", ""window_rank_reason"": """", ""trajectory_motion_state"": ""Idle"", ""trajectory_direction"": ""none"", ""trajectory_frames"": 0, ""trajectory_distance"": 0.0, ""trajectory_should_progress"": false, ""trajectory_confidence"": 0.0, ""revisit_gate_allow_retrieve"": false, ""revisit_gate_allow_soft_reuse"": false, ""revisit_gate_force_progress"": false, ""revisit_gate_protect_current"": true, ""revisit_gate_reason"": ""view_rotation_only"", ""selection_is_hard_retrieve"": false, ""selection_is_soft_reuse"": false, ""selection_is_progress"": false, ""action_mode"": ""View Rotation Only"", ""action_mode_confidence"": 0.44487847222222227, ""action_mode_reason"": ""view=0.0801:Turn Right"", ""scheduler_path"": ""View Rotation Only->turn_transition"", ""turn_state"": ""TurnInProgress"", ""turn_confidence"": 1.0, ""turn_duration"": 4, ""turn_direction"": ""right"", ""turn_reason"": ""rotation=0.0801"", ""window_layout_type"": ""turn_transition"", ""window_reason"": ""TurnInProgress:turn_transition"", ""frame_index"": 39, ""pose_x"": -0.5294543151651098, ""pose_z"": 2.1869312106367698, ""pose_yaw"": 0.2994791641831398, ""pose_pitch"": 0.0, ""delta_x"": 0.0, ""delta_z"": 0.0, ""local_delta_x"": 0.0, ""local_delta_z"": 0.0, ""delta_yaw"": 0.080078125, ""delta_pitch"": 0.0, ""movement_magnitude"": 0.0, ""rotation_magnitude"": 0.080078125, ""pose_confidence"": 0.80078125}"
Experiment001,42,1785822002.008098,39,29,35,0.949413038790226,depth,225280,0.949413038790226,physmem_insert,33 34 35 36 37 38 39 40 41,stableworld_tri_9,9,1,6,78.5928750410676,,,,,0.949413038790226,,,,Walk,0.6666666865348816,0.555937666841285,,INSERT,0.6101803183555603,,,,depth,0.949413038790226,0.949413038790226,"{""frame_id"": 42, ""current_frame_id"": 39, ""similarity"": 0.949413038790226, ""similarity_type"": ""depth"", ""matching_points"": 225280, ""confidence"": 0.949413038790226, ""decision"": ""physmem_insert"", ""memory_state"": [33, 34, 35, 36, 37, 38, 39, 40, 41], ""memory_id"": ""stableworld_tri_9"", ""memory_size"": 9, ""replace_count"": 1, ""keep_count"": 6, ""runtime"": 78.5928750410676, ""pose_event"": """", ""use_pose_memory"": true, ""view_intent"": ""None"", ""move_intent"": ""Walk"", ""has_view_motion"": false, ""has_move_motion"": true, ""action_explanation"": ""locomotion"", ""pose_delta_position"": 0.6666666865348816, ""view_state"": ""Known View"", ""view_confidence"": 0.5188674311232722, ""view_pose_distance"": 0.6666666865348817, ""view_yaw_delta"": 0.080078125, ""nearest_view_frame_id"": 34, ""memory_selection_mode"": ""orb_locomotion"", ""memory_selection_target"": null, ""memory_selection_anchor_type"": """", ""memory_selection_reason"": ""move=0.6667:Walk"", ""source_anchor_frame_id"": null, ""source_anchor_locked"": false, ""protected_anchor_ids"": """", ""loop_closure_detected"": false, ""turn_result"": """", ""policy_mode"": ""LocomotionPolicy"", ""allow_memory_query"": false, ""allow_hard_retrieve"": false, ""allow_soft_reuse"": false, ""query_result"": """", ""candidate_count"": 0, ""best_candidate_frame_id"": null, ""best_candidate_score"": 0.0, ""best_candidate_pose_distance"": 0.0, ""best_candidate_yaw_delta"": 0.0, ""best_candidate_frame_gap"": 0, ""target_window_ids"": """", ""retrieved_window_ids"": """", ""window_rank_reason"": """", ""trajectory_motion_state"": ""Starting"", ""trajectory_direction"": ""forward"", ""trajectory_frames"": 1, ""trajectory_distance"": 0.6666666865348816, ""trajectory_should_progress"": false, ""trajectory_confidence"": 0.75, ""revisit_gate_allow_retrieve"": false, ""revisit_gate_allow_soft_reuse"": false, ""revisit_gate_force_progress"": false, ""revisit_gate_protect_current"": false, ""revisit_gate_reason"": ""locomotion_only_orb_dominant"", ""selection_is_hard_retrieve"": false, ""selection_is_soft_reuse"": false, ""selection_is_progress"": false, ""action_mode"": ""Locomotion Only"", ""action_mode_confidence"": 0.6666666865348816, ""action_mode_reason"": ""move=0.6667:Walk"", ""scheduler_path"": ""Locomotion Only->orb_locomotion"", ""turn_state"": ""PostTurnStabilization"", ""turn_confidence"": 1.0, ""turn_duration"": 1, ""turn_direction"": ""right"", ""turn_reason"": ""mouse_stopped_after_turn"", ""window_layout_type"": ""orb_locomotion"", ""window_reason"": ""PostTurnStabilization:orb_locomotion"", ""frame_index"": 42, ""pose_x"": -0.33277258054335684, ""pose_z"": 2.8239247476538862, ""pose_yaw"": 0.2994791641831398, ""pose_pitch"": 0.0, ""delta_x"": 0.19668173462175292, ""delta_z"": 0.6369935370171164, ""local_delta_x"": 0.0, ""local_delta_z"": 0.6666666865348816, ""delta_yaw"": 0.0, ""delta_pitch"": 0.0, ""movement_magnitude"": 0.6666666865348816, ""rotation_magnitude"": 0.0, ""pose_confidence"": 1.0}"
Experiment001,45,1785822004.1094265,42,35,38,0.9641150049865246,depth,225280,0.9641150049865246,physmem_keep,33 34 35 39 40 41 42 43 44,stableworld_tri_9,9,1,6,141.17297809571028,,,,,0.9641150049865246,,,,Walk,1.201850436175566,0.612284615907857,,KEEP,0.7012500762939453,,,,depth,0.9641150049865246,0.9641150049865246,"{""frame_id"": 45, ""current_frame_id"": 42, ""similarity"": 0.9641150049865246, ""similarity_type"": ""depth"", ""matching_points"": 225280, ""confidence"": 0.9641150049865246, ""decision"": ""physmem_keep"", ""memory_state"": [33, 34, 35, 39, 40, 41, 42, 43, 44], ""memory_id"": ""stableworld_tri_9"", ""memory_size"": 9, ""replace_count"": 1, ""keep_count"": 6, ""runtime"": 141.17297809571028, ""pose_event"": """", ""use_pose_memory"": true, ""view_intent"": ""None"", ""move_intent"": ""Walk"", ""has_view_motion"": false, ""has_move_motion"": true, ""action_explanation"": ""locomotion"", ""pose_delta_position"": 1.201850436175566, ""view_state"": ""Novel View"", ""view_confidence"": 0.5, ""view_pose_distance"": 1.2018504361755658, ""view_yaw_delta"": 0.0, ""nearest_view_frame_id"": 39, ""memory_selection_mode"": ""orb_locomotion"", ""memory_selection_target"": null, ""memory_selection_anchor_type"": """", ""memory_selection_reason"": ""move=1.2019:Walk"", ""source_anchor_frame_id"": null, ""source_anchor_locked"": false, ""protected_anchor_ids"": """", ""loop_closure_detected"": false, ""turn_result"": """", ""policy_mode"": ""LocomotionPolicy"", ""allow_memory_query"": false, ""allow_hard_retrieve"": false, ""allow_soft_reuse"": false, ""query_result"": """", ""candidate_count"": 0, ""best_candidate_frame_id"": null, ""best_candidate_score"": 0.0, ""best_candidate_pose_distance"": 0.0, ""best_candidate_yaw_delta"": 0.0, ""best_candidate_frame_gap"": 0, ""target_window_ids"": """", ""retrieved_window_ids"": """", ""window_rank_reason"": """", ""trajectory_motion_state"": ""Progressing"", ""trajectory_direction"": ""forward"", ""trajectory_frames"": 2, ""trajectory_distance"": 1.8685171227104476, ""trajectory_should_progress"": true, ""trajectory_confidence"": 1.0, ""revisit_gate_allow_retrieve"": false, ""revisit_gate_allow_soft_reuse"": false, ""revisit_gate_force_progress"": false, ""revisit_gate_protect_current"": false, ""revisit_gate_reason"": ""locomotion_only_orb_dominant"", ""selection_is_hard_retrieve"": false, ""selection_is_soft_reuse"": false, ""selection_is_progress"": false, ""action_mode"": ""Locomotion Only"", ""action_mode_confidence"": 1.0, ""action_mode_reason"": ""move=1.2019:Walk"", ""scheduler_path"": ""Locomotion Only->orb_locomotion"", ""turn_state"": ""PostTurnStabilization"", ""turn_confidence"": 0.5, ""turn_duration"": 2, ""turn_direction"": ""right"", ""turn_reason"": ""mouse_stopped_after_turn"", ""window_layout_type"": ""orb_locomotion"", ""window_reason"": ""PostTurnStabilization:orb_locomotion"", ""frame_index"": 45, ""pose_x"": -0.6747435244202022, ""pose_z"": 3.9760967593254843, ""pose_yaw"": 0.2994791641831398, ""pose_pitch"": 0.0, ""delta_x"": -0.3419709438768454, ""delta_z"": 1.1521720116715983, ""local_delta_x"": -0.6666666865348816, ""local_delta_z"": 1.0, ""delta_yaw"": 0.0, ""delta_pitch"": 0.0, ""movement_magnitude"": 1.201850436175566, ""rotation_magnitude"": 0.0, ""pose_confidence"": 1.0}"
Experiment001,48,1785822006.204136,45,35,41,0.9635459147393703,depth,225280,0.9635459147393703,physmem_insert,33 35 40 41 42 43 44 45 46,stableworld_tri_9,9,1,7,183.92168823629618,,,,,0.9635459147393703,,,,Viewpoint Locomotion,0.4714045348399812,0.6110907394526999,,INSERT,0.7188422679901123,,,,depth,0.9635459147393703,0.9635459147393703,"{""frame_id"": 48, ""current_frame_id"": 45, ""similarity"": 0.9635459147393703, ""similarity_type"": ""depth"", ""matching_points"": 225280, ""confidence"": 0.9635459147393703, ""decision"": ""physmem_insert"", ""memory_state"": [33, 35, 40, 41, 42, 43, 44, 45, 46], ""memory_id"": ""stableworld_tri_9"", ""memory_size"": 9, ""replace_count"": 1, ""keep_count"": 7, ""runtime"": 183.92168823629618, ""pose_event"": """", ""use_pose_memory"": true, ""view_intent"": ""Turn Left"", ""move_intent"": ""Walk"", ""has_view_motion"": true, ""has_move_motion"": true, ""action_explanation"": ""viewpoint_locomotion"", ""pose_delta_position"": 0.4714045348399812, ""view_state"": ""Known View"", ""view_confidence"": 0.5896013657076336, ""view_pose_distance"": 0.471404534839981, ""view_yaw_delta"": 0.1197916641831398, ""nearest_view_frame_id"": 42, ""memory_selection_mode"": ""protect_current"", ""memory_selection_target"": null, ""memory_selection_anchor_type"": """", ""memory_selection_reason"": ""move=0.4714:view=0.1198:Viewpoint Locomotion"", ""source_anchor_frame_id"": 35, ""source_anchor_locked"": true, ""protected_anchor_ids"": ""35"", ""loop_closure_detected"": false, ""turn_result"": ""TurnStart"", ""policy_mode"": ""TurnStartPolicy"", ""allow_memory_query"": false, ""allow_hard_retrieve"": false, ""allow_soft_reuse"": false, ""query_result"": """", ""candidate_count"": 0, ""best_candidate_frame_id"": null, ""best_candidate_score"": 0.0, ""best_candidate_pose_distance"": 0.0, ""best_candidate_yaw_delta"": 0.0, ""best_candidate_frame_gap"": 0, ""target_window_ids"": """", ""retrieved_window_ids"": """", ""window_rank_reason"": """", ""trajectory_motion_state"": ""Progressing"", ""trajectory_direction"": ""forward"", ""trajectory_frames"": 3, ""trajectory_distance"": 2.3399216575504287, ""trajectory_should_progress"": true, ""trajectory_confidence"": 1.0, ""revisit_gate_allow_retrieve"": false, ""revisit_gate_allow_soft_reuse"": false, ""revisit_gate_force_progress"": true, ""revisit_gate_protect_current"": false, ""revisit_gate_reason"": ""hybrid_forward_progress"", ""selection_is_hard_retrieve"": false, ""selection_is_soft_reuse"": false, ""selection_is_progress"": false, ""action_mode"": ""Viewpoint Locomotion"", ""action_mode_confidence"": 0.4714045348399812, ""action_mode_reason"": ""move=0.4714:view=0.1198:Viewpoint Locomotion"", ""scheduler_path"": ""Viewpoint Locomotion->protect_current"", ""turn_state"": ""TurnStart"", ""turn_confidence"": 1.0, ""turn_duration"": 1, ""turn_direction"": ""left"", ""turn_reason"": ""rotation=0.1198"", ""window_layout_type"": ""protect_current"", ""window_reason"": ""TurnStart:protect_current"", ""frame_index"": 48, ""pose_x"": -0.919456549428171, ""pose_z"": 4.379008376009774, ""pose_yaw"": 0.1796875, ""pose_pitch"": 0.0, ""delta_x"": -0.24471302500796882, ""delta_z"": 0.40291161668429004, ""local_delta_x"": -0.3333333432674408, ""local_delta_z"": 0.3333333432674408, ""delta_yaw"": -0.1197916641831398, ""delta_pitch"": 0.0, ""movement_magnitude"": 0.4714045348399812, ""rotation_magnitude"": 0.1197916641831398, ""pose_confidence"": 1.0}"
Experiment001,51,1785822008.298751,47,40,43,0.9684374108910561,depth,225280,0.9684374108910561,physmem_keep,33 35 40 44 45 46 47 48 49,stableworld_tri_9,9,1,6,180.50140282139182,,,,,0.9684374108910561,,,,Turn Left,0.1796875,0.6686758029421955,,KEEP,0.7902522683143616,,,,depth,0.9684374108910561,0.9684374108910561,"{""frame_id"": 51, ""current_frame_id"": 47, ""similarity"": 0.9684374108910561, ""similarity_type"": ""depth"", ""matching_points"": 225280, ""confidence"": 0.9684374108910561, ""decision"": ""physmem_keep"", ""memory_state"": [33, 35, 40, 44, 45, 46, 47, 48, 49], ""memory_id"": ""stableworld_tri_9"", ""memory_size"": 9, ""replace_count"": 1, ""keep_count"": 6, ""runtime"": 180.50140282139182, ""pose_event"": """", ""use_pose_memory"": true, ""view_intent"": ""Turn Left"", ""move_intent"": ""None"", ""has_view_motion"": true, ""has_move_motion"": false, ""action_explanation"": ""viewpoint_change"", ""pose_delta_position"": 0.0, ""view_state"": ""View Transition"", ""view_confidence"": 0.5989583333333334, ""view_pose_distance"": 0.0, ""view_yaw_delta"": 0.1796875, ""nearest_view_frame_id"": 45, ""memory_selection_mode"": ""turn_transition"", ""memory_selection_target"": null, ""memory_selection_anchor_type"": """", ""memory_selection_reason"": ""rotation=0.1797"", ""source_anchor_frame_id"": 35, ""source_anchor_locked"": true, ""protected_anchor_ids"": ""35"", ""loop_closure_detected"": false, ""turn_result"": ""UnstableTransition"", ""policy_mode"": ""ViewTransitionPolicy"", ""allow_memory_query"": false, ""allow_hard_retrieve"": false, ""allow_soft_reuse"": false, ""query_result"": """", ""candidate_count"": 0, ""best_candidate_frame_id"": null, ""best_candidate_score"": 0.0, ""best_candidate_pose_distance"": 0.0, ""best_candidate_yaw_delta"": 0.0, ""best_candidate_frame_gap"": 0, ""target_window_ids"": """", ""retrieved_window_ids"": """", ""window_rank_reason"": """", ""trajectory_motion_state"": ""Idle"", ""trajectory_direction"": ""none"", ""trajectory_frames"": 0, ""trajectory_distance"": 0.0, ""trajectory_should_progress"": false, ""trajectory_confidence"": 0.0, ""revisit_gate_allow_retrieve"": false, ""revisit_gate_allow_soft_reuse"": false, ""revisit_gate_force_progress"": false, ""revisit_gate_protect_current"": true, ""revisit_gate_reason"": ""view_transition"", ""selection_is_hard_retrieve"": false, ""selection_is_soft_reuse"": false, ""selection_is_progress"": false, ""action_mode"": ""View Rotation Only"", ""action_mode_confidence"": 0.998263888888889, ""action_mode_reason"": ""view=0.1797:Turn Left"", ""scheduler_path"": ""View Rotation Only->turn_transition"", ""turn_state"": ""TurnInProgress"", ""turn_confidence"": 1.0, ""turn_duration"": 2, ""turn_direction"": ""left"", ""turn_reason"": ""rotation=0.1797"", ""window_layout_type"": ""turn_transition"", ""window_reason"": ""TurnInProgress:turn_transition"", ""frame_index"": 51, ""pose_x"": -0.919456549428171, ""pose_z"": 4.379008376009774, ""pose_yaw"": 0.0, ""pose_pitch"": 0.0, ""delta_x"": 0.0, ""delta_z"": 0.0, ""local_delta_x"": 0.0, ""local_delta_z"": 0.0, ""delta_yaw"": -0.1796875, ""delta_pitch"": 0.0, ""movement_magnitude"": 0.0, ""rotation_magnitude"": 0.1796875, ""pose_confidence"": 1.0}"
Experiment001,54,1785822009.9550536,50,40,46,0.9417697079479694,depth,225280,0.9417697079479694,physmem_keep,33 35 40 47 48 49 50 51 52,stableworld_tri_9,9,1,6,132.00256880372763,,,,,0.9417697079479694,,,,Turn Right,0.0598958320915699,0.7616244746193412,,KEEP,0.6880161762237549,,,,depth,0.9417697079479694,0.9417697079479694,"{""frame_id"": 54, ""current_frame_id"": 50, ""similarity"": 0.9417697079479694, ""similarity_type"": ""depth"", ""matching_points"": 225280, ""confidence"": 0.9417697079479694, ""decision"": ""physmem_keep"", ""memory_state"": [33, 35, 40, 47, 48, 49, 50, 51, 52], ""memory_id"": ""stableworld_tri_9"", ""memory_size"": 9, ""replace_count"": 1, ""keep_count"": 6, ""runtime"": 132.00256880372763, ""pose_event"": """", ""use_pose_memory"": true, ""view_intent"": ""Turn Right"", ""move_intent"": ""None"", ""has_view_motion"": true, ""has_move_motion"": false, ""action_explanation"": ""viewpoint_change"", ""pose_delta_position"": 0.0, ""view_state"": ""Known View"", ""view_confidence"": 0.866898146768411, ""view_pose_distance"": 0.0, ""view_yaw_delta"": 0.1197916679084301, ""nearest_view_frame_id"": 45, ""memory_selection_mode"": ""turn_transition"", ""memory_selection_target"": null, ""memory_selection_anchor_type"": """", ""memory_selection_reason"": ""rotation=0.0599"", ""source_anchor_frame_id"": 35, ""source_anchor_locked"": true, ""protected_anchor_ids"": ""35"", ""loop_closure_detected"": false, ""turn_result"": ""UnstableTransition"", ""policy_mode"": ""ViewTransitionPolicy"", ""allow_memory_query"": false, ""allow_hard_retrieve"": false, ""allow_soft_reuse"": false, ""query_result"": """", ""candidate_count"": 0, ""best_candidate_frame_id"": null, ""best_candidate_score"": 0.0, ""best_candidate_pose_distance"": 0.0, ""best_candidate_yaw_delta"": 0.0, ""best_candidate_frame_gap"": 0, ""target_window_ids"": """", ""retrieved_window_ids"": """", ""window_rank_reason"": """", ""trajectory_motion_state"": ""Idle"", ""trajectory_direction"": ""none"", ""trajectory_frames"": 0, ""trajectory_distance"": 0.0, ""trajectory_should_progress"": false, ""trajectory_confidence"": 0.0, ""revisit_gate_allow_retrieve"": false, ""revisit_gate_allow_soft_reuse"": false, ""revisit_gate_force_progress"": false, ""revisit_gate_protect_current"": true, ""revisit_gate_reason"": ""view_rotation_only"", ""selection_is_hard_retrieve"": false, ""selection_is_soft_reuse"": false, ""selection_is_progress"": false, ""action_mode"": ""View Rotation Only"", ""action_mode_confidence"": 0.3327546227309439, ""action_mode_reason"": ""view=0.0599:Turn Right"", ""scheduler_path"": ""View Rotation Only->turn_transition"", ""turn_state"": ""TurnInProgress"", ""turn_confidence"": 0.7486979011446238, ""turn_duration"": 3, ""turn_direction"": ""right"", ""turn_reason"": ""rotation=0.0599"", ""window_layout_type"": ""turn_transition"", ""window_reason"": ""TurnInProgress:turn_transition"", ""frame_index"": 54, ""pose_x"": -0.919456549428171, ""pose_z"": 4.379008376009774, ""pose_yaw"": 0.0598958320915699, ""pose_pitch"": 0.0, ""delta_x"": 0.0, ""delta_z"": 0.0, ""local_delta_x"": 0.0, ""local_delta_z"": 0.0, ""delta_yaw"": 0.0598958320915699, ""delta_pitch"": 0.0, ""movement_magnitude"": 0.0, ""rotation_magnitude"": 0.0598958320915699, ""pose_confidence"": 0.598958320915699}"
Experiment001,57,1785822011.0282633,53,40,49,0.9720829911530018,depth,225280,0.9720829911530018,physmem_insert,35 47 48 49 50 51 52 53 54,stableworld_tri_9,9,1,7,139.7459409199655,,,,,0.9720829911530018,,,,Turn Right,0.1796875,0.5760121171883471,,INSERT,0.6370474100112915,,,,depth,0.9720829911530018,0.9720829911530018,"{""frame_id"": 57, ""current_frame_id"": 53, ""similarity"": 0.9720829911530018, ""similarity_type"": ""depth"", ""matching_points"": 225280, ""confidence"": 0.9720829911530018, ""decision"": ""physmem_insert"", ""memory_state"": [35, 47, 48, 49, 50, 51, 52, 53, 54], ""memory_id"": ""stableworld_tri_9"", ""memory_size"": 9, ""replace_count"": 1, ""keep_count"": 7, ""runtime"": 139.7459409199655, ""pose_event"": """", ""use_pose_memory"": true, ""view_intent"": ""Turn Right"", ""move_intent"": ""None"", ""has_view_motion"": true, ""has_move_motion"": false, ""action_explanation"": ""viewpoint_change"", ""pose_delta_position"": 0.0, ""view_state"": ""View Transition"", ""view_confidence"": 0.5989583333333334, ""view_pose_distance"": 0.0, ""view_yaw_delta"": 0.0598958320915699, ""nearest_view_frame_id"": 45, ""memory_selection_mode"": ""turn_transition"", ""memory_selection_target"": null, ""memory_selection_anchor_type"": """", ""memory_selection_reason"": ""rotation=0.1797"", ""source_anchor_frame_id"": 35, ""source_anchor_locked"": true, ""protected_anchor_ids"": ""35"", ""loop_closure_detected"": false, ""turn_result"": ""UnstableTransition"", ""policy_mode"": ""ViewTransitionPolicy"", ""allow_memory_query"": false, ""allow_hard_retrieve"": false, ""allow_soft_reuse"": false, ""query_result"": """", ""candidate_count"": 0, ""best_candidate_frame_id"": null, ""best_candidate_score"": 0.0, ""best_candidate_pose_distance"": 0.0, ""best_candidate_yaw_delta"": 0.0, ""best_candidate_frame_gap"": 0, ""target_window_ids"": """", ""retrieved_window_ids"": """", ""window_rank_reason"": """", ""trajectory_motion_state"": ""Idle"", ""trajectory_direction"": ""none"", ""trajectory_frames"": 0, ""trajectory_distance"": 0.0, ""trajectory_should_progress"": false, ""trajectory_confidence"": 0.0, ""revisit_gate_allow_retrieve"": false, ""revisit_gate_allow_soft_reuse"": false, ""revisit_gate_force_progress"": false, ""revisit_gate_protect_current"": true, ""revisit_gate_reason"": ""view_transition"", ""selection_is_hard_retrieve"": false, ""selection_is_soft_reuse"": false, ""selection_is_progress"": false, ""action_mode"": ""View Rotation Only"", ""action_mode_confidence"": 0.998263888888889, ""action_mode_reason"": ""view=0.1797:Turn Right"", ""scheduler_path"": ""View Rotation Only->turn_transition"", ""turn_state"": ""TurnInProgress"", ""turn_confidence"": 1.0, ""turn_duration"": 4, ""turn_direction"": ""right"", ""turn_reason"": ""rotation=0.1797"", ""window_layout_type"": ""turn_transition"", ""window_reason"": ""TurnInProgress:turn_transition"", ""frame_index"": 57, ""pose_x"": -0.919456549428171, ""pose_z"": 4.379008376009774, ""pose_yaw"": 0.2395833320915699, ""pose_pitch"": 0.0, ""delta_x"": 0.0, ""delta_z"": 0.0, ""local_delta_x"": 0.0, ""local_delta_z"": 0.0, ""delta_yaw"": 0.1796875, ""delta_pitch"": 0.0, ""movement_magnitude"": 0.0, ""rotation_magnitude"": 0.1796875, ""pose_confidence"": 1.0}"
Experiment001,60,1785822012.2050066,55,48,51,0.8856719210743904,depth,225280,0.8856719210743904,physmem_keep,33 34 39 40 41 42 43 44 35,stableworld_tri_9,9,1,1,161.26708080992103,,,,,0.8856719210743904,,,,Turn Right,0.0598958320915699,0.6913023903458119,,KEEP,0.6203237175941467,,,,depth,0.8856719210743904,0.8856719210743904,"{""frame_id"": 60, ""current_frame_id"": 55, ""similarity"": 0.8856719210743904, ""similarity_type"": ""depth"", ""matching_points"": 225280, ""confidence"": 0.8856719210743904, ""decision"": ""physmem_keep"", ""memory_state"": [33, 34, 39, 40, 41, 42, 43, 44, 35], ""memory_id"": ""stableworld_tri_9"", ""memory_size"": 9, ""replace_count"": 1, ""keep_count"": 1, ""runtime"": 161.26708080992103, ""pose_event"": """", ""use_pose_memory"": true, ""view_intent"": ""Turn Right"", ""move_intent"": ""None"", ""has_view_motion"": true, ""has_move_motion"": false, ""action_explanation"": ""viewpoint_change"", ""pose_delta_position"": 0.0, ""view_state"": ""Revisit"", ""view_confidence"": 0.8288690511669431, ""view_pose_distance"": 0.0, ""view_yaw_delta"": 0.1197916641831398, ""nearest_view_frame_id"": 45, ""key_anchor_frame_id"": 55, ""key_anchor_type"": ""revisit_anchor"", ""key_anchor_reason"": ""pose_revisit"", ""memory_selection_mode"": ""retrieve_window"", ""memory_selection_target"": 45, ""memory_selection_anchor_type"": ""pose_path_window"", ""memory_selection_reason"": ""pose_path_window:yaw=0.1198:pose=0.0000:gap=10:fid=0.202:stab=1.000:tier0=0.0:score=0.675"", ""source_anchor_frame_id"": 35, ""source_anchor_locked"": true, ""protected_anchor_ids"": ""35 33 34"", ""loop_closure_detected"": true, ""turn_result"": ""ReturnToKnownView"", ""policy_mode"": ""RevisitPolicy"", ""allow_memory_query"": true, ""allow_hard_retrieve"": true, ""allow_soft_reuse"": true, ""query_result"": ""matched_window"", ""candidate_count"": 8, ""best_candidate_frame_id"": 45, ""best_candidate_score"": 0.6749322631400326, ""best_candidate_pose_distance"": 0.0, ""best_candidate_yaw_delta"": 0.1197916641831398, ""best_candidate_frame_gap"": 10, ""target_window_ids"": ""33 34 35 39 40 41 42 43 44"", ""retrieved_window_ids"": ""33 34 35 39 40 41 42 43 44"", ""window_rank_reason"": ""yaw=0.1198:pose=0.0000:gap=10:fid=0.202:stab=1.000:tier0=0.0:score=0.675"", ""trajectory_motion_state"": ""Idle"", ""trajectory_direction"": ""none"", ""trajectory_frames"": 0, ""trajectory_distance"": 0.0, ""trajectory_should_progress"": false, ""trajectory_confidence"": 0.0, ""revisit_gate_allow_retrieve"": true, ""revisit_gate_allow_soft_reuse"": false, ""revisit_gate_force_progress"": false, ""revisit_gate_protect_current"": false, ""revisit_gate_reason"": ""stable_revisit"", ""selection_is_hard_retrieve"": false, ""selection_is_soft_reuse"": false, ""selection_is_progress"": false, ""action_mode"": ""View Rotation Only"", ""action_mode_confidence"": 0.3327546227309439, ""action_mode_reason"": ""view=0.0599:Turn Right"", ""scheduler_path"": ""View Rotation Only->retrieve_window"", ""turn_state"": ""TurnInProgress"", ""turn_confidence"": 0.7486979011446238, ""turn_duration"": 5, ""turn_direction"": ""right"", ""turn_reason"": ""rotation=0.0599"", ""window_layout_type"": ""retrieve_window"", ""window_reason"": ""TurnInProgress:retrieve_window"", ""frame_index"": 60, ""pose_x"": -0.919456549428171, ""pose_z"": 4.379008376009774, ""pose_yaw"": 0.2994791641831398, ""pose_pitch"": 0.0, ""delta_x"": 0.0, ""delta_z"": 0.0, ""local_delta_x"": 0.0, ""local_delta_z"": 0.0, ""delta_yaw"": 0.0598958320915699, ""delta_pitch"": 0.0, ""movement_magnitude"": 0.0, ""rotation_magnitude"": 0.0598958320915699, ""pose_confidence"": 0.598958320915699}"
Experiment001,63,1785822013.6477695,36,39,42,0.9773590676486492,depth,225280,0.9773590676486492,physmem_keep,33 34 39 43 44 35 36 37 38,stableworld_tri_9,9,1,6,215.07099829614162,,,,,0.9773590676486492,,,,Walk,1.0,0.6642332968787483,,KEEP,0.8238950371742249,,,,depth,0.9773590676486492,0.9773590676486492,"{""frame_id"": 63, ""current_frame_id"": 36, ""similarity"": 0.9773590676486492, ""similarity_type"": ""depth"", ""matching_points"": 225280, ""confidence"": 0.9773590676486492, ""decision"": ""physmem_keep"", ""memory_state"": [33, 34, 39, 43, 44, 35, 36, 37, 38], ""memory_id"": ""stableworld_tri_9"", ""memory_size"": 9, ""replace_count"": 1, ""keep_count"": 6, ""runtime"": 215.07099829614162, ""pose_event"": """", ""use_pose_memory"": true, ""view_intent"": ""None"", ""move_intent"": ""Walk"", ""has_view_motion"": false, ""has_move_motion"": true, ""action_explanation"": ""locomotion"", ""pose_delta_position"": 1.0, ""view_state"": ""Novel View"", ""view_confidence"": 0.5, ""view_pose_distance"": 1.0000000000000002, ""view_yaw_delta"": 0.1197916641831398, ""nearest_view_frame_id"": 45, ""memory_selection_mode"": ""orb_locomotion"", ""memory_selection_target"": null, ""memory_selection_anchor_type"": """", ""memory_selection_reason"": ""move=1.0000:Walk"", ""source_anchor_frame_id"": null, ""source_anchor_locked"": false, ""protected_anchor_ids"": """", ""loop_closure_detected"": false, ""turn_result"": """", ""policy_mode"": ""LocomotionPolicy"", ""allow_memory_query"": false, ""allow_hard_retrieve"": false, ""allow_soft_reuse"": false, ""query_result"": """", ""candidate_count"": 0, ""best_candidate_frame_id"": null, ""best_candidate_score"": 0.0, ""best_candidate_pose_distance"": 0.0, ""best_candidate_yaw_delta"": 0.0, ""best_candidate_frame_gap"": 0, ""target_window_ids"": """", ""retrieved_window_ids"": """", ""window_rank_reason"": """", ""trajectory_motion_state"": ""Starting"", ""trajectory_direction"": ""forward"", ""trajectory_frames"": 1, ""trajectory_distance"": 1.0, ""trajectory_should_progress"": false, ""trajectory_confidence"": 0.75, ""revisit_gate_allow_retrieve"": false, ""revisit_gate_allow_soft_reuse"": false, ""revisit_gate_force_progress"": false, ""revisit_gate_protect_current"": false, ""revisit_gate_reason"": ""locomotion_only_orb_dominant"", ""selection_is_hard_retrieve"": false, ""selection_is_soft_reuse"": false, ""selection_is_progress"": false, ""action_mode"": ""Locomotion Only"", ""action_mode_confidence"": 1.0, ""action_mode_reason"": ""move=1.0000:Walk"", ""scheduler_path"": ""Locomotion Only->orb_locomotion"", ""turn_state"": ""PostTurnStabilization"", ""turn_confidence"": 1.0, ""turn_duration"": 1, ""turn_direction"": ""right"", ""turn_reason"": ""mouse_stopped_after_turn"", ""window_layout_type"": ""orb_locomotion"", ""window_reason"": ""PostTurnStabilization:orb_locomotion"", ""frame_index"": 63, ""pose_x"": -0.6244339562879, ""pose_z"": 5.33449865305962, ""pose_yaw"": 0.2994791641831398, ""pose_pitch"": 0.0, ""delta_x"": 0.29502259314027096, ""delta_z"": 0.9554902770498453, ""local_delta_x"": 0.0, ""local_delta_z"": 1.0, ""delta_yaw"": 0.0, ""delta_pitch"": 0.0, ""movement_magnitude"": 1.0, ""rotation_magnitude"": 0.0, ""pose_confidence"": 1.0}"
Experiment001,66,1785822015.6528664,39,39,35,0.9697091747075319,depth,225280,0.9697091747075319,physmem_keep,33 34 39 36 37 38 39 40 41,stableworld_tri_9,9,1,6,39.52603600919247,,,,,0.9697091747075319,,,,Walk,1.0,0.5948049291872528,,KEEP,0.6326932311058044,,,,depth,0.9697091747075319,0.9697091747075319,"{""frame_id"": 66, ""current_frame_id"": 39, ""similarity"": 0.9697091747075319, ""similarity_type"": ""depth"", ""matching_points"": 225280, ""confidence"": 0.9697091747075319, ""decision"": ""physmem_keep"", ""memory_state"": [33, 34, 39, 36, 37, 38, 39, 40, 41], ""memory_id"": ""stableworld_tri_9"", ""memory_size"": 9, ""replace_count"": 1, ""keep_count"": 6, ""runtime"": 39.52603600919247, ""pose_event"": """", ""use_pose_memory"": true, ""view_intent"": ""None"", ""move_intent"": ""Walk"", ""has_view_motion"": false, ""has_move_motion"": true, ""action_explanation"": ""locomotion"", ""pose_delta_position"": 1.0, ""view_state"": ""Novel View"", ""view_confidence"": 0.5, ""view_pose_distance"": 1.0000000000000002, ""view_yaw_delta"": 0.0, ""nearest_view_frame_id"": 36, ""memory_selection_mode"": ""orb_locomotion"", ""memory_selection_target"": null, ""memory_selection_anchor_type"": """", ""memory_selection_reason"": ""move=1.0000:Walk"", ""source_anchor_frame_id"": null, ""source_anchor_locked"": false, ""protected_anchor_ids"": """", ""loop_closure_detected"": false, ""turn_result"": """", ""policy_mode"": ""LocomotionPolicy"", ""allow_memory_query"": false, ""allow_hard_retrieve"": false, ""allow_soft_reuse"": false, ""query_result"": """", ""candidate_count"": 0, ""best_candidate_frame_id"": null, ""best_candidate_score"": 0.0, ""best_candidate_pose_distance"": 0.0, ""best_candidate_yaw_delta"": 0.0, ""best_candidate_frame_gap"": 0, ""target_window_ids"": """", ""retrieved_window_ids"": """", ""window_rank_reason"": """", ""trajectory_motion_state"": ""Progressing"", ""trajectory_direction"": ""forward"", ""trajectory_frames"": 2, ""trajectory_distance"": 2.0, ""trajectory_should_progress"": true, ""trajectory_confidence"": 1.0, ""revisit_gate_allow_retrieve"": false, ""revisit_gate_allow_soft_reuse"": false, ""revisit_gate_force_progress"": false, ""revisit_gate_protect_current"": false, ""revisit_gate_reason"": ""locomotion_only_orb_dominant"", ""selection_is_hard_retrieve"": false, ""selection_is_soft_reuse"": false, ""selection_is_progress"": false, ""action_mode"": ""Locomotion Only"", ""action_mode_confidence"": 1.0, ""action_mode_reason"": ""move=1.0000:Walk"", ""scheduler_path"": ""Locomotion Only->orb_locomotion"", ""turn_state"": ""PostTurnStabilization"", ""turn_confidence"": 0.5, ""turn_duration"": 2, ""turn_direction"": ""right"", ""turn_reason"": ""mouse_stopped_after_turn"", ""window_layout_type"": ""orb_locomotion"", ""window_reason"": ""PostTurnStabilization:orb_locomotion"", ""frame_index"": 66, ""pose_x"": -0.32941136314762903, ""pose_z"": 6.289988930109465, ""pose_yaw"": 0.2994791641831398, ""pose_pitch"": 0.0, ""delta_x"": 0.29502259314027096, ""delta_z"": 0.9554902770498453, ""local_delta_x"": 0.0, ""local_delta_z"": 1.0, ""delta_yaw"": 0.0, ""delta_pitch"": 0.0, ""movement_magnitude"": 1.0, ""rotation_magnitude"": 0.0, ""pose_confidence"": 1.0}"
Experiment001,69,1785822017.6028986,42,39,38,0.9498391337692738,depth,225280,0.9498391337692738,physmem_keep,33 34 39 39 40 41 42 43 44,stableworld_tri_9,9,1,6,18.864099867641926,,,,,0.9498391337692738,,,,Backward,1.0,0.6438244896627668,,KEEP,0.8020651340484619,,,,depth,0.9498391337692738,0.9498391337692738,"{""frame_id"": 69, ""current_frame_id"": 42, ""similarity"": 0.9498391337692738, ""similarity_type"": ""depth"", ""matching_points"": 225280, ""confidence"": 0.9498391337692738, ""decision"": ""physmem_keep"", ""memory_state"": [33, 34, 39, 39, 40, 41, 42, 43, 44], ""memory_id"": ""stableworld_tri_9"", ""memory_size"": 9, ""replace_count"": 1, ""keep_count"": 6, ""runtime"": 18.864099867641926, ""pose_event"": """", ""use_pose_memory"": true, ""view_intent"": ""None"", ""move_intent"": ""Backward"", ""has_view_motion"": false, ""has_move_motion"": true, ""action_explanation"": ""locomotion"", ""pose_delta_position"": 1.0, ""view_state"": ""Revisit"", ""view_confidence"": 1.0, ""view_pose_distance"": 0.0, ""view_yaw_delta"": 0.0, ""nearest_view_frame_id"": 36, ""memory_selection_mode"": ""orb_locomotion"", ""memory_selection_target"": null, ""memory_selection_anchor_type"": """", ""memory_selection_reason"": ""move=1.0000:Backward"", ""source_anchor_frame_id"": null, ""source_anchor_locked"": false, ""protected_anchor_ids"": """", ""loop_closure_detected"": false, ""turn_result"": """", ""policy_mode"": ""LocomotionPolicy"", ""allow_memory_query"": false, ""allow_hard_retrieve"": false, ""allow_soft_reuse"": false, ""query_result"": """", ""candidate_count"": 0, ""best_candidate_frame_id"": null, ""best_candidate_score"": 0.0, ""best_candidate_pose_distance"": 0.0, ""best_candidate_yaw_delta"": 0.0, ""best_candidate_frame_gap"": 0, ""target_window_ids"": """", ""retrieved_window_ids"": """", ""window_rank_reason"": """", ""trajectory_motion_state"": ""Starting"", ""trajectory_direction"": ""backward"", ""trajectory_frames"": 1, ""trajectory_distance"": 1.0, ""trajectory_should_progress"": false, ""trajectory_confidence"": 0.75, ""revisit_gate_allow_retrieve"": false, ""revisit_gate_allow_soft_reuse"": false, ""revisit_gate_force_progress"": false, ""revisit_gate_protect_current"": false, ""revisit_gate_reason"": ""locomotion_only_orb_dominant"", ""selection_is_hard_retrieve"": false, ""selection_is_soft_reuse"": false, ""selection_is_progress"": false, ""action_mode"": ""Locomotion Only"", ""action_mode_confidence"": 1.0, ""action_mode_reason"": ""move=1.0000:Backward"", ""scheduler_path"": ""Locomotion Only->orb_locomotion"", ""turn_state"": ""StableNewView"", ""turn_confidence"": 1.0, ""turn_duration"": 0, ""turn_direction"": ""right"", ""turn_reason"": ""stable"", ""window_layout_type"": ""orb_locomotion"", ""window_reason"": ""StableNewView:orb_locomotion"", ""frame_index"": 69, ""pose_x"": -0.6244339562879, ""pose_z"": 5.33449865305962, ""pose_yaw"": 0.2994791641831398, ""pose_pitch"": 0.0, ""delta_x"": -0.29502259314027096, ""delta_z"": -0.9554902770498453, ""local_delta_x"": 0.0, ""local_delta_z"": -1.0, ""delta_yaw"": 0.0, ""delta_pitch"": 0.0, ""movement_magnitude"": 1.0, ""rotation_magnitude"": 0.0, ""pose_confidence"": 1.0}"
Experiment001,72,1785822019.6460385,45,39,41,0.9772289581596851,depth,225280,0.9772289581596851,physmem_keep,34 39 39 42 43 44 45 46 47,stableworld_tri_9,9,1,7,70.64560521394014,,,,,0.9772289581596851,,,,Backward,1.0,0.6658057711862042,,KEEP,0.8025854825973511,,,,depth,0.9772289581596851,0.9772289581596851,"{""frame_id"": 72, ""current_frame_id"": 45, ""similarity"": 0.9772289581596851, ""similarity_type"": ""depth"", ""matching_points"": 225280, ""confidence"": 0.9772289581596851, ""decision"": ""physmem_keep"", ""memory_state"": [34, 39, 39, 42, 43, 44, 45, 46, 47], ""memory_id"": ""stableworld_tri_9"", ""memory_size"": 9, ""replace_count"": 1, ""keep_count"": 7, ""runtime"": 70.64560521394014, ""pose_event"": """", ""use_pose_memory"": true, ""view_intent"": ""None"", ""move_intent"": ""Backward"", ""has_view_motion"": false, ""has_move_motion"": true, ""action_explanation"": ""locomotion"", ""pose_delta_position"": 1.0, ""view_state"": ""Revisit"", ""view_confidence"": 0.8288690511669431, ""view_pose_distance"": 0.0, ""view_yaw_delta"": 0.1197916641831398, ""nearest_view_frame_id"": 45, ""memory_selection_mode"": ""orb_locomotion"", ""memory_selection_target"": null, ""memory_selection_anchor_type"": """", ""memory_selection_reason"": ""move=1.0000:Backward"", ""source_anchor_frame_id"": null, ""source_anchor_locked"": false, ""protected_anchor_ids"": """", ""loop_closure_detected"": false, ""turn_result"": """", ""policy_mode"": ""LocomotionPolicy"", ""allow_memory_query"": false, ""allow_hard_retrieve"": false, ""allow_soft_reuse"": false, ""query_result"": """", ""candidate_count"": 0, ""best_candidate_frame_id"": null, ""best_candidate_score"": 0.0, ""best_candidate_pose_distance"": 0.0, ""best_candidate_yaw_delta"": 0.0, ""best_candidate_frame_gap"": 0, ""target_window_ids"": """", ""retrieved_window_ids"": """", ""window_rank_reason"": """", ""trajectory_motion_state"": ""Progressing"", ""trajectory_direction"": ""backward"", ""trajectory_frames"": 2, ""trajectory_distance"": 2.0, ""trajectory_should_progress"": true, ""trajectory_confidence"": 1.0, ""revisit_gate_allow_retrieve"": false, ""revisit_gate_allow_soft_reuse"": false, ""revisit_gate_force_progress"": false, ""revisit_gate_protect_current"": false, ""revisit_gate_reason"": ""locomotion_only_orb_dominant"", ""selection_is_hard_retrieve"": false, ""selection_is_soft_reuse"": false, ""selection_is_progress"": false, ""action_mode"": ""Locomotion Only"", ""action_mode_confidence"": 1.0, ""action_mode_reason"": ""move=1.0000:Backward"", ""scheduler_path"": ""Locomotion Only->orb_locomotion"", ""turn_state"": ""StableNewView"", ""turn_confidence"": 1.0, ""turn_duration"": 0, ""turn_direction"": ""right"", ""turn_reason"": ""stable"", ""window_layout_type"": ""orb_locomotion"", ""window_reason"": ""StableNewView:orb_locomotion"", ""frame_index"": 72, ""pose_x"": -0.919456549428171, ""pose_z"": 4.379008376009774, ""pose_yaw"": 0.2994791641831398, ""pose_pitch"": 0.0, ""delta_x"": -0.29502259314027096, ""delta_z"": -0.9554902770498453, ""local_delta_x"": 0.0, ""local_delta_z"": -1.0, ""delta_yaw"": 0.0, ""delta_pitch"": 0.0, ""movement_magnitude"": 1.0, ""rotation_magnitude"": 0.0, ""pose_confidence"": 1.0}"
Experiment001,75,1785822021.654765,48,39,44,0.9569351859390736,depth,225280,0.9569351859390736,physmem_keep,34 39 39 45 46 47 48 49 50,stableworld_tri_9,9,1,6,75.04277396947145,,,,,0.9569351859390736,,,,Viewpoint Locomotion,0.4714045348399812,0.6674924598460605,,KEEP,0.7892365455627441,,,,depth,0.9569351859390736,0.9569351859390736,"{""frame_id"": 75, ""current_frame_id"": 48, ""similarity"": 0.9569351859390736, ""similarity_type"": ""depth"", ""matching_points"": 225280, ""confidence"": 0.9569351859390736, ""decision"": ""physmem_keep"", ""memory_state"": [34, 39, 39, 45, 46, 47, 48, 49, 50], ""memory_id"": ""stableworld_tri_9"", ""memory_size"": 9, ""replace_count"": 1, ""keep_count"": 6, ""runtime"": 75.04277396947145, ""pose_event"": """", ""use_pose_memory"": true, ""view_intent"": ""Turn Left"", ""move_intent"": ""Walk"", ""has_view_motion"": true, ""has_move_motion"": true, ""action_explanation"": ""viewpoint_locomotion"", ""pose_delta_position"": 0.47140453483998124, ""view_state"": ""Revisit"", ""view_confidence"": 0.6285316493923935, ""view_pose_distance"": 0.47140453483998124, ""view_yaw_delta"": 0.0400390625, ""nearest_view_frame_id"": 45, ""memory_selection_mode"": ""protect_current"", ""memory_selection_target"": null, ""memory_selection_anchor_type"": """", ""memory_selection_reason"": ""move=0.4714:view=0.0400:Viewpoint Locomotion"", ""source_anchor_frame_id"": 39, ""source_anchor_locked"": true, ""protected_anchor_ids"": ""39"", ""loop_closure_detected"": false, ""turn_result"": ""TurnStart"", ""policy_mode"": ""TurnStartPolicy"", ""allow_memory_query"": false, ""allow_hard_retrieve"": false, ""allow_soft_reuse"": false, ""query_result"": """", ""candidate_count"": 0, ""best_candidate_frame_id"": null, ""best_candidate_score"": 0.0, ""best_candidate_pose_distance"": 0.0, ""best_candidate_yaw_delta"": 0.0, ""best_candidate_frame_gap"": 0, ""target_window_ids"": """", ""retrieved_window_ids"": """", ""window_rank_reason"": """", ""trajectory_motion_state"": ""Starting"", ""trajectory_direction"": ""forward"", ""trajectory_frames"": 1, ""trajectory_distance"": 0.4714045348399812, ""trajectory_should_progress"": false, ""trajectory_confidence"": 0.75, ""revisit_gate_allow_retrieve"": false, ""revisit_gate_allow_soft_reuse"": false, ""revisit_gate_force_progress"": false, ""revisit_gate_protect_current"": false, ""revisit_gate_reason"": ""revisit_blocked_by_motion:0.4714"", ""selection_is_hard_retrieve"": false, ""selection_is_soft_reuse"": false, ""selection_is_progress"": false, ""action_mode"": ""Viewpoint Locomotion"", ""action_mode_confidence"": 0.47140453483998124, ""action_mode_reason"": ""move=0.4714:view=0.0400:Viewpoint Locomotion"", ""scheduler_path"": ""Viewpoint Locomotion->protect_current"", ""turn_state"": ""TurnStart"", ""turn_confidence"": 0.50048828125, ""turn_duration"": 1, ""turn_direction"": ""left"", ""turn_reason"": ""rotation=0.0400"", ""window_layout_type"": ""protect_current"", ""window_reason"": ""TurnStart:protect_current"", ""frame_index"": 75, ""pose_x"": -1.147912671552907, ""pose_z"": 4.791355360637317, ""pose_yaw"": 0.2594401016831398, ""pose_pitch"": 0.0, ""delta_x"": -0.228456122124736, ""delta_z"": 0.4123469846275425, ""local_delta_x"": -0.3333333432674408, ""local_delta_z"": 0.3333333432674408, ""delta_yaw"": -0.0400390625, ""delta_pitch"": 0.0, ""movement_magnitude"": 0.47140453483998124, ""rotation_magnitude"": 0.0400390625, ""pose_confidence"": 0.9428090696799624}"
Experiment001,78,1785822023.676828,51,39,47,0.9765891768038273,depth,225280,0.9765891768038273,physmem_insert,39 39 46 47 48 49 50 51 52,stableworld_tri_9,9,1,7,75.13211760669947,,,,,0.9765891768038273,,,,Viewpoint Locomotion,1.201850436175566,0.5888046176839841,,INSERT,0.6886247396469116,,,,depth,0.9765891768038273,0.9765891768038273,"{""frame_id"": 78, ""current_frame_id"": 51, ""similarity"": 0.9765891768038273, ""similarity_type"": ""depth"", ""matching_points"": 225280, ""confidence"": 0.9765891768038273, ""decision"": ""physmem_insert"", ""memory_state"": [39, 39, 46, 47, 48, 49, 50, 51, 52], ""memory_id"": ""stableworld_tri_9"", ""memory_size"": 9, ""replace_count"": 1, ""keep_count"": 7, ""runtime"": 75.13211760669947, ""pose_event"": """", ""use_pose_memory"": true, ""view_intent"": ""Turn Left"", ""move_intent"": ""Walk"", ""has_view_motion"": true, ""has_move_motion"": true, ""action_explanation"": ""viewpoint_locomotion"", ""pose_delta_position"": 1.201850436175566, ""view_state"": ""Novel View"", ""view_confidence"": 0.5, ""view_pose_distance"": 1.117582702729579, ""view_yaw_delta"": 0.1201171875, ""nearest_view_frame_id"": 36, ""key_anchor_frame_id"": 51, ""key_anchor_type"": ""forward_anchor"", ""key_anchor_reason"": ""hybrid_forward_progress"", ""memory_selection_mode"": ""turn_transition"", ""memory_selection_target"": null, ""memory_selection_anchor_type"": """", ""memory_selection_reason"": ""rotation=0.0801"", ""source_anchor_frame_id"": 39, ""source_anchor_locked"": true, ""protected_anchor_ids"": ""39"", ""loop_closure_detected"": false, ""turn_result"": ""UnstableTransition"", ""policy_mode"": ""ViewTransitionPolicy"", ""allow_memory_query"": false, ""allow_hard_retrieve"": false, ""allow_soft_reuse"": false, ""query_result"": """", ""candidate_count"": 0, ""best_candidate_frame_id"": null, ""best_candidate_score"": 0.0, ""best_candidate_pose_distance"": 0.0, ""best_candidate_yaw_delta"": 0.0, ""best_candidate_frame_gap"": 0, ""target_window_ids"": """", ""retrieved_window_ids"": """", ""window_rank_reason"": """", ""trajectory_motion_state"": ""Progressing"", ""trajectory_direction"": ""forward"", ""trajectory_frames"": 2, ""trajectory_distance"": 1.673254971015547, ""trajectory_should_progress"": true, ""trajectory_confidence"": 1.0, ""revisit_gate_allow_retrieve"": false, ""revisit_gate_allow_soft_reuse"": false, ""revisit_gate_force_progress"": true, ""revisit_gate_protect_current"": false, ""revisit_gate_reason"": ""hybrid_forward_progress"", ""selection_is_hard_retrieve"": false, ""selection_is_soft_reuse"": false, ""selection_is_progress"": false, ""action_mode"": ""Viewpoint Locomotion"", ""action_mode_confidence"": 1.0, ""action_mode_reason"": ""move=1.2019:view=0.0801:Viewpoint Locomotion"", ""scheduler_path"": ""Viewpoint Locomotion->turn_transition"", ""turn_state"": ""TurnInProgress"", ""turn_confidence"": 1.0, ""turn_duration"": 2, ""turn_direction"": ""left"", ""turn_reason"": ""rotation=0.0801"", ""window_layout_type"": ""turn_transition"", ""window_reason"": ""TurnInProgress:turn_transition"", ""frame_index"": 78, ""pose_x"": -1.5809529548161665, ""pose_z"": 5.912480056648725, ""pose_yaw"": 0.1793619766831398, ""pose_pitch"": 0.0, ""delta_x"": -0.4330402832632595, ""delta_z"": 1.121124696011409, ""local_delta_x"": -0.6666666865348816, ""local_delta_z"": 1.0, ""delta_yaw"": -0.080078125, ""delta_pitch"": 0.0, ""movement_magnitude"": 1.201850436175566, ""rotation_magnitude"": 0.080078125, ""pose_confidence"": 1.0}"
Experiment001,81,1785822025.3469048,53,46,49,0.9233946725726128,depth,225280,0.9233946725726128,physmem_insert,39 39 48 49 50 51 52 53 54,stableworld_tri_9,9,1,7,16.09657285735011,,,,,0.9233946725726128,,,,Viewpoint Locomotion,0.6666666865348816,0.5845814521450348,,INSERT,0.6621114015579224,,,,depth,0.9233946725726128,0.9233946725726128,"{""frame_id"": 81, ""current_frame_id"": 53, ""similarity"": 0.9233946725726128, ""similarity_type"": ""depth"", ""matching_points"": 225280, ""confidence"": 0.9233946725726128, ""decision"": ""physmem_insert"", ""memory_state"": [39, 39, 48, 49, 50, 51, 52, 53, 54], ""memory_id"": ""stableworld_tri_9"", ""memory_size"": 9, ""replace_count"": 1, ""keep_count"": 7, ""runtime"": 16.09657285735011, ""pose_event"": """", ""use_pose_memory"": true, ""view_intent"": ""Turn Right"", ""move_intent"": ""Walk"", ""has_view_motion"": true, ""has_move_motion"": true, ""action_explanation"": ""viewpoint_locomotion"", ""pose_delta_position"": 0.6666666865348816, ""view_state"": ""Revisit"", ""view_confidence"": 0.4983568815957934, ""view_pose_distance"": 0.6666666865348814, ""view_yaw_delta"": 0.0400390625, ""nearest_view_frame_id"": 51, ""memory_selection_mode"": ""turn_transition"", ""memory_selection_target"": null, ""memory_selection_anchor_type"": """", ""memory_selection_reason"": ""rotation=0.0400"", ""source_anchor_frame_id"": 39, ""source_anchor_locked"": true, ""protected_anchor_ids"": ""39"", ""loop_closure_detected"": false, ""turn_result"": ""UnstableTransition"", ""policy_mode"": ""ViewTransitionPolicy"", ""allow_memory_query"": false, ""allow_hard_retrieve"": false, ""allow_soft_reuse"": false, ""query_result"": """", ""candidate_count"": 0, ""best_candidate_frame_id"": null, ""best_candidate_score"": 0.0, ""best_candidate_pose_distance"": 0.0, ""best_candidate_yaw_delta"": 0.0, ""best_candidate_frame_gap"": 0, ""target_window_ids"": """", ""retrieved_window_ids"": """", ""window_rank_reason"": """", ""trajectory_motion_state"": ""Progressing"", ""trajectory_direction"": ""forward"", ""trajectory_frames"": 3, ""trajectory_distance"": 2.3399216575504287, ""trajectory_should_progress"": true, ""trajectory_confidence"": 1.0, ""revisit_gate_allow_retrieve"": false, ""revisit_gate_allow_soft_reuse"": false, ""revisit_gate_force_progress"": true, ""revisit_gate_protect_current"": false, ""revisit_gate_reason"": ""hybrid_forward_progress"", ""selection_is_hard_retrieve"": false, ""selection_is_soft_reuse"": false, ""selection_is_progress"": false, ""action_mode"": ""Viewpoint Locomotion"", ""action_mode_confidence"": 0.6666666865348816, ""action_mode_reason"": ""move=0.6667:view=0.0400:Viewpoint Locomotion"", ""scheduler_path"": ""Viewpoint Locomotion->turn_transition"", ""turn_state"": ""TurnInProgress"", ""turn_confidence"": 0.50048828125, ""turn_duration"": 3, ""turn_direction"": ""right"", ""turn_reason"": ""rotation=0.0400"", ""window_layout_type"": ""turn_transition"", ""window_reason"": ""TurnInProgress:turn_transition"", ""frame_index"": 81, ""pose_x"": -1.4489108645932807, ""pose_z"": 6.565939586646543, ""pose_yaw"": 0.2194010391831398, ""pose_pitch"": 0.0, ""delta_x"": 0.13204209022288574, ""delta_z"": 0.6534595299978181, ""local_delta_x"": 0.0, ""local_delta_z"": 0.6666666865348816, ""delta_yaw"": 0.0400390625, ""delta_pitch"": 0.0, ""movement_magnitude"": 0.6666666865348816, ""rotation_magnitude"": 0.0400390625, ""pose_confidence"": 1.0}"
Experiment001,84,1785822027.2804039,55,48,51,0.8856719210743904,depth,225280,0.8856719210743904,physmem_keep,46 47 39 48 49 50 51 52 53,stableworld_tri_9,9,1,8,68.79416480660439,,,,,0.8856719210743904,,,,Turn Right,0.080078125,0.6193163706754732,,KEEP,0.6203237175941467,,,,depth,0.8856719210743904,0.8856719210743904,"{""frame_id"": 84, ""current_frame_id"": 55, ""similarity"": 0.8856719210743904, ""similarity_type"": ""depth"", ""matching_points"": 225280, ""confidence"": 0.8856719210743904, ""decision"": ""physmem_keep"", ""memory_state"": [46, 47, 39, 48, 49, 50, 51, 52, 53], ""memory_id"": ""stableworld_tri_9"", ""memory_size"": 9, ""replace_count"": 1, ""keep_count"": 8, ""runtime"": 68.79416480660439, ""pose_event"": """", ""use_pose_memory"": true, ""view_intent"": ""Turn Right"", ""move_intent"": ""None"", ""has_view_motion"": true, ""has_move_motion"": false, ""action_explanation"": ""viewpoint_change"", ""pose_delta_position"": 0.0, ""view_state"": ""Revisit"", ""view_confidence"": 0.8856026785714286, ""view_pose_distance"": 0.0, ""view_yaw_delta"": 0.080078125, ""nearest_view_frame_id"": 53, ""memory_selection_mode"": ""retrieve_window"", ""memory_selection_target"": 53, ""memory_selection_anchor_type"": ""pose_path_window"", ""memory_selection_reason"": ""pose_path_window:yaw=0.0801:pose=0.0000:gap=2:fid=0.176:stab=1.000:tier0=0.0:score=0.596"", ""source_anchor_frame_id"": 39, ""source_anchor_locked"": true, ""protected_anchor_ids"": ""39 46"", ""loop_closure_detected"": true, ""turn_result"": ""ReturnToKnownView"", ""policy_mode"": ""RevisitPolicy"", ""allow_memory_query"": true, ""allow_hard_retrieve"": true, ""allow_soft_reuse"": true, ""query_result"": ""matched_window"", ""candidate_count"": 8, ""best_candidate_frame_id"": 53, ""best_candidate_score"": 0.5955195713299132, ""best_candidate_pose_distance"": 0.0, ""best_candidate_yaw_delta"": 0.080078125, ""best_candidate_frame_gap"": 2, ""target_window_ids"": ""39 39 46 47 48 49 50 51 52"", ""retrieved_window_ids"": ""39 39 46 47 48 49 50 51 52"", ""window_rank_reason"": ""yaw=0.0801:pose=0.0000:gap=2:fid=0.176:stab=1.000:tier0=0.0:score=0.596"", ""trajectory_motion_state"": ""Idle"", ""trajectory_direction"": ""none"", ""trajectory_frames"": 0, ""trajectory_distance"": 0.0, ""trajectory_should_progress"": false, ""trajectory_confidence"": 0.0, ""revisit_gate_allow_retrieve"": true, ""revisit_gate_allow_soft_reuse"": false, ""revisit_gate_force_progress"": false, ""revisit_gate_protect_current"": false, ""revisit_gate_reason"": ""stable_revisit"", ""selection_is_hard_retrieve"": false, ""selection_is_soft_reuse"": false, ""selection_is_progress"": false, ""action_mode"": ""View Rotation Only"", ""action_mode_confidence"": 0.44487847222222227, ""action_mode_reason"": ""view=0.0801:Turn Right"", ""scheduler_path"": ""View Rotation Only->retrieve_window"", ""turn_state"": ""TurnInProgress"", ""turn_confidence"": 1.0, ""turn_duration"": 4, ""turn_direction"": ""right"", ""turn_reason"": ""rotation=0.0801"", ""window_layout_type"": ""retrieve_window"", ""window_reason"": ""TurnInProgress:retrieve_window"", ""frame_index"": 84, ""pose_x"": -1.4489108645932807, ""pose_z"": 6.565939586646543, ""pose_yaw"": 0.2994791641831398, ""pose_pitch"": 0.0, ""delta_x"": 0.0, ""delta_z"": 0.0, ""local_delta_x"": 0.0, ""local_delta_z"": 0.0, ""delta_yaw"": 0.080078125, ""delta_pitch"": 0.0, ""movement_magnitude"": 0.0, ""rotation_magnitude"": 0.080078125, ""pose_confidence"": 0.80078125}"
Experiment001,87,1785822028.3395019,54,39,50,0.9507853128015995,depth,225280,0.9507853128015995,physmem_keep,46 47 39 51 52 53 54 55 56,stableworld_tri_9,9,1,6,127.98878876492381,,,,,0.9507853128015995,,,,Walk,0.6666666865348816,0.5922279106961309,,KEEP,0.6330460906028748,,,,depth,0.9507853128015995,0.9507853128015995,"{""frame_id"": 87, ""current_frame_id"": 54, ""similarity"": 0.9507853128015995, ""similarity_type"": ""depth"", ""matching_points"": 225280, ""confidence"": 0.9507853128015995, ""decision"": ""physmem_keep"", ""memory_state"": [46, 47, 39, 51, 52, 53, 54, 55, 56], ""memory_id"": ""stableworld_tri_9"", ""memory_size"": 9, ""replace_count"": 1, ""keep_count"": 6, ""runtime"": 127.98878876492381, ""pose_event"": """", ""use_pose_memory"": true, ""view_intent"": ""None"", ""move_intent"": ""Walk"", ""has_view_motion"": false, ""has_move_motion"": true, ""action_explanation"": ""locomotion"", ""pose_delta_position"": 0.6666666865348816, ""view_state"": ""Revisit"", ""view_confidence"": 0.44115822088150747, ""view_pose_distance"": 0.6666666865348816, ""view_yaw_delta"": 0.080078125, ""nearest_view_frame_id"": 53, ""memory_selection_mode"": ""orb_locomotion"", ""memory_selection_target"": null, ""memory_selection_anchor_type"": """", ""memory_selection_reason"": ""move=0.6667:Walk"", ""source_anchor_frame_id"": null, ""source_anchor_locked"": false, ""protected_anchor_ids"": """", ""loop_closure_detected"": false, ""turn_result"": """", ""policy_mode"": ""LocomotionPolicy"", ""allow_memory_query"": false, ""allow_hard_retrieve"": false, ""allow_soft_reuse"": false, ""query_result"": """", ""candidate_count"": 0, ""best_candidate_frame_id"": null, ""best_candidate_score"": 0.0, ""best_candidate_pose_distance"": 0.0, ""best_candidate_yaw_delta"": 0.0, ""best_candidate_frame_gap"": 0, ""target_window_ids"": """", ""retrieved_window_ids"": """", ""window_rank_reason"": """", ""trajectory_motion_state"": ""Starting"", ""trajectory_direction"": ""forward"", ""trajectory_frames"": 1, ""trajectory_distance"": 0.6666666865348816, ""trajectory_should_progress"": false, ""trajectory_confidence"": 0.75, ""revisit_gate_allow_retrieve"": false, ""revisit_gate_allow_soft_reuse"": false, ""revisit_gate_force_progress"": false, ""revisit_gate_protect_current"": false, ""revisit_gate_reason"": ""locomotion_only_orb_dominant"", ""selection_is_hard_retrieve"": false, ""selection_is_soft_reuse"": false, ""selection_is_progress"": false, ""action_mode"": ""Locomotion Only"", ""action_mode_confidence"": 0.6666666865348816, ""action_mode_reason"": ""move=0.6667:Walk"", ""scheduler_path"": ""Locomotion Only->orb_locomotion"", ""turn_state"": ""PostTurnStabilization"", ""turn_confidence"": 1.0, ""turn_duration"": 1, ""turn_direction"": ""right"", ""turn_reason"": ""mouse_stopped_after_turn"", ""window_layout_type"": ""orb_locomotion"", ""window_reason"": ""PostTurnStabilization:orb_locomotion"", ""frame_index"": 87, ""pose_x"": -1.2522291299715278, ""pose_z"": 7.20293312366366, ""pose_yaw"": 0.2994791641831398, ""pose_pitch"": 0.0, ""delta_x"": 0.19668173462175292, ""delta_z"": 0.6369935370171164, ""local_delta_x"": 0.0, ""local_delta_z"": 0.6666666865348816, ""delta_yaw"": 0.0, ""delta_pitch"": 0.0, ""movement_magnitude"": 0.6666666865348816, ""rotation_magnitude"": 0.0, ""pose_confidence"": 1.0}"
Experiment001,90,1785822029.3271484,57,39,53,0.9293384999036789,depth,225280,0.9293384999036789,physmem_keep,46 47 39 54 55 56 57 58 59,stableworld_tri_9,9,1,6,65.25652669370174,,,,,0.9293384999036789,,,,Walk,1.201850436175566,0.5660419563545009,,KEEP,0.6179088950157166,,,,depth,0.9293384999036789,0.9293384999036789,"{""frame_id"": 90, ""current_frame_id"": 57, ""similarity"": 0.9293384999036789, ""similarity_type"": ""depth"", ""matching_points"": 225280, ""confidence"": 0.9293384999036789, ""decision"": ""physmem_keep"", ""memory_state"": [46, 47, 39, 54, 55, 56, 57, 58, 59], ""memory_id"": ""stableworld_tri_9"", ""memory_size"": 9, ""replace_count"": 1, ""keep_count"": 6, ""runtime"": 65.25652669370174, ""pose_event"": """", ""use_pose_memory"": true, ""view_intent"": ""None"", ""move_intent"": ""Walk"", ""has_view_motion"": false, ""has_move_motion"": true, ""action_explanation"": ""locomotion"", ""pose_delta_position"": 1.201850436175566, ""view_state"": ""Novel View"", ""view_confidence"": 0.5, ""view_pose_distance"": 1.2018504361755658, ""view_yaw_delta"": 0.0, ""nearest_view_frame_id"": 54, ""memory_selection_mode"": ""orb_locomotion"", ""memory_selection_target"": null, ""memory_selection_anchor_type"": """", ""memory_selection_reason"": ""move=1.2019:Walk"", ""source_anchor_frame_id"": null, ""source_anchor_locked"": false, ""protected_anchor_ids"": """", ""loop_closure_detected"": false, ""turn_result"": """", ""policy_mode"": ""LocomotionPolicy"", ""allow_memory_query"": false, ""allow_hard_retrieve"": false, ""allow_soft_reuse"": false, ""query_result"": """", ""candidate_count"": 0, ""best_candidate_frame_id"": null, ""best_candidate_score"": 0.0, ""best_candidate_pose_distance"": 0.0, ""best_candidate_yaw_delta"": 0.0, ""best_candidate_frame_gap"": 0, ""target_window_ids"": """", ""retrieved_window_ids"": """", ""window_rank_reason"": """", ""trajectory_motion_state"": ""Progressing"", ""trajectory_direction"": ""forward"", ""trajectory_frames"": 2, ""trajectory_distance"": 1.8685171227104476, ""trajectory_should_progress"": true, ""trajectory_confidence"": 1.0, ""revisit_gate_allow_retrieve"": false, ""revisit_gate_allow_soft_reuse"": false, ""revisit_gate_force_progress"": false, ""revisit_gate_protect_current"": false, ""revisit_gate_reason"": ""locomotion_only_orb_dominant"", ""selection_is_hard_retrieve"": false, ""selection_is_soft_reuse"": false, ""selection_is_progress"": false, ""action_mode"": ""Locomotion Only"", ""action_mode_confidence"": 1.0, ""action_mode_reason"": ""move=1.2019:Walk"", ""scheduler_path"": ""Locomotion Only->orb_locomotion"", ""turn_state"": ""PostTurnStabilization"", ""turn_confidence"": 0.5, ""turn_duration"": 2, ""turn_direction"": ""right"", ""turn_reason"": ""mouse_stopped_after_turn"", ""window_layout_type"": ""orb_locomotion"", ""window_reason"": ""PostTurnStabilization:orb_locomotion"", ""frame_index"": 90, ""pose_x"": -1.5942000738483733, ""pose_z"": 8.355105135335258, ""pose_yaw"": 0.2994791641831398, ""pose_pitch"": 0.0, ""delta_x"": -0.3419709438768454, ""delta_z"": 1.1521720116715983, ""local_delta_x"": -0.6666666865348816, ""local_delta_z"": 1.0, ""delta_yaw"": 0.0, ""delta_pitch"": 0.0, ""movement_magnitude"": 1.201850436175566, ""rotation_magnitude"": 0.0, ""pose_confidence"": 1.0}"
Experiment001,93,1785822030.3900342,60,39,56,0.9194108545780182,depth,225280,0.9194108545780182,physmem_insert,46 39 55 56 57 58 59 60 61,stableworld_tri_9,9,1,7,66.62103813141584,,,,,0.9194108545780182,,,,Viewpoint Locomotion,0.4714045348399812,0.5344774540701688,,INSERT,0.592281699180603,,,,depth,0.9194108545780182,0.9194108545780182,"{""frame_id"": 93, ""current_frame_id"": 60, ""similarity"": 0.9194108545780182, ""similarity_type"": ""depth"", ""matching_points"": 225280, ""confidence"": 0.9194108545780182, ""decision"": ""physmem_insert"", ""memory_state"": [46, 39, 55, 56, 57, 58, 59, 60, 61], ""memory_id"": ""stableworld_tri_9"", ""memory_size"": 9, ""replace_count"": 1, ""keep_count"": 7, ""runtime"": 66.62103813141584, ""pose_event"": """", ""use_pose_memory"": true, ""view_intent"": ""Turn Left"", ""move_intent"": ""Walk"", ""has_view_motion"": true, ""has_move_motion"": true, ""action_explanation"": ""viewpoint_locomotion"", ""pose_delta_position"": 0.4714045348399812, ""view_state"": ""Revisit"", ""view_confidence"": 0.5145993612736219, ""view_pose_distance"": 0.4714045348399818, ""view_yaw_delta"": 0.1197916641831398, ""nearest_view_frame_id"": 57, ""key_anchor_frame_id"": 60, ""key_anchor_type"": ""forward_anchor"", ""key_anchor_reason"": ""hybrid_forward_progress"", ""memory_selection_mode"": ""protect_current"", ""memory_selection_target"": null, ""memory_selection_anchor_type"": """", ""memory_selection_reason"": ""move=0.4714:view=0.1198:Viewpoint Locomotion"", ""source_anchor_frame_id"": 39, ""source_anchor_locked"": true, ""protected_anchor_ids"": ""39"", ""loop_closure_detected"": false, ""turn_result"": ""TurnStart"", ""policy_mode"": ""TurnStartPolicy"", ""allow_memory_query"": false, ""allow_hard_retrieve"": false, ""allow_soft_reuse"": false, ""query_result"": """", ""candidate_count"": 0, ""best_candidate_frame_id"": null, ""best_candidate_score"": 0.0, ""best_candidate_pose_distance"": 0.0, ""best_candidate_yaw_delta"": 0.0, ""best_candidate_frame_gap"": 0, ""target_window_ids"": """", ""retrieved_window_ids"": """", ""window_rank_reason"": """", ""trajectory_motion_state"": ""Progressing"", ""trajectory_direction"": ""forward"", ""trajectory_frames"": 3, ""trajectory_distance"": 2.3399216575504287, ""trajectory_should_progress"": true, ""trajectory_confidence"": 1.0, ""revisit_gate_allow_retrieve"": false, ""revisit_gate_allow_soft_reuse"": false, ""revisit_gate_force_progress"": true, ""revisit_gate_protect_current"": false, ""revisit_gate_reason"": ""hybrid_forward_progress"", ""selection_is_hard_retrieve"": false, ""selection_is_soft_reuse"": false, ""selection_is_progress"": false, ""action_mode"": ""Viewpoint Locomotion"", ""action_mode_confidence"": 0.4714045348399812, ""action_mode_reason"": ""move=0.4714:view=0.1198:Viewpoint Locomotion"", ""scheduler_path"": ""Viewpoint Locomotion->protect_current"", ""turn_state"": ""TurnStart"", ""turn_confidence"": 1.0, ""turn_duration"": 1, ""turn_direction"": ""left"", ""turn_reason"": ""rotation=0.1198"", ""window_layout_type"": ""protect_current"", ""window_reason"": ""TurnStart:protect_current"", ""frame_index"": 93, ""pose_x"": -1.838913098856342, ""pose_z"": 8.758016752019548, ""pose_yaw"": 0.1796875, ""pose_pitch"": 0.0, ""delta_x"": -0.24471302500796882, ""delta_z"": 0.40291161668429004, ""local_delta_x"": -0.3333333432674408, ""local_delta_z"": 0.3333333432674408, ""delta_yaw"": -0.1197916641831398, ""delta_pitch"": 0.0, ""movement_magnitude"": 0.4714045348399812, ""rotation_magnitude"": 0.1197916641831398, ""pose_confidence"": 1.0}"
Experiment001,96,1785822032.063658,62,55,58,0.9003780335187912,depth,225280,0.9003780335187912,physmem_keep,46 39 55 59 60 61 62 63 64,stableworld_tri_9,9,1,6,150.97702806815505,,,,,0.9003780335187912,,,,Turn Left,0.1796875,0.5908728759234683,,KEEP,0.7074977159500122,,,,depth,0.9003780335187912,0.9003780335187912,"{""frame_id"": 96, ""current_frame_id"": 62, ""similarity"": 0.9003780335187912, ""similarity_type"": ""depth"", ""matching_points"": 225280, ""confidence"": 0.9003780335187912, ""decision"": ""physmem_keep"", ""memory_state"": [46, 39, 55, 59, 60, 61, 62, 63, 64], ""memory_id"": ""stableworld_tri_9"", ""memory_size"": 9, ""replace_count"": 1, ""keep_count"": 6, ""runtime"": 150.97702806815505, ""pose_event"": """", ""use_pose_memory"": true, ""view_intent"": ""Turn Left"", ""move_intent"": ""None"", ""has_view_motion"": true, ""has_move_motion"": false, ""action_explanation"": ""viewpoint_change"", ""pose_delta_position"": 0.0, ""view_state"": ""View Transition"", ""view_confidence"": 0.5989583333333334, ""view_pose_distance"": 0.0, ""view_yaw_delta"": 0.1796875, ""nearest_view_frame_id"": 60, ""memory_selection_mode"": ""turn_transition"", ""memory_selection_target"": null, ""memory_selection_anchor_type"": """", ""memory_selection_reason"": ""rotation=0.1797"", ""source_anchor_frame_id"": 39, ""source_anchor_locked"": true, ""protected_anchor_ids"": ""39"", ""loop_closure_detected"": false, ""turn_result"": ""UnstableTransition"", ""policy_mode"": ""ViewTransitionPolicy"", ""allow_memory_query"": false, ""allow_hard_retrieve"": false, ""allow_soft_reuse"": false, ""query_result"": """", ""candidate_count"": 0, ""best_candidate_frame_id"": null, ""best_candidate_score"": 0.0, ""best_candidate_pose_distance"": 0.0, ""best_candidate_yaw_delta"": 0.0, ""best_candidate_frame_gap"": 0, ""target_window_ids"": """", ""retrieved_window_ids"": """", ""window_rank_reason"": """", ""trajectory_motion_state"": ""Idle"", ""trajectory_direction"": ""none"", ""trajectory_frames"": 0, ""trajectory_distance"": 0.0, ""trajectory_should_progress"": false, ""trajectory_confidence"": 0.0, ""revisit_gate_allow_retrieve"": false, ""revisit_gate_allow_soft_reuse"": false, ""revisit_gate_force_progress"": false, ""revisit_gate_protect_current"": true, ""revisit_gate_reason"": ""view_transition"", ""selection_is_hard_retrieve"": false, ""selection_is_soft_reuse"": false, ""selection_is_progress"": false, ""action_mode"": ""View Rotation Only"", ""action_mode_confidence"": 0.998263888888889, ""action_mode_reason"": ""view=0.1797:Turn Left"", ""scheduler_path"": ""View Rotation Only->turn_transition"", ""turn_state"": ""TurnInProgress"", ""turn_confidence"": 1.0, ""turn_duration"": 2, ""turn_direction"": ""left"", ""turn_reason"": ""rotation=0.1797"", ""window_layout_type"": ""turn_transition"", ""window_reason"": ""TurnInProgress:turn_transition"", ""frame_index"": 96, ""pose_x"": -1.838913098856342, ""pose_z"": 8.758016752019548, ""pose_yaw"": 0.0, ""pose_pitch"": 0.0, ""delta_x"": 0.0, ""delta_z"": 0.0, ""local_delta_x"": 0.0, ""local_delta_z"": 0.0, ""delta_yaw"": -0.1796875, ""delta_pitch"": 0.0, ""movement_magnitude"": 0.0, ""rotation_magnitude"": 0.1796875, ""pose_confidence"": 1.0}"
Experiment001,99,1785822034.09245,65,55,61,0.8838560953736305,depth,225280,0.8838560953736305,physmem_keep,47 54 56 57 58 46 39 55 59,stableworld_tri_9,9,1,4,87.1426248922944,,,,,0.8838560953736305,,,,Turn Right,0.0598958320915699,0.7345894867675584,,KEEP,0.6972905397415161,,,,depth,0.8838560953736305,0.8838560953736305,"{""frame_id"": 99, ""current_frame_id"": 65, ""similarity"": 0.8838560953736305, ""similarity_type"": ""depth"", ""matching_points"": 225280, ""confidence"": 0.8838560953736305, ""decision"": ""physmem_keep"", ""memory_state"": [47, 54, 56, 57, 58, 46, 39, 55, 59], ""memory_id"": ""stableworld_tri_9"", ""memory_size"": 9, ""replace_count"": 1, ""keep_count"": 4, ""runtime"": 87.1426248922944, ""pose_event"": """", ""use_pose_memory"": true, ""view_intent"": ""Turn Right"", ""move_intent"": ""None"", ""has_view_motion"": true, ""has_move_motion"": false, ""action_explanation"": ""viewpoint_change"", ""pose_delta_position"": 0.0, ""view_state"": ""Revisit"", ""view_confidence"": 0.8288690458450998, ""view_pose_distance"": 0.0, ""view_yaw_delta"": 0.1197916679084301, ""nearest_view_frame_id"": 60, ""memory_selection_mode"": ""retrieve_window"", ""memory_selection_target"": 60, ""memory_selection_anchor_type"": ""pose_path_window"", ""memory_selection_reason"": ""pose_path_window:yaw=0.1198:pose=0.0000:gap=5:fid=0.163:stab=1.000:tier0=0.0:score=0.663"", ""source_anchor_frame_id"": 39, ""source_anchor_locked"": true, ""protected_anchor_ids"": ""39 46 47"", ""loop_closure_detected"": true, ""turn_result"": ""ReturnToKnownView"", ""policy_mode"": ""RevisitPolicy"", ""allow_memory_query"": true, ""allow_hard_retrieve"": true, ""allow_soft_reuse"": true, ""query_result"": ""matched_window"", ""candidate_count"": 8, ""best_candidate_frame_id"": 60, ""best_candidate_score"": 0.663466780987066, ""best_candidate_pose_distance"": 0.0, ""best_candidate_yaw_delta"": 0.1197916679084301, ""best_candidate_frame_gap"": 5, ""target_window_ids"": ""46 47 39 54 55 56 57 58 59"", ""retrieved_window_ids"": ""46 47 39 54 55 56 57 58 59"", ""window_rank_reason"": ""yaw=0.1198:pose=0.0000:gap=5:fid=0.163:stab=1.000:tier0=0.0:score=0.663"", ""trajectory_motion_state"": ""Idle"", ""trajectory_direction"": ""none"", ""trajectory_frames"": 0, ""trajectory_distance"": 0.0, ""trajectory_should_progress"": false, ""trajectory_confidence"": 0.0, ""revisit_gate_allow_retrieve"": true, ""revisit_gate_allow_soft_reuse"": false, ""revisit_gate_force_progress"": false, ""revisit_gate_protect_current"": false, ""revisit_gate_reason"": ""stable_revisit"", ""selection_is_hard_retrieve"": false, ""selection_is_soft_reuse"": false, ""selection_is_progress"": false, ""action_mode"": ""View Rotation Only"", ""action_mode_confidence"": 0.3327546227309439, ""action_mode_reason"": ""view=0.0599:Turn Right"", ""scheduler_path"": ""View Rotation Only->retrieve_window"", ""turn_state"": ""TurnInProgress"", ""turn_confidence"": 0.7486979011446238, ""turn_duration"": 3, ""turn_direction"": ""right"", ""turn_reason"": ""rotation=0.0599"", ""window_layout_type"": ""retrieve_window"", ""window_reason"": ""TurnInProgress:retrieve_window"", ""frame_index"": 99, ""pose_x"": -1.838913098856342, ""pose_z"": 8.758016752019548, ""pose_yaw"": 0.0598958320915699, ""pose_pitch"": 0.0, ""delta_x"": 0.0, ""delta_z"": 0.0, ""local_delta_x"": 0.0, ""local_delta_z"": 0.0, ""delta_yaw"": 0.0598958320915699, ""delta_pitch"": 0.0, ""movement_magnitude"": 0.0, ""rotation_magnitude"": 0.0598958320915699, ""pose_confidence"": 0.598958320915699}"
Experiment001,102,1785822036.0495703,60,56,46,0.9124742224812508,depth,225280,0.9124742224812508,physmem_insert,56 57 58 46 39 55 59 60 61,stableworld_tri_9,9,1,7,18.836319912225008,,,,,0.9124742224812508,,,,Turn Right,0.1796875,0.5154068901213663,,INSERT,0.6139137148857117,,,,depth,0.9124742224812508,0.9124742224812508,"{""frame_id"": 102, ""current_frame_id"": 60, ""similarity"": 0.9124742224812508, ""similarity_type"": ""depth"", ""matching_points"": 225280, ""confidence"": 0.9124742224812508, ""decision"": ""physmem_insert"", ""memory_state"": [56, 57, 58, 46, 39, 55, 59, 60, 61], ""memory_id"": ""stableworld_tri_9"", ""memory_size"": 9, ""replace_count"": 1, ""keep_count"": 7, ""runtime"": 18.836319912225008, ""pose_event"": """", ""use_pose_memory"": true, ""view_intent"": ""Turn Right"", ""move_intent"": ""None"", ""has_view_motion"": true, ""has_move_motion"": false, ""action_explanation"": ""viewpoint_change"", ""pose_delta_position"": 0.0, ""view_state"": ""View Transition"", ""view_confidence"": 0.5989583333333334, ""view_pose_distance"": 0.0, ""view_yaw_delta"": 0.0598958320915699, ""nearest_view_frame_id"": 60, ""memory_selection_mode"": ""turn_transition"", ""memory_selection_target"": null, ""memory_selection_anchor_type"": """", ""memory_selection_reason"": ""rotation=0.1797"", ""source_anchor_frame_id"": 39, ""source_anchor_locked"": true, ""protected_anchor_ids"": ""39"", ""loop_closure_detected"": false, ""turn_result"": ""UnstableTransition"", ""policy_mode"": ""ViewTransitionPolicy"", ""allow_memory_query"": false, ""allow_hard_retrieve"": false, ""allow_soft_reuse"": false, ""query_result"": """", ""candidate_count"": 0, ""best_candidate_frame_id"": null, ""best_candidate_score"": 0.0, ""best_candidate_pose_distance"": 0.0, ""best_candidate_yaw_delta"": 0.0, ""best_candidate_frame_gap"": 0, ""target_window_ids"": """", ""retrieved_window_ids"": """", ""window_rank_reason"": """", ""trajectory_motion_state"": ""Idle"", ""trajectory_direction"": ""none"", ""trajectory_frames"": 0, ""trajectory_distance"": 0.0, ""trajectory_should_progress"": false, ""trajectory_confidence"": 0.0, ""revisit_gate_allow_retrieve"": false, ""revisit_gate_allow_soft_reuse"": false, ""revisit_gate_force_progress"": false, ""revisit_gate_protect_current"": true, ""revisit_gate_reason"": ""view_transition"", ""selection_is_hard_retrieve"": false, ""selection_is_soft_reuse"": false, ""selection_is_progress"": false, ""action_mode"": ""View Rotation Only"", ""action_mode_confidence"": 0.998263888888889, ""action_mode_reason"": ""view=0.1797:Turn Right"", ""scheduler_path"": ""View Rotation Only->turn_transition"", ""turn_state"": ""TurnInProgress"", ""turn_confidence"": 1.0, ""turn_duration"": 4, ""turn_direction"": ""right"", ""turn_reason"": ""rotation=0.1797"", ""window_layout_type"": ""turn_transition"", ""window_reason"": ""TurnInProgress:turn_transition"", ""frame_index"": 102, ""pose_x"": -1.838913098856342, ""pose_z"": 8.758016752019548, ""pose_yaw"": 0.2395833320915699, ""pose_pitch"": 0.0, ""delta_x"": 0.0, ""delta_z"": 0.0, ""local_delta_x"": 0.0, ""local_delta_z"": 0.0, ""delta_yaw"": 0.1796875, ""delta_pitch"": 0.0, ""movement_magnitude"": 0.0, ""rotation_magnitude"": 0.1796875, ""pose_confidence"": 1.0}"
Experiment001,105,1785822037.9770422,62,58,55,0.9003780335187912,depth,225280,0.9003780335187912,physmem_keep,47 54 56 57 58 46 39 55 59,stableworld_tri_9,9,1,7,17.064540646970272,,,,,0.9003780335187912,,,,Turn Right,0.0598958320915699,0.7549548704414565,,KEEP,0.7074977159500122,,,,depth,0.9003780335187912,0.9003780335187912,"{""frame_id"": 105, ""current_frame_id"": 62, ""similarity"": 0.9003780335187912, ""similarity_type"": ""depth"", ""matching_points"": 225280, ""confidence"": 0.9003780335187912, ""decision"": ""physmem_keep"", ""memory_state"": [47, 54, 56, 57, 58, 46, 39, 55, 59], ""memory_id"": ""stableworld_tri_9"", ""memory_size"": 9, ""replace_count"": 1, ""keep_count"": 7, ""runtime"": 17.064540646970272, ""pose_event"": """", ""use_pose_memory"": true, ""view_intent"": ""Turn Right"", ""move_intent"": ""None"", ""has_view_motion"": true, ""has_move_motion"": false, ""action_explanation"": ""viewpoint_change"", ""pose_delta_position"": 0.0, ""view_state"": ""Revisit"", ""view_confidence"": 0.9144345255834716, ""view_pose_distance"": 0.0, ""view_yaw_delta"": 0.0598958320915699, ""nearest_view_frame_id"": 60, ""memory_selection_mode"": ""retrieve_window"", ""memory_selection_target"": 60, ""memory_selection_anchor_type"": ""pose_path_window"", ""memory_selection_reason"": ""pose_path_window:yaw=0.0599:pose=0.0000:gap=2:fid=0.138:stab=1.000:tier0=0.0:score=0.599"", ""source_anchor_frame_id"": 39, ""source_anchor_locked"": true, ""protected_anchor_ids"": ""39 47 54 56"", ""loop_closure_detected"": true, ""turn_result"": ""ReturnToKnownView"", ""policy_mode"": ""RevisitPolicy"", ""allow_memory_query"": true, ""allow_hard_retrieve"": true, ""allow_soft_reuse"": true, ""query_result"": ""matched_window"", ""candidate_count"": 8, ""best_candidate_frame_id"": 60, ""best_candidate_score"": 0.598606575768835, ""best_candidate_pose_distance"": 0.0, ""best_candidate_yaw_delta"": 0.0598958320915699, ""best_candidate_frame_gap"": 2, ""target_window_ids"": ""47 54 56 57 58 46 39 55 59"", ""retrieved_window_ids"": ""47 54 56 57 58 46 39 55 59"", ""window_rank_reason"": ""yaw=0.0599:pose=0.0000:gap=2:fid=0.138:stab=1.000:tier0=0.0:score=0.599"", ""trajectory_motion_state"": ""Idle"", ""trajectory_direction"": ""none"", ""trajectory_frames"": 0, ""trajectory_distance"": 0.0, ""trajectory_should_progress"": false, ""trajectory_confidence"": 0.0, ""revisit_gate_allow_retrieve"": true, ""revisit_gate_allow_soft_reuse"": false, ""revisit_gate_force_progress"": false, ""revisit_gate_protect_current"": false, ""revisit_gate_reason"": ""stable_revisit"", ""selection_is_hard_retrieve"": false, ""selection_is_soft_reuse"": false, ""selection_is_progress"": false, ""action_mode"": ""View Rotation Only"", ""action_mode_confidence"": 0.3327546227309439, ""action_mode_reason"": ""view=0.0599:Turn Right"", ""scheduler_path"": ""View Rotation Only->retrieve_window"", ""turn_state"": ""TurnInProgress"", ""turn_confidence"": 0.7486979011446238, ""turn_duration"": 5, ""turn_direction"": ""right"", ""turn_reason"": ""rotation=0.0599"", ""window_layout_type"": ""retrieve_window"", ""window_reason"": ""TurnInProgress:retrieve_window"", ""frame_index"": 105, ""pose_x"": -1.838913098856342, ""pose_z"": 8.758016752019548, ""pose_yaw"": 0.2994791641831398, ""pose_pitch"": 0.0, ""delta_x"": 0.0, ""delta_z"": 0.0, ""local_delta_x"": 0.0, ""local_delta_z"": 0.0, ""delta_yaw"": 0.0598958320915699, ""delta_pitch"": 0.0, ""movement_magnitude"": 0.0, ""rotation_magnitude"": 0.0598958320915699, ""pose_confidence"": 0.598958320915699}"
Experiment001,108,1785822039.9222183,60,56,46,0.9124742224812508,depth,225280,0.9124742224812508,physmem_insert,57 58 46 39 55 59 60 61 62,stableworld_tri_9,9,1,6,21.485968958586454,,,,,0.9124742224812508,,,,Walk,1.0,0.5154068901213663,,INSERT,0.6139137148857117,,,,depth,0.9124742224812508,0.9124742224812508,"{""frame_id"": 108, ""current_frame_id"": 60, ""similarity"": 0.9124742224812508, ""similarity_type"": ""depth"", ""matching_points"": 225280, ""confidence"": 0.9124742224812508, ""decision"": ""physmem_insert"", ""memory_state"": [57, 58, 46, 39, 55, 59, 60, 61, 62], ""memory_id"": ""stableworld_tri_9"", ""memory_size"": 9, ""replace_count"": 1, ""keep_count"": 6, ""runtime"": 21.485968958586454, ""pose_event"": """", ""use_pose_memory"": true, ""view_intent"": ""None"", ""move_intent"": ""Walk"", ""has_view_motion"": false, ""has_move_motion"": true, ""action_explanation"": ""locomotion"", ""pose_delta_position"": 1.0, ""view_state"": ""Novel View"", ""view_confidence"": 0.5, ""view_pose_distance"": 1.0000000000000002, ""view_yaw_delta"": 0.0598958320915699, ""nearest_view_frame_id"": 60, ""memory_selection_mode"": ""orb_locomotion"", ""memory_selection_target"": null, ""memory_selection_anchor_type"": """", ""memory_selection_reason"": ""move=1.0000:Walk"", ""source_anchor_frame_id"": null, ""source_anchor_locked"": false, ""protected_anchor_ids"": """", ""loop_closure_detected"": false, ""turn_result"": """", ""policy_mode"": ""LocomotionPolicy"", ""allow_memory_query"": false, ""allow_hard_retrieve"": false, ""allow_soft_reuse"": false, ""query_result"": """", ""candidate_count"": 0, ""best_candidate_frame_id"": null, ""best_candidate_score"": 0.0, ""best_candidate_pose_distance"": 0.0, ""best_candidate_yaw_delta"": 0.0, ""best_candidate_frame_gap"": 0, ""target_window_ids"": """", ""retrieved_window_ids"": """", ""window_rank_reason"": """", ""trajectory_motion_state"": ""Starting"", ""trajectory_direction"": ""forward"", ""trajectory_frames"": 1, ""trajectory_distance"": 1.0, ""trajectory_should_progress"": false, ""trajectory_confidence"": 0.75, ""revisit_gate_allow_retrieve"": false, ""revisit_gate_allow_soft_reuse"": false, ""revisit_gate_force_progress"": false, ""revisit_gate_protect_current"": false, ""revisit_gate_reason"": ""locomotion_only_orb_dominant"", ""selection_is_hard_retrieve"": false, ""selection_is_soft_reuse"": false, ""selection_is_progress"": false, ""action_mode"": ""Locomotion Only"", ""action_mode_confidence"": 1.0, ""action_mode_reason"": ""move=1.0000:Walk"", ""scheduler_path"": ""Locomotion Only->orb_locomotion"", ""turn_state"": ""PostTurnStabilization"", ""turn_confidence"": 1.0, ""turn_duration"": 1, ""turn_direction"": ""right"", ""turn_reason"": ""mouse_stopped_after_turn"", ""window_layout_type"": ""orb_locomotion"", ""window_reason"": ""PostTurnStabilization:orb_locomotion"", ""frame_index"": 108, ""pose_x"": -1.543890505716071, ""pose_z"": 9.713507029069394, ""pose_yaw"": 0.2994791641831398, ""pose_pitch"": 0.0, ""delta_x"": 0.29502259314027096, ""delta_z"": 0.9554902770498453, ""local_delta_x"": 0.0, ""local_delta_z"": 1.0, ""delta_yaw"": 0.0, ""delta_pitch"": 0.0, ""movement_magnitude"": 1.0, ""rotation_magnitude"": 0.0, ""pose_confidence"": 1.0}"
Experiment001,111,1785822041.8960474,63,46,59,0.8476969599723816,depth,225280,0.8476969599723816,physmem_insert,39 55 59 60 61 62 63 64 65,stableworld_tri_9,9,1,6,69.9085183441639,,,,,0.8476969599723816,,,,Walk,1.0,0.47465787110986585,,INSERT,0.5692573189735413,,,,depth,0.8476969599723816,0.8476969599723816,"{""frame_id"": 111, ""current_frame_id"": 63, ""similarity"": 0.8476969599723816, ""similarity_type"": ""depth"", ""matching_points"": 225280, ""confidence"": 0.8476969599723816, ""decision"": ""physmem_insert"", ""memory_state"": [39, 55, 59, 60, 61, 62, 63, 64, 65], ""memory_id"": ""stableworld_tri_9"", ""memory_size"": 9, ""replace_count"": 1, ""keep_count"": 6, ""runtime"": 69.9085183441639, ""pose_event"": """", ""use_pose_memory"": true, ""view_intent"": ""None"", ""move_intent"": ""Walk"", ""has_view_motion"": false, ""has_move_motion"": true, ""action_explanation"": ""locomotion"", ""pose_delta_position"": 1.0, ""view_state"": ""Novel View"", ""view_confidence"": 0.5, ""view_pose_distance"": 1.0000000000000002, ""view_yaw_delta"": 0.0, ""nearest_view_frame_id"": 60, ""memory_selection_mode"": ""orb_locomotion"", ""memory_selection_target"": null, ""memory_selection_anchor_type"": """", ""memory_selection_reason"": ""move=1.0000:Walk"", ""source_anchor_frame_id"": null, ""source_anchor_locked"": false, ""protected_anchor_ids"": """", ""loop_closure_detected"": false, ""turn_result"": """", ""policy_mode"": ""LocomotionPolicy"", ""allow_memory_query"": false, ""allow_hard_retrieve"": false, ""allow_soft_reuse"": false, ""query_result"": """", ""candidate_count"": 0, ""best_candidate_frame_id"": null, ""best_candidate_score"": 0.0, ""best_candidate_pose_distance"": 0.0, ""best_candidate_yaw_delta"": 0.0, ""best_candidate_frame_gap"": 0, ""target_window_ids"": """", ""retrieved_window_ids"": """", ""window_rank_reason"": """", ""trajectory_motion_state"": ""Progressing"", ""trajectory_direction"": ""forward"", ""trajectory_frames"": 2, ""trajectory_distance"": 2.0, ""trajectory_should_progress"": true, ""trajectory_confidence"": 1.0, ""revisit_gate_allow_retrieve"": false, ""revisit_gate_allow_soft_reuse"": false, ""revisit_gate_force_progress"": false, ""revisit_gate_protect_current"": false, ""revisit_gate_reason"": ""locomotion_only_orb_dominant"", ""selection_is_hard_retrieve"": false, ""selection_is_soft_reuse"": false, ""selection_is_progress"": false, ""action_mode"": ""Locomotion Only"", ""action_mode_confidence"": 1.0, ""action_mode_reason"": ""move=1.0000:Walk"", ""scheduler_path"": ""Locomotion Only->orb_locomotion"", ""turn_state"": ""PostTurnStabilization"", ""turn_confidence"": 0.5, ""turn_duration"": 2, ""turn_direction"": ""right"", ""turn_reason"": ""mouse_stopped_after_turn"", ""window_layout_type"": ""orb_locomotion"", ""window_reason"": ""PostTurnStabilization:orb_locomotion"", ""frame_index"": 111, ""pose_x"": -1.2488679125758, ""pose_z"": 10.66899730611924, ""pose_yaw"": 0.2994791641831398, ""pose_pitch"": 0.0, ""delta_x"": 0.29502259314027096, ""delta_z"": 0.9554902770498453, ""local_delta_x"": 0.0, ""local_delta_z"": 1.0, ""delta_yaw"": 0.0, ""delta_pitch"": 0.0, ""movement_magnitude"": 1.0, ""rotation_magnitude"": 0.0, ""pose_confidence"": 1.0}"
Experiment001,114,1785822043.790384,66,59,62,0.8867636620998383,depth,225280,0.8867636620998383,physmem_keep,39 55 59 63 64 65 66 67 68,stableworld_tri_9,9,1,6,87.48538326472044,,,,,0.8867636620998383,,,,Backward,1.0,0.6148777446199564,,KEEP,0.7800942659378052,,,,depth,0.8867636620998383,0.8867636620998383,"{""frame_id"": 114, ""current_frame_id"": 66, ""similarity"": 0.8867636620998383, ""similarity_type"": ""depth"", ""matching_points"": 225280, ""confidence"": 0.8867636620998383, ""decision"": ""physmem_keep"", ""memory_state"": [39, 55, 59, 63, 64, 65, 66, 67, 68], ""memory_id"": ""stableworld_tri_9"", ""memory_size"": 9, ""replace_count"": 1, ""keep_count"": 6, ""runtime"": 87.48538326472044, ""pose_event"": """", ""use_pose_memory"": true, ""view_intent"": ""None"", ""move_intent"": ""Backward"", ""has_view_motion"": false, ""has_move_motion"": true, ""action_explanation"": ""locomotion"", ""pose_delta_position"": 1.0, ""view_state"": ""Revisit"", ""view_confidence"": 1.0, ""view_pose_distance"": 0.0, ""view_yaw_delta"": 0.0, ""nearest_view_frame_id"": 60, ""memory_selection_mode"": ""orb_locomotion"", ""memory_selection_target"": null, ""memory_selection_anchor_type"": """", ""memory_selection_reason"": ""move=1.0000:Backward"", ""source_anchor_frame_id"": null, ""source_anchor_locked"": false, ""protected_anchor_ids"": """", ""loop_closure_detected"": false, ""turn_result"": """", ""policy_mode"": ""LocomotionPolicy"", ""allow_memory_query"": false, ""allow_hard_retrieve"": false, ""allow_soft_reuse"": false, ""query_result"": """", ""candidate_count"": 0, ""best_candidate_frame_id"": null, ""best_candidate_score"": 0.0, ""best_candidate_pose_distance"": 0.0, ""best_candidate_yaw_delta"": 0.0, ""best_candidate_frame_gap"": 0, ""target_window_ids"": """", ""retrieved_window_ids"": """", ""window_rank_reason"": """", ""trajectory_motion_state"": ""Starting"", ""trajectory_direction"": ""backward"", ""trajectory_frames"": 1, ""trajectory_distance"": 1.0, ""trajectory_should_progress"": false, ""trajectory_confidence"": 0.75, ""revisit_gate_allow_retrieve"": false, ""revisit_gate_allow_soft_reuse"": false, ""revisit_gate_force_progress"": false, ""revisit_gate_protect_current"": false, ""revisit_gate_reason"": ""locomotion_only_orb_dominant"", ""selection_is_hard_retrieve"": false, ""selection_is_soft_reuse"": false, ""selection_is_progress"": false, ""action_mode"": ""Locomotion Only"", ""action_mode_confidence"": 1.0, ""action_mode_reason"": ""move=1.0000:Backward"", ""scheduler_path"": ""Locomotion Only->orb_locomotion"", ""turn_state"": ""StableNewView"", ""turn_confidence"": 1.0, ""turn_duration"": 0, ""turn_direction"": ""right"", ""turn_reason"": ""stable"", ""window_layout_type"": ""orb_locomotion"", ""window_reason"": ""StableNewView:orb_locomotion"", ""frame_index"": 114, ""pose_x"": -1.543890505716071, ""pose_z"": 9.713507029069394, ""pose_yaw"": 0.2994791641831398, ""pose_pitch"": 0.0, ""delta_x"": -0.29502259314027096, ""delta_z"": -0.9554902770498453, ""local_delta_x"": 0.0, ""local_delta_z"": -1.0, ""delta_yaw"": 0.0, ""delta_pitch"": 0.0, ""movement_magnitude"": 1.0, ""rotation_magnitude"": 0.0, ""pose_confidence"": 1.0}"
Experiment001,117,1785822045.4731512,69,59,65,0.8627625852823257,depth,225280,0.8627625852823257,physmem_keep,39 55 59 66 67 68 69 70 71,stableworld_tri_9,9,1,6,53.391613997519016,,,,,0.8627625852823257,,,,Backward,1.0,0.5800263530536715,,KEEP,0.7202673554420471,,,,depth,0.8627625852823257,0.8627625852823257,"{""frame_id"": 117, ""current_frame_id"": 69, ""similarity"": 0.8627625852823257, ""similarity_type"": ""depth"", ""matching_points"": 225280, ""confidence"": 0.8627625852823257, ""decision"": ""physmem_keep"", ""memory_state"": [39, 55, 59, 66, 67, 68, 69, 70, 71], ""memory_id"": ""stableworld_tri_9"", ""memory_size"": 9, ""replace_count"": 1, ""keep_count"": 6, ""runtime"": 53.391613997519016, ""pose_event"": """", ""use_pose_memory"": true, ""view_intent"": ""None"", ""move_intent"": ""Backward"", ""has_view_motion"": false, ""has_move_motion"": true, ""action_explanation"": ""locomotion"", ""pose_delta_position"": 1.0, ""view_state"": ""Revisit"", ""view_confidence"": 1.0, ""view_pose_distance"": 0.0, ""view_yaw_delta"": 0.0, ""nearest_view_frame_id"": 62, ""memory_selection_mode"": ""orb_locomotion"", ""memory_selection_target"": null, ""memory_selection_anchor_type"": """", ""memory_selection_reason"": ""move=1.0000:Backward"", ""source_anchor_frame_id"": null, ""source_anchor_locked"": false, ""protected_anchor_ids"": """", ""loop_closure_detected"": false, ""turn_result"": """", ""policy_mode"": ""LocomotionPolicy"", ""allow_memory_query"": false, ""allow_hard_retrieve"": false, ""allow_soft_reuse"": false, ""query_result"": """", ""candidate_count"": 0, ""best_candidate_frame_id"": null, ""best_candidate_score"": 0.0, ""best_candidate_pose_distance"": 0.0, ""best_candidate_yaw_delta"": 0.0, ""best_candidate_frame_gap"": 0, ""target_window_ids"": """", ""retrieved_window_ids"": """", ""window_rank_reason"": """", ""trajectory_motion_state"": ""Progressing"", ""trajectory_direction"": ""backward"", ""trajectory_frames"": 2, ""trajectory_distance"": 2.0, ""trajectory_should_progress"": true, ""trajectory_confidence"": 1.0, ""revisit_gate_allow_retrieve"": false, ""revisit_gate_allow_soft_reuse"": false, ""revisit_gate_force_progress"": false, ""revisit_gate_protect_current"": false, ""revisit_gate_reason"": ""locomotion_only_orb_dominant"", ""selection_is_hard_retrieve"": false, ""selection_is_soft_reuse"": false, ""selection_is_progress"": false, ""action_mode"": ""Locomotion Only"", ""action_mode_confidence"": 1.0, ""action_mode_reason"": ""move=1.0000:Backward"", ""scheduler_path"": ""Locomotion Only->orb_locomotion"", ""turn_state"": ""StableNewView"", ""turn_confidence"": 1.0, ""turn_duration"": 0, ""turn_direction"": ""right"", ""turn_reason"": ""stable"", ""window_layout_type"": ""orb_locomotion"", ""window_reason"": ""StableNewView:orb_locomotion"", ""frame_index"": 117, ""pose_x"": -1.838913098856342, ""pose_z"": 8.758016752019548, ""pose_yaw"": 0.2994791641831398, ""pose_pitch"": 0.0, ""delta_x"": -0.29502259314027096, ""delta_z"": -0.9554902770498453, ""local_delta_x"": 0.0, ""local_delta_z"": -1.0, ""delta_yaw"": 0.0, ""delta_pitch"": 0.0, ""movement_magnitude"": 1.0, ""rotation_magnitude"": 0.0, ""pose_confidence"": 1.0}"
