ExperimentID,FrameID,Timestamp,CurrentFrameID,ReferenceFrameID,MiddleFrameID,Similarity,SimilarityType,MatchingPoints,Confidence,Decision,MemoryState,MemoryID,MemorySize,ReplaceCount,KeepCount,Runtime,CPUTime,GPUTime,VRAM,FPS,GeometryScore,DepthConsistency,CameraMotion,ActionEmbedding,ActionType,ActionMagnitude,FusionWeight,FusionEntropy,FusionDecision,SemanticScore,SemanticConfidence,PhysicalScore,PhysicalConfidence,EvidenceType,PolicyConfidence,DecisionConfidence,ExtraFields
Experiment001,9,1785830911.7797842,9,2,5,0.9850282520055771,depth,225280,0.9850282520055771,physmem_keep,0 1 2 6 7 8 9 10 11,stableworld_tri_9,9,1,6,692.5036367028952,,,,,0.9850282520055771,,,,Viewpoint Locomotion,0.6666666865348816,0.6568874804158453,,KEEP,0.7689026594161987,,,,depth,0.9850282520055771,0.9850282520055771,"{""frame_id"": 9, ""current_frame_id"": 9, ""similarity"": 0.9850282520055771, ""similarity_type"": ""depth"", ""matching_points"": 225280, ""confidence"": 0.9850282520055771, ""decision"": ""physmem_keep"", ""memory_state"": [0, 1, 2, 6, 7, 8, 9, 10, 11], ""memory_id"": ""stableworld_tri_9"", ""memory_size"": 9, ""replace_count"": 1, ""keep_count"": 6, ""runtime"": 692.5036367028952, ""pose_event"": """", ""use_pose_memory"": true, ""view_intent"": ""Turn Left"", ""move_intent"": ""Right"", ""has_view_motion"": true, ""has_move_motion"": true, ""action_explanation"": ""viewpoint_locomotion"", ""pose_delta_position"": 0.6666666865348816, ""view_state"": ""Novel View"", ""view_confidence"": 0.0, ""view_pose_distance"": Infinity, ""view_yaw_delta"": Infinity, ""nearest_view_frame_id"": null, ""memory_selection_mode"": ""protect_current"", ""memory_selection_target"": null, ""memory_selection_anchor_type"": """", ""memory_selection_reason"": ""move=0.6667:view=0.0599:Viewpoint Locomotion"", ""source_anchor_frame_id"": 2, ""source_anchor_locked"": true, ""protected_anchor_ids"": ""2"", ""loop_closure_detected"": false, ""turn_result"": ""TurnStart"", ""policy_mode"": ""TurnStartPolicy"", ""allow_memory_query"": false, ""allow_hard_retrieve"": false, ""allow_soft_reuse"": false, ""query_result"": """", ""candidate_count"": 0, ""best_candidate_frame_id"": null, ""best_candidate_score"": 0.0, ""best_candidate_pose_distance"": 0.0, ""best_candidate_yaw_delta"": 0.0, ""best_candidate_frame_gap"": 0, ""best_candidate_first_visit"": 0.0, ""best_candidate_visit_age"": 0.0, ""best_candidate_cluster_id"": -1, ""best_candidate_first_visit_frame_id"": null, ""target_window_ids"": """", ""retrieved_window_ids"": """", ""window_rank_reason"": """", ""trajectory_motion_state"": ""Starting"", ""trajectory_direction"": ""right"", ""trajectory_frames"": 1, ""trajectory_distance"": 0.6666666865348816, ""trajectory_should_progress"": false, ""trajectory_confidence"": 0.75, ""revisit_gate_allow_retrieve"": false, ""revisit_gate_allow_soft_reuse"": false, ""revisit_gate_force_progress"": true, ""revisit_gate_protect_current"": false, ""revisit_gate_reason"": ""novel_view_progress"", ""revisit_type"": """", ""selection_is_hard_retrieve"": false, ""selection_is_soft_reuse"": false, ""selection_is_progress"": false, ""action_mode"": ""Viewpoint Locomotion"", ""action_mode_confidence"": 0.6666666865348816, ""action_mode_reason"": ""move=0.6667:view=0.0599:Viewpoint Locomotion"", ""scheduler_path"": ""Viewpoint Locomotion->protect_current"", ""turn_state"": ""TurnStart"", ""turn_confidence"": 0.7486979011446238, ""turn_duration"": 1, ""turn_direction"": ""left"", ""turn_reason"": ""rotation=0.0599"", ""window_layout_type"": ""protect_current"", ""window_reason"": ""TurnStart:protect_current"", ""frame_index"": 9, ""pose_x"": 0.6663677496442973, ""pose_z"": 0.01996229369068322, ""pose_yaw"": -0.0598958320915699, ""pose_pitch"": 0.0, ""delta_x"": 0.6663677496442973, ""delta_z"": 0.01996229369068322, ""local_delta_x"": 0.6666666865348816, ""local_delta_z"": 0.0, ""delta_yaw"": -0.0598958320915699, ""delta_pitch"": 0.0, ""movement_magnitude"": 0.6666666865348816, ""rotation_magnitude"": 0.0598958320915699, ""pose_confidence"": 1.0, ""reference_override_used"": false, ""retrieved_reference_active"": false, ""retrieved_reference_ids"": """", ""anchor_frame_id"": 2, ""anchor_distance"": -1.0, ""anchor_gap"": 7, ""anchor_lag"": -1.0, ""anchor_advance_triggered"": false}"
Experiment001,12,1785830912.826158,12,2,8,0.9782916028052568,depth,225280,0.9782916028052568,physmem_keep,0 1 2 9 10 11 12 13 14,stableworld_tri_9,9,1,6,64.34439634904265,,,,,0.9782916028052568,,,,Turn Left,0.1796875,0.6272832838757177,,KEEP,0.7163459062576294,,,,depth,0.9782916028052568,0.9782916028052568,"{""frame_id"": 12, ""current_frame_id"": 12, ""similarity"": 0.9782916028052568, ""similarity_type"": ""depth"", ""matching_points"": 225280, ""confidence"": 0.9782916028052568, ""decision"": ""physmem_keep"", ""memory_state"": [0, 1, 2, 9, 10, 11, 12, 13, 14], ""memory_id"": ""stableworld_tri_9"", ""memory_size"": 9, ""replace_count"": 1, ""keep_count"": 6, ""runtime"": 64.34439634904265, ""pose_event"": """", ""use_pose_memory"": true, ""view_intent"": ""Turn Left"", ""move_intent"": ""None"", ""has_view_motion"": true, ""has_move_motion"": false, ""action_explanation"": ""viewpoint_change"", ""pose_delta_position"": 0.0, ""view_state"": ""View Transition"", ""view_confidence"": 0.5989583333333334, ""view_pose_distance"": 0.0, ""view_yaw_delta"": 0.1796875, ""nearest_view_frame_id"": 9, ""memory_selection_mode"": ""turn_transition"", ""memory_selection_target"": null, ""memory_selection_anchor_type"": """", ""memory_selection_reason"": ""rotation=0.1797"", ""source_anchor_frame_id"": 2, ""source_anchor_locked"": true, ""protected_anchor_ids"": ""2"", ""loop_closure_detected"": false, ""turn_result"": ""UnstableTransition"", ""policy_mode"": ""ViewTransitionPolicy"", ""allow_memory_query"": false, ""allow_hard_retrieve"": false, ""allow_soft_reuse"": false, ""query_result"": """", ""candidate_count"": 0, ""best_candidate_frame_id"": null, ""best_candidate_score"": 0.0, ""best_candidate_pose_distance"": 0.0, ""best_candidate_yaw_delta"": 0.0, ""best_candidate_frame_gap"": 0, ""best_candidate_first_visit"": 0.0, ""best_candidate_visit_age"": 0.0, ""best_candidate_cluster_id"": -1, ""best_candidate_first_visit_frame_id"": null, ""target_window_ids"": """", ""retrieved_window_ids"": """", ""window_rank_reason"": """", ""trajectory_motion_state"": ""Idle"", ""trajectory_direction"": ""none"", ""trajectory_frames"": 0, ""trajectory_distance"": 0.0, ""trajectory_should_progress"": false, ""trajectory_confidence"": 0.0, ""revisit_gate_allow_retrieve"": false, ""revisit_gate_allow_soft_reuse"": false, ""revisit_gate_force_progress"": false, ""revisit_gate_protect_current"": true, ""revisit_gate_reason"": ""view_transition"", ""revisit_type"": """", ""selection_is_hard_retrieve"": false, ""selection_is_soft_reuse"": false, ""selection_is_progress"": false, ""action_mode"": ""View Rotation Only"", ""action_mode_confidence"": 0.998263888888889, ""action_mode_reason"": ""view=0.1797:Turn Left"", ""scheduler_path"": ""View Rotation Only->turn_transition"", ""turn_state"": ""TurnInProgress"", ""turn_confidence"": 1.0, ""turn_duration"": 2, ""turn_direction"": ""left"", ""turn_reason"": ""rotation=0.1797"", ""window_layout_type"": ""turn_transition"", ""window_reason"": ""TurnInProgress:turn_transition"", ""frame_index"": 12, ""pose_x"": 0.6663677496442973, ""pose_z"": 0.01996229369068322, ""pose_yaw"": -0.2395833320915699, ""pose_pitch"": 0.0, ""delta_x"": 0.0, ""delta_z"": 0.0, ""local_delta_x"": 0.0, ""local_delta_z"": 0.0, ""delta_yaw"": -0.1796875, ""delta_pitch"": 0.0, ""movement_magnitude"": 0.0, ""rotation_magnitude"": 0.1796875, ""pose_confidence"": 1.0, ""reference_override_used"": false, ""retrieved_reference_active"": false, ""retrieved_reference_ids"": """", ""anchor_frame_id"": 2, ""anchor_distance"": -1.0, ""anchor_gap"": 10, ""anchor_lag"": -1.0, ""anchor_advance_triggered"": false}"
Experiment001,15,1785830914.0700278,15,2,11,0.9778348337858915,depth,225280,0.9778348337858915,physmem_keep,0 1 2 12 13 14 15 16 17,stableworld_tri_9,9,1,6,63.95612983033061,,,,,0.9778348337858915,,,,Viewpoint Locomotion,0.3333333432674408,0.7305973397213024,,KEEP,0.6503332257270813,,,,depth,0.9778348337858915,0.9778348337858915,"{""frame_id"": 15, ""current_frame_id"": 15, ""similarity"": 0.9778348337858915, ""similarity_type"": ""depth"", ""matching_points"": 225280, ""confidence"": 0.9778348337858915, ""decision"": ""physmem_keep"", ""memory_state"": [0, 1, 2, 12, 13, 14, 15, 16, 17], ""memory_id"": ""stableworld_tri_9"", ""memory_size"": 9, ""replace_count"": 1, ""keep_count"": 6, ""runtime"": 63.95612983033061, ""pose_event"": """", ""use_pose_memory"": true, ""view_intent"": ""Turn Left"", ""move_intent"": ""Left"", ""has_view_motion"": true, ""has_move_motion"": true, ""action_explanation"": ""viewpoint_locomotion"", ""pose_delta_position"": 0.3333333432674408, ""view_state"": ""Known View"", ""view_confidence"": 0.5377178604598918, ""view_pose_distance"": 0.3333333432674408, ""view_yaw_delta"": 0.2395833320915699, ""nearest_view_frame_id"": 9, ""memory_selection_mode"": ""turn_transition"", ""memory_selection_target"": null, ""memory_selection_anchor_type"": """", ""memory_selection_reason"": ""rotation=0.0599"", ""source_anchor_frame_id"": 2, ""source_anchor_locked"": true, ""protected_anchor_ids"": ""2"", ""loop_closure_detected"": false, ""turn_result"": ""UnstableTransition"", ""policy_mode"": ""ViewTransitionPolicy"", ""allow_memory_query"": false, ""allow_hard_retrieve"": false, ""allow_soft_reuse"": false, ""query_result"": """", ""candidate_count"": 0, ""best_candidate_frame_id"": null, ""best_candidate_score"": 0.0, ""best_candidate_pose_distance"": 0.0, ""best_candidate_yaw_delta"": 0.0, ""best_candidate_frame_gap"": 0, ""best_candidate_first_visit"": 0.0, ""best_candidate_visit_age"": 0.0, ""best_candidate_cluster_id"": -1, ""best_candidate_first_visit_frame_id"": null, ""target_window_ids"": """", ""retrieved_window_ids"": """", ""window_rank_reason"": """", ""trajectory_motion_state"": ""Starting"", ""trajectory_direction"": ""left"", ""trajectory_frames"": 1, ""trajectory_distance"": 0.3333333432674408, ""trajectory_should_progress"": false, ""trajectory_confidence"": 0.75, ""revisit_gate_allow_retrieve"": false, ""revisit_gate_allow_soft_reuse"": false, ""revisit_gate_force_progress"": false, ""revisit_gate_protect_current"": false, ""revisit_gate_reason"": ""known_view_blocked_by_motion:0.3333"", ""revisit_type"": """", ""selection_is_hard_retrieve"": false, ""selection_is_soft_reuse"": false, ""selection_is_progress"": false, ""action_mode"": ""Viewpoint Locomotion"", ""action_mode_confidence"": 0.3333333432674408, ""action_mode_reason"": ""move=0.3333:view=0.0599:Viewpoint Locomotion"", ""scheduler_path"": ""Viewpoint Locomotion->turn_transition"", ""turn_state"": ""TurnInProgress"", ""turn_confidence"": 0.7486979011446238, ""turn_duration"": 3, ""turn_direction"": ""left"", ""turn_reason"": ""rotation=0.0599"", ""window_layout_type"": ""turn_transition"", ""window_reason"": ""TurnInProgress:turn_transition"", ""frame_index"": 15, ""pose_x"": 0.345069132957115, ""pose_z"": -0.06879758828733987, ""pose_yaw"": -0.2994791641831398, ""pose_pitch"": 0.0, ""delta_x"": -0.32129861668718235, ""delta_z"": -0.08875988197802309, ""local_delta_x"": -0.3333333432674408, ""local_delta_z"": 0.0, ""delta_yaw"": -0.0598958320915699, ""delta_pitch"": 0.0, ""movement_magnitude"": 0.3333333432674408, ""rotation_magnitude"": 0.0598958320915699, ""pose_confidence"": 0.6666666865348816, ""reference_override_used"": false, ""retrieved_reference_active"": false, ""retrieved_reference_ids"": """", ""anchor_frame_id"": 2, ""anchor_distance"": -1.0, ""anchor_gap"": 13, ""anchor_lag"": -1.0, ""anchor_advance_triggered"": false}"
Experiment001,18,1785830915.4518843,18,2,14,0.9336483776569366,depth,225280,0.9336483776569366,physmem_insert,2 12 13 14 15 16 17 18 19,stableworld_tri_9,9,1,7,71.51826238259673,,,,,0.9336483776569366,,,,Viewpoint Locomotion,0.7453560147132695,0.5092840195062938,,INSERT,0.6060532927513123,,,,depth,0.9336483776569366,0.9336483776569366,"{""frame_id"": 18, ""current_frame_id"": 18, ""similarity"": 0.9336483776569366, ""similarity_type"": ""depth"", ""matching_points"": 225280, ""confidence"": 0.9336483776569366, ""decision"": ""physmem_insert"", ""memory_state"": [2, 12, 13, 14, 15, 16, 17, 18, 19], ""memory_id"": ""stableworld_tri_9"", ""memory_size"": 9, ""replace_count"": 1, ""keep_count"": 7, ""runtime"": 71.51826238259673, ""pose_event"": """", ""use_pose_memory"": true, ""view_intent"": ""Turn Left"", ""move_intent"": ""Right"", ""has_view_motion"": true, ""has_move_motion"": true, ""action_explanation"": ""viewpoint_locomotion"", ""pose_delta_position"": 0.3333333432674408, ""view_state"": ""Known View"", ""view_confidence"": 0.6555028474294428, ""view_pose_distance"": 0.01996229369068325, ""view_yaw_delta"": 0.2994791641831398, ""nearest_view_frame_id"": 9, ""memory_selection_mode"": ""turn_transition"", ""memory_selection_target"": null, ""memory_selection_anchor_type"": """", ""memory_selection_reason"": ""rotation=0.0599"", ""source_anchor_frame_id"": 2, ""source_anchor_locked"": true, ""protected_anchor_ids"": ""2"", ""loop_closure_detected"": false, ""turn_result"": ""UnstableTransition"", ""policy_mode"": ""ViewTransitionPolicy"", ""allow_memory_query"": false, ""allow_hard_retrieve"": false, ""allow_soft_reuse"": false, ""query_result"": """", ""candidate_count"": 0, ""best_candidate_frame_id"": null, ""best_candidate_score"": 0.0, ""best_candidate_pose_distance"": 0.0, ""best_candidate_yaw_delta"": 0.0, ""best_candidate_frame_gap"": 0, ""best_candidate_first_visit"": 0.0, ""best_candidate_visit_age"": 0.0, ""best_candidate_cluster_id"": -1, ""best_candidate_first_visit_frame_id"": null, ""target_window_ids"": """", ""retrieved_window_ids"": """", ""window_rank_reason"": """", ""trajectory_motion_state"": ""Starting"", ""trajectory_direction"": ""right"", ""trajectory_frames"": 1, ""trajectory_distance"": 0.3333333432674408, ""trajectory_should_progress"": false, ""trajectory_confidence"": 0.75, ""revisit_gate_allow_retrieve"": false, ""revisit_gate_allow_soft_reuse"": false, ""revisit_gate_force_progress"": false, ""revisit_gate_protect_current"": false, ""revisit_gate_reason"": ""known_view_blocked_by_motion:0.3333"", ""revisit_type"": """", ""selection_is_hard_retrieve"": false, ""selection_is_soft_reuse"": false, ""selection_is_progress"": false, ""action_mode"": ""Viewpoint Locomotion"", ""action_mode_confidence"": 0.3333333432674408, ""action_mode_reason"": ""move=0.3333:view=0.0599:Viewpoint Locomotion"", ""scheduler_path"": ""Viewpoint Locomotion->turn_transition"", ""turn_state"": ""TurnInProgress"", ""turn_confidence"": 0.7486979011446238, ""turn_duration"": 4, ""turn_direction"": ""left"", ""turn_reason"": ""rotation=0.0599"", ""window_layout_type"": ""turn_transition"", ""window_reason"": ""TurnInProgress:turn_transition"", ""frame_index"": 18, ""pose_x"": 0.6604784219946442, ""pose_z"": 0.03903607121974452, ""pose_yaw"": -0.3593749962747097, ""pose_pitch"": 0.0, ""delta_x"": 0.3154092890375293, ""delta_z"": 0.10783365950708439, ""local_delta_x"": 0.3333333432674408, ""local_delta_z"": 0.0, ""delta_yaw"": -0.0598958320915699, ""delta_pitch"": 0.0, ""movement_magnitude"": 0.3333333432674408, ""rotation_magnitude"": 0.0598958320915699, ""pose_confidence"": 1.0, ""reference_override_used"": false, ""retrieved_reference_active"": false, ""retrieved_reference_ids"": """", ""anchor_frame_id"": 2, ""anchor_distance"": -1.0, ""anchor_gap"": 16, ""anchor_lag"": -1.0, ""anchor_advance_triggered"": false}"
Experiment001,21,1785830916.842173,20,13,16,0.95616589859128,depth,225280,0.95616589859128,physmem_keep,2 12 13 17 18 19 20 21 22,stableworld_tri_9,9,1,6,143.8666032627225,,,,,0.95616589859128,,,,Viewpoint Locomotion,0.7453560147132695,0.597779201977197,,KEEP,0.6436367034912109,,,,depth,0.95616589859128,0.95616589859128,"{""frame_id"": 21, ""current_frame_id"": 20, ""similarity"": 0.95616589859128, ""similarity_type"": ""depth"", ""matching_points"": 225280, ""confidence"": 0.95616589859128, ""decision"": ""physmem_keep"", ""memory_state"": [2, 12, 13, 17, 18, 19, 20, 21, 22], ""memory_id"": ""stableworld_tri_9"", ""memory_size"": 9, ""replace_count"": 1, ""keep_count"": 6, ""runtime"": 143.8666032627225, ""pose_event"": """", ""use_pose_memory"": true, ""view_intent"": ""Turn Right"", ""move_intent"": ""Left"", ""has_view_motion"": true, ""has_move_motion"": true, ""action_explanation"": ""viewpoint_locomotion"", ""pose_delta_position"": 0.3333333432674408, ""view_state"": ""Known View"", ""view_confidence"": 1.0, ""view_pose_distance"": 5.551115123125783e-17, ""view_yaw_delta"": 0.0, ""nearest_view_frame_id"": 15, ""memory_selection_mode"": ""turn_transition"", ""memory_selection_target"": null, ""memory_selection_anchor_type"": """", ""memory_selection_reason"": ""rotation=0.0599"", ""source_anchor_frame_id"": 2, ""source_anchor_locked"": true, ""protected_anchor_ids"": ""2"", ""loop_closure_detected"": false, ""turn_result"": ""UnstableTransition"", ""policy_mode"": ""ViewTransitionPolicy"", ""allow_memory_query"": false, ""allow_hard_retrieve"": false, ""allow_soft_reuse"": false, ""query_result"": """", ""candidate_count"": 0, ""best_candidate_frame_id"": null, ""best_candidate_score"": 0.0, ""best_candidate_pose_distance"": 0.0, ""best_candidate_yaw_delta"": 0.0, ""best_candidate_frame_gap"": 0, ""best_candidate_first_visit"": 0.0, ""best_candidate_visit_age"": 0.0, ""best_candidate_cluster_id"": -1, ""best_candidate_first_visit_frame_id"": null, ""target_window_ids"": """", ""retrieved_window_ids"": """", ""window_rank_reason"": """", ""trajectory_motion_state"": ""Starting"", ""trajectory_direction"": ""left"", ""trajectory_frames"": 1, ""trajectory_distance"": 0.3333333432674408, ""trajectory_should_progress"": false, ""trajectory_confidence"": 0.75, ""revisit_gate_allow_retrieve"": false, ""revisit_gate_allow_soft_reuse"": false, ""revisit_gate_force_progress"": false, ""revisit_gate_protect_current"": false, ""revisit_gate_reason"": ""known_view_blocked_by_motion:0.3333"", ""revisit_type"": """", ""selection_is_hard_retrieve"": false, ""selection_is_soft_reuse"": false, ""selection_is_progress"": false, ""action_mode"": ""Viewpoint Locomotion"", ""action_mode_confidence"": 0.3333333432674408, ""action_mode_reason"": ""move=0.3333:view=0.0599:Viewpoint Locomotion"", ""scheduler_path"": ""Viewpoint Locomotion->turn_transition"", ""turn_state"": ""TurnInProgress"", ""turn_confidence"": 0.7486979011446238, ""turn_duration"": 5, ""turn_direction"": ""right"", ""turn_reason"": ""rotation=0.0599"", ""window_layout_type"": ""turn_transition"", ""window_reason"": ""TurnInProgress:turn_transition"", ""frame_index"": 21, ""pose_x"": 0.34506913295711494, ""pose_z"": -0.06879758828733987, ""pose_yaw"": -0.2994791641831398, ""pose_pitch"": 0.0, ""delta_x"": -0.3154092890375293, ""delta_z"": -0.10783365950708439, ""local_delta_x"": -0.3333333432674408, ""local_delta_z"": 0.0, ""delta_yaw"": 0.0598958320915699, ""delta_pitch"": 0.0, ""movement_magnitude"": 0.3333333432674408, ""rotation_magnitude"": 0.0598958320915699, ""pose_confidence"": 1.0, ""reference_override_used"": false, ""retrieved_reference_active"": false, ""retrieved_reference_ids"": """", ""anchor_frame_id"": 13, ""anchor_distance"": -1.0, ""anchor_gap"": 7, ""anchor_lag"": -1.0, ""anchor_advance_triggered"": false}"
Experiment001,24,1785830917.835356,23,13,19,0.9602869041264057,depth,225280,0.9602869041264057,physmem_insert,2 17 18 19 20 21 22 23 24,stableworld_tri_9,9,1,7,53.691507782787085,,,,,0.9602869041264057,,,,Viewpoint Locomotion,0.3333333432674408,0.6902773640479849,,INSERT,0.5657503008842468,,,,depth,0.9602869041264057,0.9602869041264057,"{""frame_id"": 24, ""current_frame_id"": 23, ""similarity"": 0.9602869041264057, ""similarity_type"": ""depth"", ""matching_points"": 225280, ""confidence"": 0.9602869041264057, ""decision"": ""physmem_insert"", ""memory_state"": [2, 17, 18, 19, 20, 21, 22, 23, 24], ""memory_id"": ""stableworld_tri_9"", ""memory_size"": 9, ""replace_count"": 1, ""keep_count"": 7, ""runtime"": 53.691507782787085, ""pose_event"": """", ""use_pose_memory"": true, ""view_intent"": ""Turn Right"", ""move_intent"": ""Right"", ""has_view_motion"": true, ""has_move_motion"": true, ""action_explanation"": ""viewpoint_locomotion"", ""pose_delta_position"": 0.3333333432674408, ""view_state"": ""Revisit"", ""view_confidence"": 0.7433035714285714, ""view_pose_distance"": 1.1107649934270853e-16, ""view_yaw_delta"": 0.1796875, ""nearest_view_frame_id"": 9, ""memory_selection_mode"": ""turn_transition"", ""memory_selection_target"": null, ""memory_selection_anchor_type"": """", ""memory_selection_reason"": ""rotation=0.0599"", ""source_anchor_frame_id"": 2, ""source_anchor_locked"": true, ""protected_anchor_ids"": ""2"", ""loop_closure_detected"": false, ""turn_result"": ""UnstableTransition"", ""policy_mode"": ""ViewTransitionPolicy"", ""allow_memory_query"": false, ""allow_hard_retrieve"": false, ""allow_soft_reuse"": false, ""query_result"": """", ""candidate_count"": 0, ""best_candidate_frame_id"": null, ""best_candidate_score"": 0.0, ""best_candidate_pose_distance"": 0.0, ""best_candidate_yaw_delta"": 0.0, ""best_candidate_frame_gap"": 0, ""best_candidate_first_visit"": 0.0, ""best_candidate_visit_age"": 0.0, ""best_candidate_cluster_id"": -1, ""best_candidate_first_visit_frame_id"": null, ""target_window_ids"": """", ""retrieved_window_ids"": """", ""window_rank_reason"": """", ""trajectory_motion_state"": ""Starting"", ""trajectory_direction"": ""right"", ""trajectory_frames"": 1, ""trajectory_distance"": 0.3333333432674408, ""trajectory_should_progress"": false, ""trajectory_confidence"": 0.75, ""revisit_gate_allow_retrieve"": false, ""revisit_gate_allow_soft_reuse"": false, ""revisit_gate_force_progress"": false, ""revisit_gate_protect_current"": false, ""revisit_gate_reason"": ""revisit_blocked_by_motion:0.3333"", ""revisit_type"": """", ""selection_is_hard_retrieve"": false, ""selection_is_soft_reuse"": false, ""selection_is_progress"": false, ""action_mode"": ""Viewpoint Locomotion"", ""action_mode_confidence"": 0.3333333432674408, ""action_mode_reason"": ""move=0.3333:view=0.0599:Viewpoint Locomotion"", ""scheduler_path"": ""Viewpoint Locomotion->turn_transition"", ""turn_state"": ""TurnInProgress"", ""turn_confidence"": 0.7486979011446238, ""turn_duration"": 6, ""turn_direction"": ""right"", ""turn_reason"": ""rotation=0.0599"", ""window_layout_type"": ""turn_transition"", ""window_reason"": ""TurnInProgress:turn_transition"", ""frame_index"": 24, ""pose_x"": 0.6663677496442972, ""pose_z"": 0.019962293690683225, ""pose_yaw"": -0.2395833320915699, ""pose_pitch"": 0.0, ""delta_x"": 0.32129861668718235, ""delta_z"": 0.08875988197802309, ""local_delta_x"": 0.3333333432674408, ""local_delta_z"": 0.0, ""delta_yaw"": 0.0598958320915699, ""delta_pitch"": 0.0, ""movement_magnitude"": 0.3333333432674408, ""rotation_magnitude"": 0.0598958320915699, ""pose_confidence"": 0.6666666865348816, ""reference_override_used"": false, ""retrieved_reference_active"": false, ""retrieved_reference_ids"": """", ""anchor_frame_id"": 13, ""anchor_distance"": -1.0, ""anchor_gap"": 10, ""anchor_lag"": -1.0, ""anchor_advance_triggered"": false}"
Experiment001,27,1785830918.8806958,25,18,21,0.8993179425597191,depth,225280,0.8993179425597191,physmem_keep,2 17 18 22 23 24 25 26 27,stableworld_tri_9,9,1,6,98.85510103777051,,,,,0.8993179425597191,,,,Turn Right,0.1796875,0.5840893889332965,,KEEP,0.6729128956794739,,,,depth,0.8993179425597191,0.8993179425597191,"{""frame_id"": 27, ""current_frame_id"": 25, ""similarity"": 0.8993179425597191, ""similarity_type"": ""depth"", ""matching_points"": 225280, ""confidence"": 0.8993179425597191, ""decision"": ""physmem_keep"", ""memory_state"": [2, 17, 18, 22, 23, 24, 25, 26, 27], ""memory_id"": ""stableworld_tri_9"", ""memory_size"": 9, ""replace_count"": 1, ""keep_count"": 6, ""runtime"": 98.85510103777051, ""pose_event"": """", ""use_pose_memory"": true, ""view_intent"": ""Turn Right"", ""move_intent"": ""None"", ""has_view_motion"": true, ""has_move_motion"": false, ""action_explanation"": ""viewpoint_change"", ""pose_delta_position"": 0.0, ""view_state"": ""View Transition"", ""view_confidence"": 0.5989583333333334, ""view_pose_distance"": 0.0, ""view_yaw_delta"": 0.1796875, ""nearest_view_frame_id"": 23, ""memory_selection_mode"": ""turn_transition"", ""memory_selection_target"": null, ""memory_selection_anchor_type"": """", ""memory_selection_reason"": ""rotation=0.1797"", ""source_anchor_frame_id"": 2, ""source_anchor_locked"": true, ""protected_anchor_ids"": ""2"", ""loop_closure_detected"": false, ""turn_result"": ""UnstableTransition"", ""policy_mode"": ""ViewTransitionPolicy"", ""allow_memory_query"": false, ""allow_hard_retrieve"": false, ""allow_soft_reuse"": false, ""query_result"": """", ""candidate_count"": 0, ""best_candidate_frame_id"": null, ""best_candidate_score"": 0.0, ""best_candidate_pose_distance"": 0.0, ""best_candidate_yaw_delta"": 0.0, ""best_candidate_frame_gap"": 0, ""best_candidate_first_visit"": 0.0, ""best_candidate_visit_age"": 0.0, ""best_candidate_cluster_id"": -1, ""best_candidate_first_visit_frame_id"": null, ""target_window_ids"": """", ""retrieved_window_ids"": """", ""window_rank_reason"": """", ""trajectory_motion_state"": ""Idle"", ""trajectory_direction"": ""none"", ""trajectory_frames"": 0, ""trajectory_distance"": 0.0, ""trajectory_should_progress"": false, ""trajectory_confidence"": 0.0, ""revisit_gate_allow_retrieve"": false, ""revisit_gate_allow_soft_reuse"": false, ""revisit_gate_force_progress"": false, ""revisit_gate_protect_current"": true, ""revisit_gate_reason"": ""view_transition"", ""revisit_type"": """", ""selection_is_hard_retrieve"": false, ""selection_is_soft_reuse"": false, ""selection_is_progress"": false, ""action_mode"": ""View Rotation Only"", ""action_mode_confidence"": 0.998263888888889, ""action_mode_reason"": ""view=0.1797:Turn Right"", ""scheduler_path"": ""View Rotation Only->turn_transition"", ""turn_state"": ""TurnInProgress"", ""turn_confidence"": 1.0, ""turn_duration"": 7, ""turn_direction"": ""right"", ""turn_reason"": ""rotation=0.1797"", ""window_layout_type"": ""turn_transition"", ""window_reason"": ""TurnInProgress:turn_transition"", ""frame_index"": 27, ""pose_x"": 0.6663677496442972, ""pose_z"": 0.019962293690683225, ""pose_yaw"": -0.0598958320915699, ""pose_pitch"": 0.0, ""delta_x"": 0.0, ""delta_z"": 0.0, ""local_delta_x"": 0.0, ""local_delta_z"": 0.0, ""delta_yaw"": 0.1796875, ""delta_pitch"": 0.0, ""movement_magnitude"": 0.0, ""rotation_magnitude"": 0.1796875, ""pose_confidence"": 1.0, ""reference_override_used"": false, ""retrieved_reference_active"": false, ""retrieved_reference_ids"": """", ""anchor_frame_id"": 18, ""anchor_distance"": 0.019962293690683214, ""anchor_gap"": 7, ""anchor_lag"": 0.019962293690683214, ""anchor_advance_triggered"": false}"
Experiment001,30,1785830919.995281,28,18,24,0.9149647727608681,depth,225280,0.9149647727608681,physmem_keep,2 17 18 25 26 27 28 29 30,stableworld_tri_9,9,1,6,123.90649225562811,,,,,0.9149647727608681,,,,Viewpoint Locomotion,0.6666666865348816,0.5579568001463584,,KEEP,0.6361952424049377,,,,depth,0.9149647727608681,0.9149647727608681,"{""frame_id"": 30, ""current_frame_id"": 28, ""similarity"": 0.9149647727608681, ""similarity_type"": ""depth"", ""matching_points"": 225280, ""confidence"": 0.9149647727608681, ""decision"": ""physmem_keep"", ""memory_state"": [2, 17, 18, 25, 26, 27, 28, 29, 30], ""memory_id"": ""stableworld_tri_9"", ""memory_size"": 9, ""replace_count"": 1, ""keep_count"": 6, ""runtime"": 123.90649225562811, ""pose_event"": """", ""use_pose_memory"": true, ""view_intent"": ""Turn Left"", ""move_intent"": ""Backward"", ""has_view_motion"": true, ""has_move_motion"": true, ""action_explanation"": ""viewpoint_locomotion"", ""pose_delta_position"": 0.6666666865348816, ""view_state"": ""Revisit"", ""view_confidence"": 0.5267236979589576, ""view_pose_distance"": 0.6666666865348816, ""view_yaw_delta"": 0.02018229104578495, ""nearest_view_frame_id"": 9, ""memory_selection_mode"": ""turn_transition"", ""memory_selection_target"": null, ""memory_selection_anchor_type"": """", ""memory_selection_reason"": ""rotation=0.0202"", ""source_anchor_frame_id"": 2, ""source_anchor_locked"": true, ""protected_anchor_ids"": ""2"", ""loop_closure_detected"": false, ""turn_result"": ""UnstableTransition"", ""policy_mode"": ""ViewTransitionPolicy"", ""allow_memory_query"": false, ""allow_hard_retrieve"": false, ""allow_soft_reuse"": false, ""query_result"": """", ""candidate_count"": 0, ""best_candidate_frame_id"": null, ""best_candidate_score"": 0.0, ""best_candidate_pose_distance"": 0.0, ""best_candidate_yaw_delta"": 0.0, ""best_candidate_frame_gap"": 0, ""best_candidate_first_visit"": 0.0, ""best_candidate_visit_age"": 0.0, ""best_candidate_cluster_id"": -1, ""best_candidate_first_visit_frame_id"": null, ""target_window_ids"": """", ""retrieved_window_ids"": """", ""window_rank_reason"": """", ""trajectory_motion_state"": ""Starting"", ""trajectory_direction"": ""backward"", ""trajectory_frames"": 1, ""trajectory_distance"": 0.6666666865348816, ""trajectory_should_progress"": false, ""trajectory_confidence"": 0.75, ""revisit_gate_allow_retrieve"": false, ""revisit_gate_allow_soft_reuse"": false, ""revisit_gate_force_progress"": false, ""revisit_gate_protect_current"": false, ""revisit_gate_reason"": ""revisit_blocked_by_motion:0.6667"", ""revisit_type"": """", ""selection_is_hard_retrieve"": false, ""selection_is_soft_reuse"": false, ""selection_is_progress"": false, ""action_mode"": ""Viewpoint Locomotion"", ""action_mode_confidence"": 0.6666666865348816, ""action_mode_reason"": ""move=0.6667:view=0.0202:Viewpoint Locomotion"", ""scheduler_path"": ""Viewpoint Locomotion->turn_transition"", ""turn_state"": ""TurnInProgress"", ""turn_confidence"": 0.2522786380723119, ""turn_duration"": 8, ""turn_direction"": ""left"", ""turn_reason"": ""rotation=0.0202"", ""window_layout_type"": ""turn_transition"", ""window_reason"": ""TurnInProgress:turn_transition"", ""frame_index"": 30, ""pose_x"": 0.7129876555922678, ""pose_z"": -0.6450723334565056, ""pose_yaw"": -0.08007812313735485, ""pose_pitch"": 0.0, ""delta_x"": 0.046619905947970657, ""delta_z"": -0.6650346271471889, ""local_delta_x"": 0.0, ""local_delta_z"": -0.6666666865348816, ""delta_yaw"": -0.02018229104578495, ""delta_pitch"": 0.0, ""movement_magnitude"": 0.6666666865348816, ""rotation_magnitude"": 0.02018229104578495, ""pose_confidence"": 1.0, ""reference_override_used"": false, ""retrieved_reference_active"": false, ""retrieved_reference_ids"": """", ""anchor_frame_id"": 18, ""anchor_distance"": 0.6861206373238555, ""anchor_gap"": 10, ""anchor_lag"": 0.6861206373238555, ""anchor_advance_triggered"": false}"
Experiment001,33,1785830921.9634857,31,18,27,0.8908150047063828,depth,225280,0.8908150047063828,physmem_keep,2 17 18 28 29 30 31 32 33,stableworld_tri_9,9,1,6,76.21151814237237,,,,,0.8908150047063828,,,,Viewpoint Locomotion,1.0,0.5626873441759742,,KEEP,0.6411777138710022,,,,depth,0.8908150047063828,0.8908150047063828,"{""frame_id"": 33, ""current_frame_id"": 31, ""similarity"": 0.8908150047063828, ""similarity_type"": ""depth"", ""matching_points"": 225280, ""confidence"": 0.8908150047063828, ""decision"": ""physmem_keep"", ""memory_state"": [2, 17, 18, 28, 29, 30, 31, 32, 33], ""memory_id"": ""stableworld_tri_9"", ""memory_size"": 9, ""replace_count"": 1, ""keep_count"": 6, ""runtime"": 76.21151814237237, ""pose_event"": """", ""use_pose_memory"": true, ""view_intent"": ""Turn Right"", ""move_intent"": ""Walk"", ""has_view_motion"": true, ""has_move_motion"": true, ""action_explanation"": ""viewpoint_locomotion"", ""pose_delta_position"": 1.0, ""view_state"": ""Known View"", ""view_confidence"": 0.41520195891044703, ""view_pose_distance"": 0.3153372289261253, ""view_yaw_delta"": 0.35937499813735485, ""nearest_view_frame_id"": 18, ""memory_selection_mode"": ""turn_transition"", ""memory_selection_target"": null, ""memory_selection_anchor_type"": """", ""memory_selection_reason"": ""rotation=0.0801"", ""source_anchor_frame_id"": 2, ""source_anchor_locked"": true, ""protected_anchor_ids"": ""2"", ""loop_closure_detected"": false, ""turn_result"": ""UnstableTransition"", ""policy_mode"": ""ViewTransitionPolicy"", ""allow_memory_query"": false, ""allow_hard_retrieve"": false, ""allow_soft_reuse"": false, ""query_result"": """", ""candidate_count"": 0, ""best_candidate_frame_id"": null, ""best_candidate_score"": 0.0, ""best_candidate_pose_distance"": 0.0, ""best_candidate_yaw_delta"": 0.0, ""best_candidate_frame_gap"": 0, ""best_candidate_first_visit"": 0.0, ""best_candidate_visit_age"": 0.0, ""best_candidate_cluster_id"": -1, ""best_candidate_first_visit_frame_id"": null, ""target_window_ids"": """", ""retrieved_window_ids"": """", ""window_rank_reason"": """", ""trajectory_motion_state"": ""Starting"", ""trajectory_direction"": ""forward"", ""trajectory_frames"": 1, ""trajectory_distance"": 1.0, ""trajectory_should_progress"": false, ""trajectory_confidence"": 0.75, ""revisit_gate_allow_retrieve"": false, ""revisit_gate_allow_soft_reuse"": false, ""revisit_gate_force_progress"": false, ""revisit_gate_protect_current"": false, ""revisit_gate_reason"": ""known_view_blocked_by_motion:1.0000"", ""revisit_type"": """", ""selection_is_hard_retrieve"": false, ""selection_is_soft_reuse"": false, ""selection_is_progress"": false, ""action_mode"": ""Viewpoint Locomotion"", ""action_mode_confidence"": 1.0, ""action_mode_reason"": ""move=1.0000:view=0.0801:Viewpoint Locomotion"", ""scheduler_path"": ""Viewpoint Locomotion->turn_transition"", ""turn_state"": ""TurnInProgress"", ""turn_confidence"": 1.0, ""turn_duration"": 9, ""turn_direction"": ""right"", ""turn_reason"": ""rotation=0.0801"", ""window_layout_type"": ""turn_transition"", ""window_reason"": ""TurnInProgress:turn_transition"", ""frame_index"": 33, ""pose_x"": 0.672959292043139, ""pose_z"": 0.3541262104333355, ""pose_yaw"": 1.862645149230957e-09, ""pose_pitch"": 0.0, ""delta_x"": -0.04002836354912891, ""delta_z"": 0.9991985438898411, ""local_delta_x"": 0.0, ""local_delta_z"": 1.0, ""delta_yaw"": 0.080078125, ""delta_pitch"": 0.0, ""movement_magnitude"": 1.0, ""rotation_magnitude"": 0.080078125, ""pose_confidence"": 1.0, ""reference_override_used"": false, ""retrieved_reference_active"": false, ""retrieved_reference_ids"": """", ""anchor_frame_id"": 18, ""anchor_distance"": 0.3153372289261253, ""anchor_gap"": 13, ""anchor_lag"": 0.3153372289261253, ""anchor_advance_triggered"": false}"
Experiment001,36,1785830923.9491692,34,18,30,0.950241643935442,depth,225280,0.950241643935442,physmem_insert,28 29 30 31 32 33 34 35 36,stableworld_tri_9,9,1,6,106.82545695453882,,,,,0.950241643935442,,,,Walk,1.0540925565309005,0.550992713442784,,INSERT,0.5669791102409363,,,,depth,0.950241643935442,0.950241643935442,"{""frame_id"": 36, ""current_frame_id"": 34, ""similarity"": 0.950241643935442, ""similarity_type"": ""depth"", ""matching_points"": 225280, ""confidence"": 0.950241643935442, ""decision"": ""physmem_insert"", ""memory_state"": [28, 29, 30, 31, 32, 33, 34, 35, 36], ""memory_id"": ""stableworld_tri_9"", ""memory_size"": 9, ""replace_count"": 1, ""keep_count"": 6, ""runtime"": 106.82545695453882, ""pose_event"": """", ""use_pose_memory"": true, ""view_intent"": ""None"", ""move_intent"": ""Walk"", ""has_view_motion"": false, ""has_move_motion"": true, ""action_explanation"": ""locomotion"", ""pose_delta_position"": 1.0540925565309005, ""view_state"": ""Novel View"", ""view_confidence"": 0.5, ""view_pose_distance"": 1.0540925565309003, ""view_yaw_delta"": 0.0, ""nearest_view_frame_id"": 31, ""memory_selection_mode"": ""orb_locomotion"", ""memory_selection_target"": null, ""memory_selection_anchor_type"": """", ""memory_selection_reason"": ""move=1.0541:Walk"", ""source_anchor_frame_id"": null, ""source_anchor_locked"": false, ""protected_anchor_ids"": """", ""loop_closure_detected"": false, ""turn_result"": """", ""policy_mode"": ""LocomotionPolicy"", ""allow_memory_query"": false, ""allow_hard_retrieve"": false, ""allow_soft_reuse"": false, ""query_result"": """", ""candidate_count"": 0, ""best_candidate_frame_id"": null, ""best_candidate_score"": 0.0, ""best_candidate_pose_distance"": 0.0, ""best_candidate_yaw_delta"": 0.0, ""best_candidate_frame_gap"": 0, ""best_candidate_first_visit"": 0.0, ""best_candidate_visit_age"": 0.0, ""best_candidate_cluster_id"": -1, ""best_candidate_first_visit_frame_id"": null, ""target_window_ids"": """", ""retrieved_window_ids"": """", ""window_rank_reason"": """", ""trajectory_motion_state"": ""Progressing"", ""trajectory_direction"": ""forward"", ""trajectory_frames"": 2, ""trajectory_distance"": 2.0540925565309003, ""trajectory_should_progress"": true, ""trajectory_confidence"": 1.0, ""revisit_gate_allow_retrieve"": false, ""revisit_gate_allow_soft_reuse"": false, ""revisit_gate_force_progress"": false, ""revisit_gate_protect_current"": false, ""revisit_gate_reason"": ""locomotion_only_orb_dominant"", ""revisit_type"": """", ""selection_is_hard_retrieve"": false, ""selection_is_soft_reuse"": false, ""selection_is_progress"": false, ""action_mode"": ""Locomotion Only"", ""action_mode_confidence"": 1.0, ""action_mode_reason"": ""move=1.0541:Walk"", ""scheduler_path"": ""Locomotion Only->orb_locomotion"", ""turn_state"": ""PostTurnStabilization"", ""turn_confidence"": 1.0, ""turn_duration"": 1, ""turn_direction"": ""right"", ""turn_reason"": ""mouse_stopped_after_turn"", ""window_layout_type"": ""orb_locomotion"", ""window_reason"": ""PostTurnStabilization:orb_locomotion"", ""frame_index"": 36, ""pose_x"": 0.33962595063834333, ""pose_z"": 1.3541262110542172, ""pose_yaw"": 1.862645149230957e-09, ""pose_pitch"": 0.0, ""delta_x"": -0.33333334140479565, ""delta_z"": 1.0000000006208818, ""local_delta_x"": -0.3333333432674408, ""local_delta_z"": 1.0, ""delta_yaw"": 0.0, ""delta_pitch"": 0.0, ""movement_magnitude"": 1.0540925565309005, ""rotation_magnitude"": 0.0, ""pose_confidence"": 1.0, ""reference_override_used"": false, ""retrieved_reference_active"": false, ""retrieved_reference_ids"": """", ""anchor_frame_id"": 18, ""anchor_distance"": 1.3536647976014218, ""anchor_gap"": 16, ""anchor_lag"": 1.3536647976014218, ""anchor_advance_triggered"": false}"
Experiment001,39,1785830925.9697683,37,30,33,0.9578665420413017,depth,225280,0.9578665420413017,physmem_keep,28 29 30 34 35 36 37 38 39,stableworld_tri_9,9,1,6,83.43757409602404,,,,,0.9578665420413017,,,,Walk,1.2472191421996568,0.6107843315286883,,KEEP,0.7021365165710449,,,,depth,0.9578665420413017,0.9578665420413017,"{""frame_id"": 39, ""current_frame_id"": 37, ""similarity"": 0.9578665420413017, ""similarity_type"": ""depth"", ""matching_points"": 225280, ""confidence"": 0.9578665420413017, ""decision"": ""physmem_keep"", ""memory_state"": [28, 29, 30, 34, 35, 36, 37, 38, 39], ""memory_id"": ""stableworld_tri_9"", ""memory_size"": 9, ""replace_count"": 1, ""keep_count"": 6, ""runtime"": 83.43757409602404, ""pose_event"": """", ""use_pose_memory"": true, ""view_intent"": ""None"", ""move_intent"": ""Walk"", ""has_view_motion"": false, ""has_move_motion"": true, ""action_explanation"": ""locomotion"", ""pose_delta_position"": 1.0540925565309005, ""view_state"": ""Novel View"", ""view_confidence"": 0.5, ""view_pose_distance"": 1.0540925565309003, ""view_yaw_delta"": 0.0, ""nearest_view_frame_id"": 34, ""memory_selection_mode"": ""orb_locomotion"", ""memory_selection_target"": null, ""memory_selection_anchor_type"": """", ""memory_selection_reason"": ""move=1.0541:Walk"", ""source_anchor_frame_id"": null, ""source_anchor_locked"": false, ""protected_anchor_ids"": """", ""loop_closure_detected"": false, ""turn_result"": """", ""policy_mode"": ""LocomotionPolicy"", ""allow_memory_query"": false, ""allow_hard_retrieve"": false, ""allow_soft_reuse"": false, ""query_result"": """", ""candidate_count"": 0, ""best_candidate_frame_id"": null, ""best_candidate_score"": 0.0, ""best_candidate_pose_distance"": 0.0, ""best_candidate_yaw_delta"": 0.0, ""best_candidate_frame_gap"": 0, ""best_candidate_first_visit"": 0.0, ""best_candidate_visit_age"": 0.0, ""best_candidate_cluster_id"": -1, ""best_candidate_first_visit_frame_id"": null, ""target_window_ids"": """", ""retrieved_window_ids"": """", ""window_rank_reason"": """", ""trajectory_motion_state"": ""Progressing"", ""trajectory_direction"": ""forward"", ""trajectory_frames"": 3, ""trajectory_distance"": 3.1081851130618006, ""trajectory_should_progress"": true, ""trajectory_confidence"": 1.0, ""revisit_gate_allow_retrieve"": false, ""revisit_gate_allow_soft_reuse"": false, ""revisit_gate_force_progress"": false, ""revisit_gate_protect_current"": false, ""revisit_gate_reason"": ""locomotion_only_orb_dominant"", ""revisit_type"": """", ""selection_is_hard_retrieve"": false, ""selection_is_soft_reuse"": false, ""selection_is_progress"": false, ""action_mode"": ""Locomotion Only"", ""action_mode_confidence"": 1.0, ""action_mode_reason"": ""move=1.0541:Walk"", ""scheduler_path"": ""Locomotion Only->orb_locomotion"", ""turn_state"": ""PostTurnStabilization"", ""turn_confidence"": 0.5, ""turn_duration"": 2, ""turn_direction"": ""right"", ""turn_reason"": ""mouse_stopped_after_turn"", ""window_layout_type"": ""orb_locomotion"", ""window_reason"": ""PostTurnStabilization:orb_locomotion"", ""frame_index"": 39, ""pose_x"": 0.006292609233547686, ""pose_z"": 2.3541262116750987, ""pose_yaw"": 1.862645149230957e-09, ""pose_pitch"": 0.0, ""delta_x"": -0.33333334140479565, ""delta_z"": 1.0000000006208818, ""local_delta_x"": -0.3333333432674408, ""local_delta_z"": 1.0, ""delta_yaw"": 0.0, ""delta_pitch"": 0.0, ""movement_magnitude"": 1.0540925565309005, ""rotation_magnitude"": 0.0, ""pose_confidence"": 1.0, ""reference_override_used"": false, ""retrieved_reference_active"": false, ""retrieved_reference_ids"": """", ""anchor_frame_id"": 30, ""anchor_distance"": -1.0, ""anchor_gap"": 7, ""anchor_lag"": -1.0, ""anchor_advance_triggered"": false}"
Experiment001,42,1785830927.9864612,40,30,36,0.9824620969593525,depth,225280,0.9824620969593525,physmem_insert,28 30 35 36 37 38 39 40 41,stableworld_tri_9,9,1,7,62.32960894703865,,,,,0.9824620969593525,,,,Viewpoint Locomotion,1.201850436175566,0.612633751686197,,INSERT,0.6284965872764587,,,,depth,0.9824620969593525,0.9824620969593525,"{""frame_id"": 42, ""current_frame_id"": 40, ""similarity"": 0.9824620969593525, ""similarity_type"": ""depth"", ""matching_points"": 225280, ""confidence"": 0.9824620969593525, ""decision"": ""physmem_insert"", ""memory_state"": [28, 30, 35, 36, 37, 38, 39, 40, 41], ""memory_id"": ""stableworld_tri_9"", ""memory_size"": 9, ""replace_count"": 1, ""keep_count"": 7, ""runtime"": 62.32960894703865, ""pose_event"": """", ""use_pose_memory"": true, ""view_intent"": ""Turn Left"", ""move_intent"": ""Walk"", ""has_view_motion"": true, ""has_move_motion"": true, ""action_explanation"": ""viewpoint_locomotion"", ""pose_delta_position"": 1.2018504361755662, ""view_state"": ""Novel View"", ""view_confidence"": 0.5, ""view_pose_distance"": 1.2018504361755662, ""view_yaw_delta"": 0.0400390625, ""nearest_view_frame_id"": 37, ""memory_selection_mode"": ""protect_current"", ""memory_selection_target"": null, ""memory_selection_anchor_type"": """", ""memory_selection_reason"": ""move=1.2019:view=0.0400:Viewpoint Locomotion"", ""source_anchor_frame_id"": 30, ""source_anchor_locked"": true, ""protected_anchor_ids"": ""30"", ""loop_closure_detected"": false, ""turn_result"": ""TurnStart"", ""policy_mode"": ""TurnStartPolicy"", ""allow_memory_query"": false, ""allow_hard_retrieve"": false, ""allow_soft_reuse"": false, ""query_result"": """", ""candidate_count"": 0, ""best_candidate_frame_id"": null, ""best_candidate_score"": 0.0, ""best_candidate_pose_distance"": 0.0, ""best_candidate_yaw_delta"": 0.0, ""best_candidate_frame_gap"": 0, ""best_candidate_first_visit"": 0.0, ""best_candidate_visit_age"": 0.0, ""best_candidate_cluster_id"": -1, ""best_candidate_first_visit_frame_id"": null, ""target_window_ids"": """", ""retrieved_window_ids"": """", ""window_rank_reason"": """", ""trajectory_motion_state"": ""Progressing"", ""trajectory_direction"": ""forward"", ""trajectory_frames"": 4, ""trajectory_distance"": 4.310035549237367, ""trajectory_should_progress"": true, ""trajectory_confidence"": 1.0, ""revisit_gate_allow_retrieve"": false, ""revisit_gate_allow_soft_reuse"": false, ""revisit_gate_force_progress"": true, ""revisit_gate_protect_current"": false, ""revisit_gate_reason"": ""hybrid_forward_progress"", ""revisit_type"": """", ""selection_is_hard_retrieve"": false, ""selection_is_soft_reuse"": false, ""selection_is_progress"": false, ""action_mode"": ""Viewpoint Locomotion"", ""action_mode_confidence"": 1.0, ""action_mode_reason"": ""move=1.2019:view=0.0400:Viewpoint Locomotion"", ""scheduler_path"": ""Viewpoint Locomotion->protect_current"", ""turn_state"": ""TurnStart"", ""turn_confidence"": 0.50048828125, ""turn_duration"": 1, ""turn_direction"": ""left"", ""turn_reason"": ""rotation=0.0400"", ""window_layout_type"": ""protect_current"", ""window_reason"": ""TurnStart:protect_current"", ""frame_index"": 42, ""pose_x"": 0.652807514202795, ""pose_z"": 3.3672712894344508, ""pose_yaw"": -0.04003906063735485, ""pose_pitch"": 0.0, ""delta_x"": 0.6465149049692474, ""delta_z"": 1.013145077759352, ""local_delta_x"": 0.6666666865348816, ""local_delta_z"": 1.0, ""delta_yaw"": -0.0400390625, ""delta_pitch"": 0.0, ""movement_magnitude"": 1.2018504361755662, ""rotation_magnitude"": 0.0400390625, ""pose_confidence"": 1.0, ""reference_override_used"": false, ""retrieved_reference_active"": false, ""retrieved_reference_ids"": """", ""anchor_frame_id"": 30, ""anchor_distance"": -1.0, ""anchor_gap"": 10, ""anchor_lag"": -1.0, ""anchor_advance_triggered"": false}"
Experiment001,45,1785830929.9835823,42,35,38,0.9831982161849737,depth,225280,0.9831982161849737,physmem_insert,30 36 37 38 39 40 41 42 43,stableworld_tri_9,9,1,7,171.61082522943616,,,,,0.9831982161849737,,,,Viewpoint Locomotion,1.0,0.6404639888923912,,INSERT,0.6976767182350159,,,,depth,0.9831982161849737,0.9831982161849737,"{""frame_id"": 45, ""current_frame_id"": 42, ""similarity"": 0.9831982161849737, ""similarity_type"": ""depth"", ""matching_points"": 225280, ""confidence"": 0.9831982161849737, ""decision"": ""physmem_insert"", ""memory_state"": [30, 36, 37, 38, 39, 40, 41, 42, 43], ""memory_id"": ""stableworld_tri_9"", ""memory_size"": 9, ""replace_count"": 1, ""keep_count"": 7, ""runtime"": 171.61082522943616, ""pose_event"": """", ""use_pose_memory"": true, ""view_intent"": ""Turn Right"", ""move_intent"": ""Walk"", ""has_view_motion"": true, ""has_move_motion"": true, ""action_explanation"": ""viewpoint_locomotion"", ""pose_delta_position"": 1.0, ""view_state"": ""Novel View"", ""view_confidence"": 0.5, ""view_pose_distance"": 1.0000000000000002, ""view_yaw_delta"": 0.0400390625, ""nearest_view_frame_id"": 40, ""key_anchor_frame_id"": 42, ""key_anchor_type"": ""forward_anchor"", ""key_anchor_reason"": ""hybrid_forward_progress"", ""memory_selection_mode"": ""turn_transition"", ""memory_selection_target"": null, ""memory_selection_anchor_type"": """", ""memory_selection_reason"": ""rotation=0.0400"", ""source_anchor_frame_id"": 30, ""source_anchor_locked"": true, ""protected_anchor_ids"": ""30"", ""loop_closure_detected"": false, ""turn_result"": ""UnstableTransition"", ""policy_mode"": ""ViewTransitionPolicy"", ""allow_memory_query"": false, ""allow_hard_retrieve"": false, ""allow_soft_reuse"": false, ""query_result"": """", ""candidate_count"": 0, ""best_candidate_frame_id"": null, ""best_candidate_score"": 0.0, ""best_candidate_pose_distance"": 0.0, ""best_candidate_yaw_delta"": 0.0, ""best_candidate_frame_gap"": 0, ""best_candidate_first_visit"": 0.0, ""best_candidate_visit_age"": 0.0, ""best_candidate_cluster_id"": -1, ""best_candidate_first_visit_frame_id"": null, ""target_window_ids"": """", ""retrieved_window_ids"": """", ""window_rank_reason"": """", ""trajectory_motion_state"": ""Progressing"", ""trajectory_direction"": ""forward"", ""trajectory_frames"": 5, ""trajectory_distance"": 5.310035549237367, ""trajectory_should_progress"": true, ""trajectory_confidence"": 1.0, ""revisit_gate_allow_retrieve"": false, ""revisit_gate_allow_soft_reuse"": false, ""revisit_gate_force_progress"": true, ""revisit_gate_protect_current"": false, ""revisit_gate_reason"": ""hybrid_forward_progress"", ""revisit_type"": """", ""selection_is_hard_retrieve"": false, ""selection_is_soft_reuse"": false, ""selection_is_progress"": false, ""action_mode"": ""Viewpoint Locomotion"", ""action_mode_confidence"": 1.0, ""action_mode_reason"": ""move=1.0000:view=0.0400:Viewpoint Locomotion"", ""scheduler_path"": ""Viewpoint Locomotion->turn_transition"", ""turn_state"": ""TurnInProgress"", ""turn_confidence"": 0.50048828125, ""turn_duration"": 2, ""turn_direction"": ""right"", ""turn_reason"": ""rotation=0.0400"", ""window_layout_type"": ""turn_transition"", ""window_reason"": ""TurnInProgress:turn_transition"", ""frame_index"": 45, ""pose_x"": 0.6327893220316694, ""pose_z"": 4.36707090534866, ""pose_yaw"": 1.862645149230957e-09, ""pose_pitch"": 0.0, ""delta_x"": -0.020018192171125698, ""delta_z"": 0.9997996159142091, ""local_delta_x"": 0.0, ""local_delta_z"": 1.0, ""delta_yaw"": 0.0400390625, ""delta_pitch"": 0.0, ""movement_magnitude"": 1.0, ""rotation_magnitude"": 0.0400390625, ""pose_confidence"": 1.0, ""reference_override_used"": false, ""retrieved_reference_active"": false, ""retrieved_reference_ids"": """", ""anchor_frame_id"": 35, ""anchor_distance"": -1.0, ""anchor_gap"": 7, ""anchor_lag"": -1.0, ""anchor_advance_triggered"": false}"
Experiment001,48,1785830932.0080862,44,37,40,0.9815352912992239,depth,225280,0.9815352912992239,physmem_keep,30 36 37 41 42 43 44 45 46,stableworld_tri_9,9,1,6,149.63625324890018,,,,,0.9815352912992239,,,,Walk,1.0,0.6143366603303515,,KEEP,0.7053317427635193,,,,depth,0.9815352912992239,0.9815352912992239,"{""frame_id"": 48, ""current_frame_id"": 44, ""similarity"": 0.9815352912992239, ""similarity_type"": ""depth"", ""matching_points"": 225280, ""confidence"": 0.9815352912992239, ""decision"": ""physmem_keep"", ""memory_state"": [30, 36, 37, 41, 42, 43, 44, 45, 46], ""memory_id"": ""stableworld_tri_9"", ""memory_size"": 9, ""replace_count"": 1, ""keep_count"": 6, ""runtime"": 149.63625324890018, ""pose_event"": """", ""use_pose_memory"": true, ""view_intent"": ""None"", ""move_intent"": ""Walk"", ""has_view_motion"": false, ""has_move_motion"": true, ""action_explanation"": ""locomotion"", ""pose_delta_position"": 1.0, ""view_state"": ""Novel View"", ""view_confidence"": 0.5, ""view_pose_distance"": 1.0, ""view_yaw_delta"": 0.0, ""nearest_view_frame_id"": 42, ""memory_selection_mode"": ""orb_locomotion"", ""memory_selection_target"": null, ""memory_selection_anchor_type"": """", ""memory_selection_reason"": ""move=1.0000:Walk"", ""source_anchor_frame_id"": null, ""source_anchor_locked"": false, ""protected_anchor_ids"": """", ""loop_closure_detected"": false, ""turn_result"": """", ""policy_mode"": ""LocomotionPolicy"", ""allow_memory_query"": false, ""allow_hard_retrieve"": false, ""allow_soft_reuse"": false, ""query_result"": """", ""candidate_count"": 0, ""best_candidate_frame_id"": null, ""best_candidate_score"": 0.0, ""best_candidate_pose_distance"": 0.0, ""best_candidate_yaw_delta"": 0.0, ""best_candidate_frame_gap"": 0, ""best_candidate_first_visit"": 0.0, ""best_candidate_visit_age"": 0.0, ""best_candidate_cluster_id"": -1, ""best_candidate_first_visit_frame_id"": null, ""target_window_ids"": """", ""retrieved_window_ids"": """", ""window_rank_reason"": """", ""trajectory_motion_state"": ""Progressing"", ""trajectory_direction"": ""forward"", ""trajectory_frames"": 6, ""trajectory_distance"": 6.310035549237367, ""trajectory_should_progress"": true, ""trajectory_confidence"": 1.0, ""revisit_gate_allow_retrieve"": false, ""revisit_gate_allow_soft_reuse"": false, ""revisit_gate_force_progress"": false, ""revisit_gate_protect_current"": false, ""revisit_gate_reason"": ""locomotion_only_orb_dominant"", ""revisit_type"": """", ""selection_is_hard_retrieve"": false, ""selection_is_soft_reuse"": false, ""selection_is_progress"": false, ""action_mode"": ""Locomotion Only"", ""action_mode_confidence"": 1.0, ""action_mode_reason"": ""move=1.0000:Walk"", ""scheduler_path"": ""Locomotion Only->orb_locomotion"", ""turn_state"": ""PostTurnStabilization"", ""turn_confidence"": 1.0, ""turn_duration"": 1, ""turn_direction"": ""right"", ""turn_reason"": ""mouse_stopped_after_turn"", ""window_layout_type"": ""orb_locomotion"", ""window_reason"": ""PostTurnStabilization:orb_locomotion"", ""frame_index"": 48, ""pose_x"": 0.6327893238943145, ""pose_z"": 5.36707090534866, ""pose_yaw"": 1.862645149230957e-09, ""pose_pitch"": 0.0, ""delta_x"": 1.862645149230957e-09, ""delta_z"": 1.0, ""local_delta_x"": 0.0, ""local_delta_z"": 1.0, ""delta_yaw"": 0.0, ""delta_pitch"": 0.0, ""movement_magnitude"": 1.0, ""rotation_magnitude"": 0.0, ""pose_confidence"": 1.0, ""reference_override_used"": false, ""retrieved_reference_active"": false, ""retrieved_reference_ids"": """", ""anchor_frame_id"": 37, ""anchor_distance"": 3.077390755269211, ""anchor_gap"": 7, ""anchor_lag"": 3.077390755269211, ""anchor_advance_triggered"": false}"
Experiment001,51,1785830933.0941157,47,37,43,0.9846434108912945,depth,225280,0.9846434108912945,physmem_insert,41 42 43 44 45 46 47 48 49,stableworld_tri_9,9,1,6,121.39353482052684,,,,,0.9846434108912945,,,,Walk,1.4142135623730951,0.5912344013957156,,INSERT,0.6784460544586182,,,,depth,0.9846434108912945,0.9846434108912945,"{""frame_id"": 51, ""current_frame_id"": 47, ""similarity"": 0.9846434108912945, ""similarity_type"": ""depth"", ""matching_points"": 225280, ""confidence"": 0.9846434108912945, ""decision"": ""physmem_insert"", ""memory_state"": [41, 42, 43, 44, 45, 46, 47, 48, 49], ""memory_id"": ""stableworld_tri_9"", ""memory_size"": 9, ""replace_count"": 1, ""keep_count"": 6, ""runtime"": 121.39353482052684, ""pose_event"": """", ""use_pose_memory"": true, ""view_intent"": ""None"", ""move_intent"": ""Walk"", ""has_view_motion"": false, ""has_move_motion"": true, ""action_explanation"": ""locomotion"", ""pose_delta_position"": 1.4142135623730951, ""view_state"": ""Novel View"", ""view_confidence"": 0.5, ""view_pose_distance"": 1.4142135623730951, ""view_yaw_delta"": 0.0, ""nearest_view_frame_id"": 44, ""memory_selection_mode"": ""orb_locomotion"", ""memory_selection_target"": null, ""memory_selection_anchor_type"": """", ""memory_selection_reason"": ""move=1.4142:Walk"", ""source_anchor_frame_id"": null, ""source_anchor_locked"": false, ""protected_anchor_ids"": """", ""loop_closure_detected"": false, ""turn_result"": """", ""policy_mode"": ""LocomotionPolicy"", ""allow_memory_query"": false, ""allow_hard_retrieve"": false, ""allow_soft_reuse"": false, ""query_result"": """", ""candidate_count"": 0, ""best_candidate_frame_id"": null, ""best_candidate_score"": 0.0, ""best_candidate_pose_distance"": 0.0, ""best_candidate_yaw_delta"": 0.0, ""best_candidate_frame_gap"": 0, ""best_candidate_first_visit"": 0.0, ""best_candidate_visit_age"": 0.0, ""best_candidate_cluster_id"": -1, ""best_candidate_first_visit_frame_id"": null, ""target_window_ids"": """", ""retrieved_window_ids"": """", ""window_rank_reason"": """", ""trajectory_motion_state"": ""Progressing"", ""trajectory_direction"": ""forward"", ""trajectory_frames"": 7, ""trajectory_distance"": 7.724249111610462, ""trajectory_should_progress"": true, ""trajectory_confidence"": 1.0, ""revisit_gate_allow_retrieve"": false, ""revisit_gate_allow_soft_reuse"": false, ""revisit_gate_force_progress"": false, ""revisit_gate_protect_current"": false, ""revisit_gate_reason"": ""locomotion_only_orb_dominant"", ""revisit_type"": """", ""selection_is_hard_retrieve"": false, ""selection_is_soft_reuse"": false, ""selection_is_progress"": false, ""action_mode"": ""Locomotion Only"", ""action_mode_confidence"": 1.0, ""action_mode_reason"": ""move=1.4142:Walk"", ""scheduler_path"": ""Locomotion Only->orb_locomotion"", ""turn_state"": ""PostTurnStabilization"", ""turn_confidence"": 0.5, ""turn_duration"": 2, ""turn_direction"": ""right"", ""turn_reason"": ""mouse_stopped_after_turn"", ""window_layout_type"": ""orb_locomotion"", ""window_reason"": ""PostTurnStabilization:orb_locomotion"", ""frame_index"": 51, ""pose_x"": -0.3672106742430403, ""pose_z"": 6.367070907211305, ""pose_yaw"": 1.862645149230957e-09, ""pose_pitch"": 0.0, ""delta_x"": -0.9999999981373549, ""delta_z"": 1.0000000018626451, ""local_delta_x"": -1.0, ""local_delta_z"": 1.0, ""delta_yaw"": 0.0, ""delta_pitch"": 0.0, ""movement_magnitude"": 1.4142135623730951, ""rotation_magnitude"": 0.0, ""pose_confidence"": 1.0, ""reference_override_used"": false, ""retrieved_reference_active"": false, ""retrieved_reference_ids"": """", ""anchor_frame_id"": 37, ""anchor_distance"": 4.030289050700951, ""anchor_gap"": 10, ""anchor_lag"": 4.030289050700951, ""anchor_advance_triggered"": false}"
Experiment001,54,1785830934.0879445,50,43,46,0.9717085659503937,depth,225280,0.9717085659503937,physmem_keep,41 42 43 47 48 49 50 51 52,stableworld_tri_9,9,1,6,55.09263975545764,,,,,0.9717085659503937,,,,Walk,1.4142135623730951,0.5853704084265055,,KEEP,0.6324543952941895,,,,depth,0.9717085659503937,0.9717085659503937,"{""frame_id"": 54, ""current_frame_id"": 50, ""similarity"": 0.9717085659503937, ""similarity_type"": ""depth"", ""matching_points"": 225280, ""confidence"": 0.9717085659503937, ""decision"": ""physmem_keep"", ""memory_state"": [41, 42, 43, 47, 48, 49, 50, 51, 52], ""memory_id"": ""stableworld_tri_9"", ""memory_size"": 9, ""replace_count"": 1, ""keep_count"": 6, ""runtime"": 55.09263975545764, ""pose_event"": """", ""use_pose_memory"": true, ""view_intent"": ""None"", ""move_intent"": ""Walk"", ""has_view_motion"": false, ""has_move_motion"": true, ""action_explanation"": ""locomotion"", ""pose_delta_position"": 1.4142135623730951, ""view_state"": ""Novel View"", ""view_confidence"": 0.5, ""view_pose_distance"": 1.4142135623730951, ""view_yaw_delta"": 0.0, ""nearest_view_frame_id"": 47, ""memory_selection_mode"": ""orb_locomotion"", ""memory_selection_target"": null, ""memory_selection_anchor_type"": """", ""memory_selection_reason"": ""move=1.4142:Walk"", ""source_anchor_frame_id"": null, ""source_anchor_locked"": false, ""protected_anchor_ids"": """", ""loop_closure_detected"": false, ""turn_result"": """", ""policy_mode"": ""LocomotionPolicy"", ""allow_memory_query"": false, ""allow_hard_retrieve"": false, ""allow_soft_reuse"": false, ""query_result"": """", ""candidate_count"": 0, ""best_candidate_frame_id"": null, ""best_candidate_score"": 0.0, ""best_candidate_pose_distance"": 0.0, ""best_candidate_yaw_delta"": 0.0, ""best_candidate_frame_gap"": 0, ""best_candidate_first_visit"": 0.0, ""best_candidate_visit_age"": 0.0, ""best_candidate_cluster_id"": -1, ""best_candidate_first_visit_frame_id"": null, ""target_window_ids"": """", ""retrieved_window_ids"": """", ""window_rank_reason"": """", ""trajectory_motion_state"": ""Progressing"", ""trajectory_direction"": ""forward"", ""trajectory_frames"": 8, ""trajectory_distance"": 9.138462673983557, ""trajectory_should_progress"": true, ""trajectory_confidence"": 1.0, ""revisit_gate_allow_retrieve"": false, ""revisit_gate_allow_soft_reuse"": false, ""revisit_gate_force_progress"": false, ""revisit_gate_protect_current"": false, ""revisit_gate_reason"": ""locomotion_only_orb_dominant"", ""revisit_type"": """", ""selection_is_hard_retrieve"": false, ""selection_is_soft_reuse"": false, ""selection_is_progress"": false, ""action_mode"": ""Locomotion Only"", ""action_mode_confidence"": 1.0, ""action_mode_reason"": ""move=1.4142:Walk"", ""scheduler_path"": ""Locomotion Only->orb_locomotion"", ""turn_state"": ""StableNewView"", ""turn_confidence"": 1.0, ""turn_duration"": 0, ""turn_direction"": ""right"", ""turn_reason"": ""stable"", ""window_layout_type"": ""orb_locomotion"", ""window_reason"": ""StableNewView:orb_locomotion"", ""frame_index"": 54, ""pose_x"": 0.6327893276196048, ""pose_z"": 7.36707090534866, ""pose_yaw"": 1.862645149230957e-09, ""pose_pitch"": 0.0, ""delta_x"": 1.0000000018626451, ""delta_z"": 0.9999999981373549, ""local_delta_x"": 1.0, ""local_delta_z"": 1.0, ""delta_yaw"": 0.0, ""delta_pitch"": 0.0, ""movement_magnitude"": 1.4142135623730951, ""rotation_magnitude"": 0.0, ""pose_confidence"": 1.0, ""reference_override_used"": false, ""retrieved_reference_active"": false, ""retrieved_reference_ids"": """", ""anchor_frame_id"": 43, ""anchor_distance"": -1.0, ""anchor_gap"": 7, ""anchor_lag"": -1.0, ""anchor_advance_triggered"": false}"
Experiment001,57,1785830935.1108174,53,43,49,0.9769728034734726,depth,225280,0.9769728034734726,physmem_insert,47 48 49 50 51 52 53 54 55,stableworld_tri_9,9,1,6,77.08349078893661,,,,,0.9769728034734726,,,,Left,0.7453560147132695,0.5564487477661535,,INSERT,0.6083191633224487,,,,depth,0.9769728034734726,0.9769728034734726,"{""frame_id"": 57, ""current_frame_id"": 53, ""similarity"": 0.9769728034734726, ""similarity_type"": ""depth"", ""matching_points"": 225280, ""confidence"": 0.9769728034734726, ""decision"": ""physmem_insert"", ""memory_state"": [47, 48, 49, 50, 51, 52, 53, 54, 55], ""memory_id"": ""stableworld_tri_9"", ""memory_size"": 9, ""replace_count"": 1, ""keep_count"": 6, ""runtime"": 77.08349078893661, ""pose_event"": """", ""use_pose_memory"": true, ""view_intent"": ""None"", ""move_intent"": ""Left"", ""has_view_motion"": false, ""has_move_motion"": true, ""action_explanation"": ""lateral_motion"", ""pose_delta_position"": 0.3333333432674408, ""view_state"": ""Known View"", ""view_confidence"": 0.8039215627838583, ""view_pose_distance"": 0.3333333432674408, ""view_yaw_delta"": 0.0, ""nearest_view_frame_id"": 50, ""memory_selection_mode"": ""orb_locomotion"", ""memory_selection_target"": null, ""memory_selection_anchor_type"": """", ""memory_selection_reason"": ""move=0.3333:Left"", ""source_anchor_frame_id"": null, ""source_anchor_locked"": false, ""protected_anchor_ids"": """", ""loop_closure_detected"": false, ""turn_result"": """", ""policy_mode"": ""LocomotionPolicy"", ""allow_memory_query"": false, ""allow_hard_retrieve"": false, ""allow_soft_reuse"": false, ""query_result"": """", ""candidate_count"": 0, ""best_candidate_frame_id"": null, ""best_candidate_score"": 0.0, ""best_candidate_pose_distance"": 0.0, ""best_candidate_yaw_delta"": 0.0, ""best_candidate_frame_gap"": 0, ""best_candidate_first_visit"": 0.0, ""best_candidate_visit_age"": 0.0, ""best_candidate_cluster_id"": -1, ""best_candidate_first_visit_frame_id"": null, ""target_window_ids"": """", ""retrieved_window_ids"": """", ""window_rank_reason"": """", ""trajectory_motion_state"": ""Starting"", ""trajectory_direction"": ""left"", ""trajectory_frames"": 1, ""trajectory_distance"": 0.3333333432674408, ""trajectory_should_progress"": false, ""trajectory_confidence"": 0.75, ""revisit_gate_allow_retrieve"": false, ""revisit_gate_allow_soft_reuse"": false, ""revisit_gate_force_progress"": false, ""revisit_gate_protect_current"": false, ""revisit_gate_reason"": ""locomotion_only_orb_dominant"", ""revisit_type"": """", ""selection_is_hard_retrieve"": false, ""selection_is_soft_reuse"": false, ""selection_is_progress"": false, ""action_mode"": ""Locomotion Only"", ""action_mode_confidence"": 0.3333333432674408, ""action_mode_reason"": ""move=0.3333:Left"", ""scheduler_path"": ""Locomotion Only->orb_locomotion"", ""turn_state"": ""StableNewView"", ""turn_confidence"": 1.0, ""turn_duration"": 0, ""turn_direction"": ""right"", ""turn_reason"": ""stable"", ""window_layout_type"": ""orb_locomotion"", ""window_reason"": ""StableNewView:orb_locomotion"", ""frame_index"": 57, ""pose_x"": 0.29945598435216403, ""pose_z"": 7.367070905969542, ""pose_yaw"": 1.862645149230957e-09, ""pose_pitch"": 0.0, ""delta_x"": -0.3333333432674408, ""delta_z"": 6.208817349140361e-10, ""local_delta_x"": -0.3333333432674408, ""local_delta_z"": 0.0, ""delta_yaw"": 0.0, ""delta_pitch"": 0.0, ""movement_magnitude"": 0.3333333432674408, ""rotation_magnitude"": 0.0, ""pose_confidence"": 1.0, ""reference_override_used"": false, ""retrieved_reference_active"": false, ""retrieved_reference_ids"": """", ""anchor_frame_id"": 43, ""anchor_distance"": -1.0, ""anchor_gap"": 10, ""anchor_lag"": -1.0, ""anchor_advance_triggered"": false}"
Experiment001,60,1785830936.9122367,56,49,52,0.965592872351408,depth,225280,0.965592872351408,physmem_keep,47 48 49 53 54 55 56 57 58,stableworld_tri_9,9,1,6,71.71393185853958,,,,,0.965592872351408,,,,Viewpoint Locomotion,0.3333333432674408,0.5946360486467779,,KEEP,0.6736192107200623,,,,depth,0.965592872351408,0.965592872351408,"{""frame_id"": 60, ""current_frame_id"": 56, ""similarity"": 0.965592872351408, ""similarity_type"": ""depth"", ""matching_points"": 225280, ""confidence"": 0.965592872351408, ""decision"": ""physmem_keep"", ""memory_state"": [47, 48, 49, 53, 54, 55, 56, 57, 58], ""memory_id"": ""stableworld_tri_9"", ""memory_size"": 9, ""replace_count"": 1, ""keep_count"": 6, ""runtime"": 71.71393185853958, ""pose_event"": """", ""use_pose_memory"": true, ""view_intent"": ""Turn Left"", ""move_intent"": ""Right"", ""has_view_motion"": true, ""has_move_motion"": true, ""action_explanation"": ""viewpoint_locomotion"", ""pose_delta_position"": 0.3333333432674408, ""view_state"": ""Known View"", ""view_confidence"": 0.8551556252072205, ""view_pose_distance"": 0.019962293690683336, ""view_yaw_delta"": 0.1197916641831398, ""nearest_view_frame_id"": 50, ""memory_selection_mode"": ""protect_current"", ""memory_selection_target"": null, ""memory_selection_anchor_type"": """", ""memory_selection_reason"": ""move=0.3333:view=0.1198:Viewpoint Locomotion"", ""source_anchor_frame_id"": 49, ""source_anchor_locked"": true, ""protected_anchor_ids"": ""49"", ""loop_closure_detected"": false, ""turn_result"": ""TurnStart"", ""policy_mode"": ""TurnStartPolicy"", ""allow_memory_query"": false, ""allow_hard_retrieve"": false, ""allow_soft_reuse"": false, ""query_result"": """", ""candidate_count"": 0, ""best_candidate_frame_id"": null, ""best_candidate_score"": 0.0, ""best_candidate_pose_distance"": 0.0, ""best_candidate_yaw_delta"": 0.0, ""best_candidate_frame_gap"": 0, ""best_candidate_first_visit"": 0.0, ""best_candidate_visit_age"": 0.0, ""best_candidate_cluster_id"": -1, ""best_candidate_first_visit_frame_id"": null, ""target_window_ids"": """", ""retrieved_window_ids"": """", ""window_rank_reason"": """", ""trajectory_motion_state"": ""Starting"", ""trajectory_direction"": ""right"", ""trajectory_frames"": 1, ""trajectory_distance"": 0.3333333432674408, ""trajectory_should_progress"": false, ""trajectory_confidence"": 0.75, ""revisit_gate_allow_retrieve"": false, ""revisit_gate_allow_soft_reuse"": false, ""revisit_gate_force_progress"": false, ""revisit_gate_protect_current"": false, ""revisit_gate_reason"": ""known_view_blocked_by_motion:0.3333"", ""revisit_type"": """", ""selection_is_hard_retrieve"": false, ""selection_is_soft_reuse"": false, ""selection_is_progress"": false, ""action_mode"": ""Viewpoint Locomotion"", ""action_mode_confidence"": 0.3333333432674408, ""action_mode_reason"": ""move=0.3333:view=0.1198:Viewpoint Locomotion"", ""scheduler_path"": ""Viewpoint Locomotion->protect_current"", ""turn_state"": ""TurnStart"", ""turn_confidence"": 1.0, ""turn_duration"": 1, ""turn_direction"": ""left"", ""turn_reason"": ""rotation=0.1198"", ""window_layout_type"": ""protect_current"", ""window_reason"": ""TurnStart:protect_current"", ""frame_index"": 60, ""pose_x"": 0.6321915879204952, ""pose_z"": 7.387024247841716, ""pose_yaw"": -0.11979166232049465, ""pose_pitch"": 0.0, ""delta_x"": 0.3327356035683312, ""delta_z"": 0.019953341872174398, ""local_delta_x"": 0.3333333432674408, ""local_delta_z"": 0.0, ""delta_yaw"": -0.1197916641831398, ""delta_pitch"": 0.0, ""movement_magnitude"": 0.3333333432674408, ""rotation_magnitude"": 0.1197916641831398, ""pose_confidence"": 1.0, ""reference_override_used"": false, ""retrieved_reference_active"": false, ""retrieved_reference_ids"": """", ""anchor_frame_id"": 49, ""anchor_distance"": -1.0, ""anchor_gap"": 7, ""anchor_lag"": -1.0, ""anchor_advance_triggered"": false}"
Experiment001,63,1785830938.9344077,59,49,55,0.9756091311573982,depth,225280,0.9756091311573982,physmem_keep,47 48 49 56 57 58 59 60 61,stableworld_tri_9,9,1,6,73.2411197386682,,,,,0.9756091311573982,,,,Turn Left,0.1796875,0.583736485809635,,KEEP,0.651635468006134,,,,depth,0.9756091311573982,0.9756091311573982,"{""frame_id"": 63, ""current_frame_id"": 59, ""similarity"": 0.9756091311573982, ""similarity_type"": ""depth"", ""matching_points"": 225280, ""confidence"": 0.9756091311573982, ""decision"": ""physmem_keep"", ""memory_state"": [47, 48, 49, 56, 57, 58, 59, 60, 61], ""memory_id"": ""stableworld_tri_9"", ""memory_size"": 9, ""replace_count"": 1, ""keep_count"": 6, ""runtime"": 73.2411197386682, ""pose_event"": """", ""use_pose_memory"": true, ""view_intent"": ""Turn Left"", ""move_intent"": ""None"", ""has_view_motion"": true, ""has_move_motion"": false, ""action_explanation"": ""viewpoint_change"", ""pose_delta_position"": 0.0, ""view_state"": ""View Transition"", ""view_confidence"": 0.5989583333333334, ""view_pose_distance"": 0.0, ""view_yaw_delta"": 0.1796875, ""nearest_view_frame_id"": 56, ""memory_selection_mode"": ""turn_transition"", ""memory_selection_target"": null, ""memory_selection_anchor_type"": """", ""memory_selection_reason"": ""rotation=0.1797"", ""source_anchor_frame_id"": 49, ""source_anchor_locked"": true, ""protected_anchor_ids"": ""49"", ""loop_closure_detected"": false, ""turn_result"": ""UnstableTransition"", ""policy_mode"": ""ViewTransitionPolicy"", ""allow_memory_query"": false, ""allow_hard_retrieve"": false, ""allow_soft_reuse"": false, ""query_result"": """", ""candidate_count"": 0, ""best_candidate_frame_id"": null, ""best_candidate_score"": 0.0, ""best_candidate_pose_distance"": 0.0, ""best_candidate_yaw_delta"": 0.0, ""best_candidate_frame_gap"": 0, ""best_candidate_first_visit"": 0.0, ""best_candidate_visit_age"": 0.0, ""best_candidate_cluster_id"": -1, ""best_candidate_first_visit_frame_id"": null, ""target_window_ids"": """", ""retrieved_window_ids"": """", ""window_rank_reason"": """", ""trajectory_motion_state"": ""Idle"", ""trajectory_direction"": ""none"", ""trajectory_frames"": 0, ""trajectory_distance"": 0.0, ""trajectory_should_progress"": false, ""trajectory_confidence"": 0.0, ""revisit_gate_allow_retrieve"": false, ""revisit_gate_allow_soft_reuse"": false, ""revisit_gate_force_progress"": false, ""revisit_gate_protect_current"": true, ""revisit_gate_reason"": ""view_transition"", ""revisit_type"": """", ""selection_is_hard_retrieve"": false, ""selection_is_soft_reuse"": false, ""selection_is_progress"": false, ""action_mode"": ""View Rotation Only"", ""action_mode_confidence"": 0.998263888888889, ""action_mode_reason"": ""view=0.1797:Turn Left"", ""scheduler_path"": ""View Rotation Only->turn_transition"", ""turn_state"": ""TurnInProgress"", ""turn_confidence"": 1.0, ""turn_duration"": 2, ""turn_direction"": ""left"", ""turn_reason"": ""rotation=0.1797"", ""window_layout_type"": ""turn_transition"", ""window_reason"": ""TurnInProgress:turn_transition"", ""frame_index"": 63, ""pose_x"": 0.6321915879204952, ""pose_z"": 7.387024247841716, ""pose_yaw"": -0.29947916232049465, ""pose_pitch"": 0.0, ""delta_x"": 0.0, ""delta_z"": 0.0, ""local_delta_x"": 0.0, ""local_delta_z"": 0.0, ""delta_yaw"": -0.1796875, ""delta_pitch"": 0.0, ""movement_magnitude"": 0.0, ""rotation_magnitude"": 0.1796875, ""pose_confidence"": 1.0, ""reference_override_used"": false, ""retrieved_reference_active"": false, ""retrieved_reference_ids"": """", ""anchor_frame_id"": 49, ""anchor_distance"": -1.0, ""anchor_gap"": 10, ""anchor_lag"": -1.0, ""anchor_advance_triggered"": false}"
Experiment001,66,1785830940.9766781,62,49,58,0.9687125906348228,depth,225280,0.9687125906348228,physmem_insert,49 56 57 58 59 60 61 62 63,stableworld_tri_9,9,1,7,74.29699180647731,,,,,0.9687125906348228,,,,Viewpoint Locomotion,0.6666666865348816,0.5491081873099652,,INSERT,0.6347749829292297,,,,depth,0.9687125906348228,0.9687125906348228,"{""frame_id"": 66, ""current_frame_id"": 62, ""similarity"": 0.9687125906348228, ""similarity_type"": ""depth"", ""matching_points"": 225280, ""confidence"": 0.9687125906348228, ""decision"": ""physmem_insert"", ""memory_state"": [49, 56, 57, 58, 59, 60, 61, 62, 63], ""memory_id"": ""stableworld_tri_9"", ""memory_size"": 9, ""replace_count"": 1, ""keep_count"": 7, ""runtime"": 74.29699180647731, ""pose_event"": """", ""use_pose_memory"": true, ""view_intent"": ""Turn Right"", ""move_intent"": ""Left"", ""has_view_motion"": true, ""has_move_motion"": true, ""action_explanation"": ""viewpoint_locomotion"", ""pose_delta_position"": 0.6666666865348816, ""view_state"": ""Revisit"", ""view_confidence"": 0.4259897595402765, ""view_pose_distance"": 0.3476225062076498, ""view_yaw_delta"": 0.2395833320915699, ""nearest_view_frame_id"": 53, ""memory_selection_mode"": ""turn_transition"", ""memory_selection_target"": null, ""memory_selection_anchor_type"": """", ""memory_selection_reason"": ""rotation=0.0599"", ""source_anchor_frame_id"": 49, ""source_anchor_locked"": true, ""protected_anchor_ids"": ""49"", ""loop_closure_detected"": false, ""turn_result"": ""UnstableTransition"", ""policy_mode"": ""ViewTransitionPolicy"", ""allow_memory_query"": false, ""allow_hard_retrieve"": false, ""allow_soft_reuse"": false, ""query_result"": """", ""candidate_count"": 0, ""best_candidate_frame_id"": null, ""best_candidate_score"": 0.0, ""best_candidate_pose_distance"": 0.0, ""best_candidate_yaw_delta"": 0.0, ""best_candidate_frame_gap"": 0, ""best_candidate_first_visit"": 0.0, ""best_candidate_visit_age"": 0.0, ""best_candidate_cluster_id"": -1, ""best_candidate_first_visit_frame_id"": null, ""target_window_ids"": """", ""retrieved_window_ids"": """", ""window_rank_reason"": """", ""trajectory_motion_state"": ""Starting"", ""trajectory_direction"": ""left"", ""trajectory_frames"": 1, ""trajectory_distance"": 0.6666666865348816, ""trajectory_should_progress"": false, ""trajectory_confidence"": 0.75, ""revisit_gate_allow_retrieve"": false, ""revisit_gate_allow_soft_reuse"": false, ""revisit_gate_force_progress"": false, ""revisit_gate_protect_current"": false, ""revisit_gate_reason"": ""revisit_blocked_by_motion:0.6667"", ""revisit_type"": """", ""selection_is_hard_retrieve"": false, ""selection_is_soft_reuse"": false, ""selection_is_progress"": false, ""action_mode"": ""Viewpoint Locomotion"", ""action_mode_confidence"": 0.6666666865348816, ""action_mode_reason"": ""move=0.6667:view=0.0599:Viewpoint Locomotion"", ""scheduler_path"": ""Viewpoint Locomotion->turn_transition"", ""turn_state"": ""TurnInProgress"", ""turn_confidence"": 0.7486979011446238, ""turn_duration"": 3, ""turn_direction"": ""right"", ""turn_reason"": ""rotation=0.0599"", ""window_layout_type"": ""turn_transition"", ""window_reason"": ""TurnInProgress:turn_transition"", ""frame_index"": 66, ""pose_x"": -0.010405645784525741, ""pose_z"": 7.209504485082601, ""pose_yaw"": -0.23958333022892475, ""pose_pitch"": 0.0, ""delta_x"": -0.642597233705021, ""delta_z"": -0.17751976275911557, ""local_delta_x"": -0.6666666865348816, ""local_delta_z"": 0.0, ""delta_yaw"": 0.0598958320915699, ""delta_pitch"": 0.0, ""movement_magnitude"": 0.6666666865348816, ""rotation_magnitude"": 0.0598958320915699, ""pose_confidence"": 1.0, ""reference_override_used"": false, ""retrieved_reference_active"": false, ""retrieved_reference_ids"": """", ""anchor_frame_id"": 49, ""anchor_distance"": -1.0, ""anchor_gap"": 13, ""anchor_lag"": -1.0, ""anchor_advance_triggered"": false}"
Experiment001,69,1785830943.0737908,64,57,60,0.9512098282575607,depth,225280,0.9512098282575607,physmem_keep,49 56 57 61 62 63 64 65 66,stableworld_tri_9,9,1,6,111.48009728640318,,,,,0.9512098282575607,,,,Viewpoint Locomotion,0.7453560147132695,0.6443966063678466,,KEEP,0.7962007522583008,,,,depth,0.9512098282575607,0.9512098282575607,"{""frame_id"": 69, ""current_frame_id"": 64, ""similarity"": 0.9512098282575607, ""similarity_type"": ""depth"", ""matching_points"": 225280, ""confidence"": 0.9512098282575607, ""decision"": ""physmem_keep"", ""memory_state"": [49, 56, 57, 61, 62, 63, 64, 65, 66], ""memory_id"": ""stableworld_tri_9"", ""memory_size"": 9, ""replace_count"": 1, ""keep_count"": 6, ""runtime"": 111.48009728640318, ""pose_event"": """", ""use_pose_memory"": true, ""view_intent"": ""Turn Left"", ""move_intent"": ""Right"", ""has_view_motion"": true, ""has_move_motion"": true, ""action_explanation"": ""viewpoint_locomotion"", ""pose_delta_position"": 0.3333333432674408, ""view_state"": ""Revisit"", ""view_confidence"": 0.5256722305105771, ""view_pose_distance"": 0.0697505881274062, ""view_yaw_delta"": 0.2994791641831398, ""nearest_view_frame_id"": 53, ""memory_selection_mode"": ""turn_transition"", ""memory_selection_target"": null, ""memory_selection_anchor_type"": """", ""memory_selection_reason"": ""rotation=0.0599"", ""source_anchor_frame_id"": 49, ""source_anchor_locked"": true, ""protected_anchor_ids"": ""49"", ""loop_closure_detected"": false, ""turn_result"": ""UnstableTransition"", ""policy_mode"": ""ViewTransitionPolicy"", ""allow_memory_query"": false, ""allow_hard_retrieve"": false, ""allow_soft_reuse"": false, ""query_result"": """", ""candidate_count"": 0, ""best_candidate_frame_id"": null, ""best_candidate_score"": 0.0, ""best_candidate_pose_distance"": 0.0, ""best_candidate_yaw_delta"": 0.0, ""best_candidate_frame_gap"": 0, ""best_candidate_first_visit"": 0.0, ""best_candidate_visit_age"": 0.0, ""best_candidate_cluster_id"": -1, ""best_candidate_first_visit_frame_id"": null, ""target_window_ids"": """", ""retrieved_window_ids"": """", ""window_rank_reason"": """", ""trajectory_motion_state"": ""Starting"", ""trajectory_direction"": ""right"", ""trajectory_frames"": 1, ""trajectory_distance"": 0.3333333432674408, ""trajectory_should_progress"": false, ""trajectory_confidence"": 0.75, ""revisit_gate_allow_retrieve"": false, ""revisit_gate_allow_soft_reuse"": false, ""revisit_gate_force_progress"": false, ""revisit_gate_protect_current"": false, ""revisit_gate_reason"": ""revisit_blocked_by_motion:0.3333"", ""revisit_type"": """", ""selection_is_hard_retrieve"": false, ""selection_is_soft_reuse"": false, ""selection_is_progress"": false, ""action_mode"": ""Viewpoint Locomotion"", ""action_mode_confidence"": 0.3333333432674408, ""action_mode_reason"": ""move=0.3333:view=0.0599:Viewpoint Locomotion"", ""scheduler_path"": ""Viewpoint Locomotion->turn_transition"", ""turn_state"": ""TurnInProgress"", ""turn_confidence"": 0.7486979011446238, ""turn_duration"": 4, ""turn_direction"": ""left"", ""turn_reason"": ""rotation=0.0599"", ""window_layout_type"": ""turn_transition"", ""window_reason"": ""TurnInProgress:turn_transition"", ""frame_index"": 69, ""pose_x"": 0.31089297106798475, ""pose_z"": 7.298264366462158, ""pose_yaw"": -0.29947916232049465, ""pose_pitch"": 0.0, ""delta_x"": 0.3212986168525105, ""delta_z"": 0.08875988137955779, ""local_delta_x"": 0.3333333432674408, ""local_delta_z"": 0.0, ""delta_yaw"": -0.0598958320915699, ""delta_pitch"": 0.0, ""movement_magnitude"": 0.3333333432674408, ""rotation_magnitude"": 0.0598958320915699, ""pose_confidence"": 1.0, ""reference_override_used"": false, ""retrieved_reference_active"": false, ""retrieved_reference_ids"": """", ""anchor_frame_id"": 57, ""anchor_distance"": -1.0, ""anchor_gap"": 7, ""anchor_lag"": -1.0, ""anchor_advance_triggered"": false}"
Experiment001,72,1785830945.1453264,67,57,63,0.8235628455877304,depth,225280,0.8235628455877304,physmem_insert,49 61 62 63 64 65 66 67 68,stableworld_tri_9,9,1,7,123.83001483976841,,,,,0.8235628455877304,,,,Viewpoint Locomotion,0.7453560147132695,0.514755590981332,,INSERT,0.632311224937439,,,,depth,0.8235628455877304,0.8235628455877304,"{""frame_id"": 72, ""current_frame_id"": 67, ""similarity"": 0.8235628455877304, ""similarity_type"": ""depth"", ""matching_points"": 225280, ""confidence"": 0.8235628455877304, ""decision"": ""physmem_insert"", ""memory_state"": [49, 61, 62, 63, 64, 65, 66, 67, 68], ""memory_id"": ""stableworld_tri_9"", ""memory_size"": 9, ""replace_count"": 1, ""keep_count"": 7, ""runtime"": 123.83001483976841, ""pose_event"": """", ""use_pose_memory"": true, ""view_intent"": ""Turn Left"", ""move_intent"": ""Right"", ""has_view_motion"": true, ""has_move_motion"": true, ""action_explanation"": ""viewpoint_locomotion"", ""pose_delta_position"": 0.3333333432674408, ""view_state"": ""Revisit"", ""view_confidence"": 0.6444299012182546, ""view_pose_distance"": 0.01996229369068248, ""view_yaw_delta"": 0.2395833320915699, ""nearest_view_frame_id"": 56, ""memory_selection_mode"": ""turn_transition"", ""memory_selection_target"": null, ""memory_selection_anchor_type"": """", ""memory_selection_reason"": ""rotation=0.0599"", ""source_anchor_frame_id"": 49, ""source_anchor_locked"": true, ""protected_anchor_ids"": ""49"", ""loop_closure_detected"": false, ""turn_result"": ""UnstableTransition"", ""policy_mode"": ""ViewTransitionPolicy"", ""allow_memory_query"": false, ""allow_hard_retrieve"": false, ""allow_soft_reuse"": false, ""query_result"": """", ""candidate_count"": 0, ""best_candidate_frame_id"": null, ""best_candidate_score"": 0.0, ""best_candidate_pose_distance"": 0.0, ""best_candidate_yaw_delta"": 0.0, ""best_candidate_frame_gap"": 0, ""best_candidate_first_visit"": 0.0, ""best_candidate_visit_age"": 0.0, ""best_candidate_cluster_id"": -1, ""best_candidate_first_visit_frame_id"": null, ""target_window_ids"": """", ""retrieved_window_ids"": """", ""window_rank_reason"": """", ""trajectory_motion_state"": ""Progressing"", ""trajectory_direction"": ""right"", ""trajectory_frames"": 2, ""trajectory_distance"": 0.6666666865348816, ""trajectory_should_progress"": true, ""trajectory_confidence"": 1.0, ""revisit_gate_allow_retrieve"": false, ""revisit_gate_allow_soft_reuse"": false, ""revisit_gate_force_progress"": true, ""revisit_gate_protect_current"": false, ""revisit_gate_reason"": ""hybrid_right_progress"", ""revisit_type"": """", ""selection_is_hard_retrieve"": false, ""selection_is_soft_reuse"": false, ""selection_is_progress"": false, ""action_mode"": ""Viewpoint Locomotion"", ""action_mode_confidence"": 0.3333333432674408, ""action_mode_reason"": ""move=0.3333:view=0.0599:Viewpoint Locomotion"", ""scheduler_path"": ""Viewpoint Locomotion->turn_transition"", ""turn_state"": ""TurnInProgress"", ""turn_confidence"": 0.7486979011446238, ""turn_duration"": 5, ""turn_direction"": ""left"", ""turn_reason"": ""rotation=0.0599"", ""window_layout_type"": ""turn_transition"", ""window_reason"": ""TurnInProgress:turn_transition"", ""frame_index"": 72, ""pose_x"": 0.6263022603063699, ""pose_z"": 7.4060980253817466, ""pose_yaw"": -0.35937499441206455, ""pose_pitch"": 0.0, ""delta_x"": 0.3154092892383852, ""delta_z"": 0.10783365891958879, ""local_delta_x"": 0.3333333432674408, ""local_delta_z"": 0.0, ""delta_yaw"": -0.0598958320915699, ""delta_pitch"": 0.0, ""movement_magnitude"": 0.3333333432674408, ""rotation_magnitude"": 0.0598958320915699, ""pose_confidence"": 1.0, ""reference_override_used"": false, ""retrieved_reference_active"": false, ""retrieved_reference_ids"": """", ""anchor_frame_id"": 57, ""anchor_distance"": -1.0, ""anchor_gap"": 10, ""anchor_lag"": -1.0, ""anchor_advance_triggered"": false}"
Experiment001,75,1785830947.1898434,69,62,65,0.937739372253418,depth,225280,0.937739372253418,physmem_keep,49 61 62 66 67 68 69 70 71,stableworld_tri_9,9,1,6,115.40113668888807,,,,,0.937739372253418,,,,Turn Right,0.1796875,0.5784725702882098,,KEEP,0.6494988203048706,,,,depth,0.937739372253418,0.937739372253418,"{""frame_id"": 75, ""current_frame_id"": 69, ""similarity"": 0.937739372253418, ""similarity_type"": ""depth"", ""matching_points"": 225280, ""confidence"": 0.937739372253418, ""decision"": ""physmem_keep"", ""memory_state"": [49, 61, 62, 66, 67, 68, 69, 70, 71], ""memory_id"": ""stableworld_tri_9"", ""memory_size"": 9, ""replace_count"": 1, ""keep_count"": 6, ""runtime"": 115.40113668888807, ""pose_event"": """", ""use_pose_memory"": true, ""view_intent"": ""Turn Right"", ""move_intent"": ""None"", ""has_view_motion"": true, ""has_move_motion"": false, ""action_explanation"": ""viewpoint_change"", ""pose_delta_position"": 0.0, ""view_state"": ""View Transition"", ""view_confidence"": 0.5989583333333334, ""view_pose_distance"": 0.0, ""view_yaw_delta"": 0.1796875, ""nearest_view_frame_id"": 67, ""memory_selection_mode"": ""turn_transition"", ""memory_selection_target"": null, ""memory_selection_anchor_type"": """", ""memory_selection_reason"": ""rotation=0.1797"", ""source_anchor_frame_id"": 49, ""source_anchor_locked"": true, ""protected_anchor_ids"": ""49"", ""loop_closure_detected"": false, ""turn_result"": ""UnstableTransition"", ""policy_mode"": ""ViewTransitionPolicy"", ""allow_memory_query"": false, ""allow_hard_retrieve"": false, ""allow_soft_reuse"": false, ""query_result"": """", ""candidate_count"": 0, ""best_candidate_frame_id"": null, ""best_candidate_score"": 0.0, ""best_candidate_pose_distance"": 0.0, ""best_candidate_yaw_delta"": 0.0, ""best_candidate_frame_gap"": 0, ""best_candidate_first_visit"": 0.0, ""best_candidate_visit_age"": 0.0, ""best_candidate_cluster_id"": -1, ""best_candidate_first_visit_frame_id"": null, ""target_window_ids"": """", ""retrieved_window_ids"": """", ""window_rank_reason"": """", ""trajectory_motion_state"": ""Idle"", ""trajectory_direction"": ""none"", ""trajectory_frames"": 0, ""trajectory_distance"": 0.0, ""trajectory_should_progress"": false, ""trajectory_confidence"": 0.0, ""revisit_gate_allow_retrieve"": false, ""revisit_gate_allow_soft_reuse"": false, ""revisit_gate_force_progress"": false, ""revisit_gate_protect_current"": true, ""revisit_gate_reason"": ""view_transition"", ""revisit_type"": """", ""selection_is_hard_retrieve"": false, ""selection_is_soft_reuse"": false, ""selection_is_progress"": false, ""action_mode"": ""View Rotation Only"", ""action_mode_confidence"": 0.998263888888889, ""action_mode_reason"": ""view=0.1797:Turn Right"", ""scheduler_path"": ""View Rotation Only->turn_transition"", ""turn_state"": ""TurnInProgress"", ""turn_confidence"": 1.0, ""turn_duration"": 6, ""turn_direction"": ""right"", ""turn_reason"": ""rotation=0.1797"", ""window_layout_type"": ""turn_transition"", ""window_reason"": ""TurnInProgress:turn_transition"", ""frame_index"": 75, ""pose_x"": 0.6263022603063699, ""pose_z"": 7.4060980253817466, ""pose_yaw"": -0.17968749441206455, ""pose_pitch"": 0.0, ""delta_x"": 0.0, ""delta_z"": 0.0, ""local_delta_x"": 0.0, ""local_delta_z"": 0.0, ""delta_yaw"": 0.1796875, ""delta_pitch"": 0.0, ""movement_magnitude"": 0.0, ""rotation_magnitude"": 0.1796875, ""pose_confidence"": 1.0, ""reference_override_used"": false, ""retrieved_reference_active"": false, ""retrieved_reference_ids"": """", ""anchor_frame_id"": 62, ""anchor_distance"": 0.6663677496442971, ""anchor_gap"": 7, ""anchor_lag"": 0.6663677496442971, ""anchor_advance_triggered"": false}"
Experiment001,78,1785830948.9923916,72,62,68,0.9342636540532112,depth,225280,0.9342636540532112,physmem_insert,49 66 67 68 69 70 71 72 73,stableworld_tri_9,9,1,7,73.28920206055045,,,,,0.9342636540532112,,,,Turn Right,0.1796875,0.49951806503890084,,INSERT,0.5186898112297058,,,,depth,0.9342636540532112,0.9342636540532112,"{""frame_id"": 78, ""current_frame_id"": 72, ""similarity"": 0.9342636540532112, ""similarity_type"": ""depth"", ""matching_points"": 225280, ""confidence"": 0.9342636540532112, ""decision"": ""physmem_insert"", ""memory_state"": [49, 66, 67, 68, 69, 70, 71, 72, 73], ""memory_id"": ""stableworld_tri_9"", ""memory_size"": 9, ""replace_count"": 1, ""keep_count"": 7, ""runtime"": 73.28920206055045, ""pose_event"": """", ""use_pose_memory"": true, ""view_intent"": ""Turn Right"", ""move_intent"": ""None"", ""has_view_motion"": true, ""has_move_motion"": false, ""action_explanation"": ""viewpoint_change"", ""pose_delta_position"": 0.0, ""view_state"": ""View Transition"", ""view_confidence"": 0.5989583333333334, ""view_pose_distance"": 0.0, ""view_yaw_delta"": 0.359375, ""nearest_view_frame_id"": 67, ""memory_selection_mode"": ""turn_transition"", ""memory_selection_target"": null, ""memory_selection_anchor_type"": """", ""memory_selection_reason"": ""rotation=0.1797"", ""source_anchor_frame_id"": 49, ""source_anchor_locked"": true, ""protected_anchor_ids"": ""49"", ""loop_closure_detected"": false, ""turn_result"": ""UnstableTransition"", ""policy_mode"": ""ViewTransitionPolicy"", ""allow_memory_query"": false, ""allow_hard_retrieve"": false, ""allow_soft_reuse"": false, ""query_result"": """", ""candidate_count"": 0, ""best_candidate_frame_id"": null, ""best_candidate_score"": 0.0, ""best_candidate_pose_distance"": 0.0, ""best_candidate_yaw_delta"": 0.0, ""best_candidate_frame_gap"": 0, ""best_candidate_first_visit"": 0.0, ""best_candidate_visit_age"": 0.0, ""best_candidate_cluster_id"": -1, ""best_candidate_first_visit_frame_id"": null, ""target_window_ids"": """", ""retrieved_window_ids"": """", ""window_rank_reason"": """", ""trajectory_motion_state"": ""Idle"", ""trajectory_direction"": ""none"", ""trajectory_frames"": 0, ""trajectory_distance"": 0.0, ""trajectory_should_progress"": false, ""trajectory_confidence"": 0.0, ""revisit_gate_allow_retrieve"": false, ""revisit_gate_allow_soft_reuse"": false, ""revisit_gate_force_progress"": false, ""revisit_gate_protect_current"": true, ""revisit_gate_reason"": ""view_transition"", ""revisit_type"": """", ""selection_is_hard_retrieve"": false, ""selection_is_soft_reuse"": false, ""selection_is_progress"": false, ""action_mode"": ""View Rotation Only"", ""action_mode_confidence"": 0.998263888888889, ""action_mode_reason"": ""view=0.1797:Turn Right"", ""scheduler_path"": ""View Rotation Only->turn_transition"", ""turn_state"": ""TurnInProgress"", ""turn_confidence"": 1.0, ""turn_duration"": 7, ""turn_direction"": ""right"", ""turn_reason"": ""rotation=0.1797"", ""window_layout_type"": ""turn_transition"", ""window_reason"": ""TurnInProgress:turn_transition"", ""frame_index"": 78, ""pose_x"": 0.6263022603063699, ""pose_z"": 7.4060980253817466, ""pose_yaw"": 5.587935447692871e-09, ""pose_pitch"": 0.0, ""delta_x"": 0.0, ""delta_z"": 0.0, ""local_delta_x"": 0.0, ""local_delta_z"": 0.0, ""delta_yaw"": 0.1796875, ""delta_pitch"": 0.0, ""movement_magnitude"": 0.0, ""rotation_magnitude"": 0.1796875, ""pose_confidence"": 1.0, ""reference_override_used"": false, ""retrieved_reference_active"": false, ""retrieved_reference_ids"": """", ""anchor_frame_id"": 62, ""anchor_distance"": 0.6663677496442971, ""anchor_gap"": 10, ""anchor_lag"": 0.6663677496442971, ""anchor_advance_triggered"": false}"
Experiment001,81,1785830950.321231,74,67,70,0.9575574211776257,depth,225280,0.9575574211776257,physmem_keep,49 66 67 71 72 73 74 75 76,stableworld_tri_9,9,1,6,148.17851269617677,,,,,0.9575574211776257,,,,Viewpoint Locomotion,0.7453560147132695,0.5946948461478175,,KEEP,0.6441452503204346,,,,depth,0.9575574211776257,0.9575574211776257,"{""frame_id"": 81, ""current_frame_id"": 74, ""similarity"": 0.9575574211776257, ""similarity_type"": ""depth"", ""matching_points"": 225280, ""confidence"": 0.9575574211776257, ""decision"": ""physmem_keep"", ""memory_state"": [49, 66, 67, 71, 72, 73, 74, 75, 76], ""memory_id"": ""stableworld_tri_9"", ""memory_size"": 9, ""replace_count"": 1, ""keep_count"": 6, ""runtime"": 148.17851269617677, ""pose_event"": """", ""use_pose_memory"": true, ""view_intent"": ""Turn Left"", ""move_intent"": ""Backward"", ""has_view_motion"": true, ""has_move_motion"": true, ""action_explanation"": ""viewpoint_locomotion"", ""pose_delta_position"": 0.33333334326744085, ""view_state"": ""Revisit"", ""view_confidence"": 0.7466416865158421, ""view_pose_distance"": 0.29423948713757336, ""view_yaw_delta"": 0.0400390587747097, ""nearest_view_frame_id"": 50, ""memory_selection_mode"": ""turn_transition"", ""memory_selection_target"": null, ""memory_selection_anchor_type"": """", ""memory_selection_reason"": ""rotation=0.0400"", ""source_anchor_frame_id"": 49, ""source_anchor_locked"": true, ""protected_anchor_ids"": ""49"", ""loop_closure_detected"": false, ""turn_result"": ""UnstableTransition"", ""policy_mode"": ""ViewTransitionPolicy"", ""allow_memory_query"": false, ""allow_hard_retrieve"": false, ""allow_soft_reuse"": false, ""query_result"": """", ""candidate_count"": 0, ""best_candidate_frame_id"": null, ""best_candidate_score"": 0.0, ""best_candidate_pose_distance"": 0.0, ""best_candidate_yaw_delta"": 0.0, ""best_candidate_frame_gap"": 0, ""best_candidate_first_visit"": 0.0, ""best_candidate_visit_age"": 0.0, ""best_candidate_cluster_id"": -1, ""best_candidate_first_visit_frame_id"": null, ""target_window_ids"": """", ""retrieved_window_ids"": """", ""window_rank_reason"": """", ""trajectory_motion_state"": ""Starting"", ""trajectory_direction"": ""backward"", ""trajectory_frames"": 1, ""trajectory_distance"": 0.3333333432674408, ""trajectory_should_progress"": false, ""trajectory_confidence"": 0.75, ""revisit_gate_allow_retrieve"": false, ""revisit_gate_allow_soft_reuse"": false, ""revisit_gate_force_progress"": false, ""revisit_gate_protect_current"": false, ""revisit_gate_reason"": ""revisit_blocked_by_motion:0.3333"", ""revisit_type"": """", ""selection_is_hard_retrieve"": false, ""selection_is_soft_reuse"": false, ""selection_is_progress"": false, ""action_mode"": ""Viewpoint Locomotion"", ""action_mode_confidence"": 0.33333334326744085, ""action_mode_reason"": ""move=0.3333:view=0.0400:Viewpoint Locomotion"", ""scheduler_path"": ""Viewpoint Locomotion->turn_transition"", ""turn_state"": ""TurnInProgress"", ""turn_confidence"": 0.50048828125, ""turn_duration"": 8, ""turn_direction"": ""left"", ""turn_reason"": ""rotation=0.0400"", ""window_layout_type"": ""turn_transition"", ""window_reason"": ""TurnInProgress:turn_transition"", ""frame_index"": 81, ""pose_x"": 0.6329749899874267, ""pose_z"": 7.072831476786702, ""pose_yaw"": -0.04003905691206455, ""pose_pitch"": 0.0, ""delta_x"": 0.006672729681056797, ""delta_z"": -0.3332665485950444, ""local_delta_x"": 0.0, ""local_delta_z"": -0.3333333432674408, ""delta_yaw"": -0.0400390625, ""delta_pitch"": 0.0, ""movement_magnitude"": 0.33333334326744085, ""rotation_magnitude"": 0.0400390625, ""pose_confidence"": 1.0, ""reference_override_used"": false, ""retrieved_reference_active"": false, ""retrieved_reference_ids"": """", ""anchor_frame_id"": 67, ""anchor_distance"": 0.3333333432674406, ""anchor_gap"": 7, ""anchor_lag"": 0.3333333432674406, ""anchor_advance_triggered"": false}"
Experiment001,84,1785830951.3925743,77,67,73,0.9744709748774767,depth,225280,0.9744709748774767,physmem_insert,49 71 72 73 74 75 76 77 78,stableworld_tri_9,9,1,7,121.80501408874989,,,,,0.9744709748774767,,,,Viewpoint Locomotion,1.0,0.5263629939974461,,INSERT,0.5321336984634399,,,,depth,0.9744709748774767,0.9744709748774767,"{""frame_id"": 84, ""current_frame_id"": 77, ""similarity"": 0.9744709748774767, ""similarity_type"": ""depth"", ""matching_points"": 225280, ""confidence"": 0.9744709748774767, ""decision"": ""physmem_insert"", ""memory_state"": [49, 71, 72, 73, 74, 75, 76, 77, 78], ""memory_id"": ""stableworld_tri_9"", ""memory_size"": 9, ""replace_count"": 1, ""keep_count"": 7, ""runtime"": 121.80501408874989, ""pose_event"": """", ""use_pose_memory"": true, ""view_intent"": ""Turn Right"", ""move_intent"": ""Walk"", ""has_view_motion"": true, ""has_move_motion"": true, ""action_explanation"": ""viewpoint_locomotion"", ""pose_delta_position"": 1.0, ""view_state"": ""Known View"", ""view_confidence"": 0.20853758754293916, ""view_pose_distance"": 0.666666656732559, ""view_yaw_delta"": 0.359375, ""nearest_view_frame_id"": 67, ""memory_selection_mode"": ""turn_transition"", ""memory_selection_target"": null, ""memory_selection_anchor_type"": """", ""memory_selection_reason"": ""rotation=0.0400"", ""source_anchor_frame_id"": 49, ""source_anchor_locked"": true, ""protected_anchor_ids"": ""49"", ""loop_closure_detected"": false, ""turn_result"": ""UnstableTransition"", ""policy_mode"": ""ViewTransitionPolicy"", ""allow_memory_query"": false, ""allow_hard_retrieve"": false, ""allow_soft_reuse"": false, ""query_result"": """", ""candidate_count"": 0, ""best_candidate_frame_id"": null, ""best_candidate_score"": 0.0, ""best_candidate_pose_distance"": 0.0, ""best_candidate_yaw_delta"": 0.0, ""best_candidate_frame_gap"": 0, ""best_candidate_first_visit"": 0.0, ""best_candidate_visit_age"": 0.0, ""best_candidate_cluster_id"": -1, ""best_candidate_first_visit_frame_id"": null, ""target_window_ids"": """", ""retrieved_window_ids"": """", ""window_rank_reason"": """", ""trajectory_motion_state"": ""Starting"", ""trajectory_direction"": ""forward"", ""trajectory_frames"": 1, ""trajectory_distance"": 1.0, ""trajectory_should_progress"": false, ""trajectory_confidence"": 0.75, ""revisit_gate_allow_retrieve"": false, ""revisit_gate_allow_soft_reuse"": false, ""revisit_gate_force_progress"": false, ""revisit_gate_protect_current"": false, ""revisit_gate_reason"": ""known_view_blocked_by_motion:1.0000"", ""revisit_type"": """", ""selection_is_hard_retrieve"": false, ""selection_is_soft_reuse"": false, ""selection_is_progress"": false, ""action_mode"": ""Viewpoint Locomotion"", ""action_mode_confidence"": 1.0, ""action_mode_reason"": ""move=1.0000:view=0.0400:Viewpoint Locomotion"", ""scheduler_path"": ""Viewpoint Locomotion->turn_transition"", ""turn_state"": ""TurnInProgress"", ""turn_confidence"": 0.50048828125, ""turn_duration"": 9, ""turn_direction"": ""right"", ""turn_reason"": ""rotation=0.0400"", ""window_layout_type"": ""turn_transition"", ""window_reason"": ""TurnInProgress:turn_transition"", ""frame_index"": 84, ""pose_x"": 0.6129568015408449, ""pose_z"": 8.072631092775485, ""pose_yaw"": 5.587935447692871e-09, ""pose_pitch"": 0.0, ""delta_x"": -0.020018188446581885, ""delta_z"": 0.9997996159887826, ""local_delta_x"": 0.0, ""local_delta_z"": 1.0, ""delta_yaw"": 0.0400390625, ""delta_pitch"": 0.0, ""movement_magnitude"": 1.0, ""rotation_magnitude"": 0.0400390625, ""pose_confidence"": 1.0, ""reference_override_used"": false, ""retrieved_reference_active"": false, ""retrieved_reference_ids"": """", ""anchor_frame_id"": 67, ""anchor_distance"": 0.666666656732559, ""anchor_gap"": 10, ""anchor_lag"": 0.666666656732559, ""anchor_advance_triggered"": false}"
Experiment001,87,1785830952.4404566,79,72,75,0.945462416857481,depth,225280,0.945462416857481,physmem_keep,49 71 72 76 77 78 79 80 81,stableworld_tri_9,9,1,6,97.92574401944876,,,,,0.945462416857481,,,,Walk,1.201850436175566,0.5709018050497201,,KEEP,0.5896813869476318,,,,depth,0.945462416857481,0.945462416857481,"{""frame_id"": 87, ""current_frame_id"": 79, ""similarity"": 0.945462416857481, ""similarity_type"": ""depth"", ""matching_points"": 225280, ""confidence"": 0.945462416857481, ""decision"": ""physmem_keep"", ""memory_state"": [49, 71, 72, 76, 77, 78, 79, 80, 81], ""memory_id"": ""stableworld_tri_9"", ""memory_size"": 9, ""replace_count"": 1, ""keep_count"": 6, ""runtime"": 97.92574401944876, ""pose_event"": """", ""use_pose_memory"": true, ""view_intent"": ""None"", ""move_intent"": ""Walk"", ""has_view_motion"": false, ""has_move_motion"": true, ""action_explanation"": ""locomotion"", ""pose_delta_position"": 1.2018504361755658, ""view_state"": ""Novel View"", ""view_confidence"": 0.5, ""view_pose_distance"": 1.2018504361755658, ""view_yaw_delta"": 0.0, ""nearest_view_frame_id"": 77, ""memory_selection_mode"": ""orb_locomotion"", ""memory_selection_target"": null, ""memory_selection_anchor_type"": """", ""memory_selection_reason"": ""move=1.2019:Walk"", ""source_anchor_frame_id"": null, ""source_anchor_locked"": false, ""protected_anchor_ids"": """", ""loop_closure_detected"": false, ""turn_result"": """", ""policy_mode"": ""LocomotionPolicy"", ""allow_memory_query"": false, ""allow_hard_retrieve"": false, ""allow_soft_reuse"": false, ""query_result"": """", ""candidate_count"": 0, ""best_candidate_frame_id"": null, ""best_candidate_score"": 0.0, ""best_candidate_pose_distance"": 0.0, ""best_candidate_yaw_delta"": 0.0, ""best_candidate_frame_gap"": 0, ""best_candidate_first_visit"": 0.0, ""best_candidate_visit_age"": 0.0, ""best_candidate_cluster_id"": -1, ""best_candidate_first_visit_frame_id"": null, ""target_window_ids"": """", ""retrieved_window_ids"": """", ""window_rank_reason"": """", ""trajectory_motion_state"": ""Progressing"", ""trajectory_direction"": ""forward"", ""trajectory_frames"": 2, ""trajectory_distance"": 2.201850436175566, ""trajectory_should_progress"": true, ""trajectory_confidence"": 1.0, ""revisit_gate_allow_retrieve"": false, ""revisit_gate_allow_soft_reuse"": false, ""revisit_gate_force_progress"": false, ""revisit_gate_protect_current"": false, ""revisit_gate_reason"": ""locomotion_only_orb_dominant"", ""revisit_type"": """", ""selection_is_hard_retrieve"": false, ""selection_is_soft_reuse"": false, ""selection_is_progress"": false, ""action_mode"": ""Locomotion Only"", ""action_mode_confidence"": 1.0, ""action_mode_reason"": ""move=1.2019:Walk"", ""scheduler_path"": ""Locomotion Only->orb_locomotion"", ""turn_state"": ""PostTurnStabilization"", ""turn_confidence"": 1.0, ""turn_duration"": 1, ""turn_direction"": ""right"", ""turn_reason"": ""mouse_stopped_after_turn"", ""window_layout_type"": ""orb_locomotion"", ""window_reason"": ""PostTurnStabilization:orb_locomotion"", ""frame_index"": 87, ""pose_x"": -0.05370987940610128, ""pose_z"": 9.072631096500775, ""pose_yaw"": 5.587935447692871e-09, ""pose_pitch"": 0.0, ""delta_x"": -0.6666666809469461, ""delta_z"": 1.0000000037252903, ""local_delta_x"": -0.6666666865348816, ""local_delta_z"": 1.0, ""delta_yaw"": 0.0, ""delta_pitch"": 0.0, ""movement_magnitude"": 1.2018504361755658, ""rotation_magnitude"": 0.0, ""pose_confidence"": 1.0, ""reference_override_used"": false, ""retrieved_reference_active"": false, ""retrieved_reference_ids"": """", ""anchor_frame_id"": 72, ""anchor_distance"": 1.7999302728966347, ""anchor_gap"": 7, ""anchor_lag"": 1.7999302728966347, ""anchor_advance_triggered"": false}"
Experiment001,90,1785830954.1299505,82,72,78,0.9291931614279747,depth,225280,0.9291931614279747,physmem_keep,49 71 72 79 80 81 82 83 84,stableworld_tri_9,9,1,6,75.20631095394492,,,,,0.9291931614279747,,,,Walk,1.2472191421996568,0.5506647324684547,,KEEP,0.5750685930252075,,,,depth,0.9291931614279747,0.9291931614279747,"{""frame_id"": 90, ""current_frame_id"": 82, ""similarity"": 0.9291931614279747, ""similarity_type"": ""depth"", ""matching_points"": 225280, ""confidence"": 0.9291931614279747, ""decision"": ""physmem_keep"", ""memory_state"": [49, 71, 72, 79, 80, 81, 82, 83, 84], ""memory_id"": ""stableworld_tri_9"", ""memory_size"": 9, ""replace_count"": 1, ""keep_count"": 6, ""runtime"": 75.20631095394492, ""pose_event"": """", ""use_pose_memory"": true, ""view_intent"": ""None"", ""move_intent"": ""Walk"", ""has_view_motion"": false, ""has_move_motion"": true, ""action_explanation"": ""locomotion"", ""pose_delta_position"": 1.0540925565309005, ""view_state"": ""Novel View"", ""view_confidence"": 0.5, ""view_pose_distance"": 1.0540925565309005, ""view_yaw_delta"": 0.0, ""nearest_view_frame_id"": 79, ""memory_selection_mode"": ""orb_locomotion"", ""memory_selection_target"": null, ""memory_selection_anchor_type"": """", ""memory_selection_reason"": ""move=1.0541:Walk"", ""source_anchor_frame_id"": null, ""source_anchor_locked"": false, ""protected_anchor_ids"": """", ""loop_closure_detected"": false, ""turn_result"": """", ""policy_mode"": ""LocomotionPolicy"", ""allow_memory_query"": false, ""allow_hard_retrieve"": false, ""allow_soft_reuse"": false, ""query_result"": """", ""candidate_count"": 0, ""best_candidate_frame_id"": null, ""best_candidate_score"": 0.0, ""best_candidate_pose_distance"": 0.0, ""best_candidate_yaw_delta"": 0.0, ""best_candidate_frame_gap"": 0, ""best_candidate_first_visit"": 0.0, ""best_candidate_visit_age"": 0.0, ""best_candidate_cluster_id"": -1, ""best_candidate_first_visit_frame_id"": null, ""target_window_ids"": """", ""retrieved_window_ids"": """", ""window_rank_reason"": """", ""trajectory_motion_state"": ""Progressing"", ""trajectory_direction"": ""forward"", ""trajectory_frames"": 3, ""trajectory_distance"": 3.2559429927064665, ""trajectory_should_progress"": true, ""trajectory_confidence"": 1.0, ""revisit_gate_allow_retrieve"": false, ""revisit_gate_allow_soft_reuse"": false, ""revisit_gate_force_progress"": false, ""revisit_gate_protect_current"": false, ""revisit_gate_reason"": ""locomotion_only_orb_dominant"", ""revisit_type"": """", ""selection_is_hard_retrieve"": false, ""selection_is_soft_reuse"": false, ""selection_is_progress"": false, ""action_mode"": ""Locomotion Only"", ""action_mode_confidence"": 1.0, ""action_mode_reason"": ""move=1.0541:Walk"", ""scheduler_path"": ""Locomotion Only->orb_locomotion"", ""turn_state"": ""PostTurnStabilization"", ""turn_confidence"": 0.5, ""turn_duration"": 2, ""turn_direction"": ""right"", ""turn_reason"": ""mouse_stopped_after_turn"", ""window_layout_type"": ""orb_locomotion"", ""window_reason"": ""PostTurnStabilization:orb_locomotion"", ""frame_index"": 90, ""pose_x"": 0.27962346944927496, ""pose_z"": 10.07263109463813, ""pose_yaw"": 5.587935447692871e-09, ""pose_pitch"": 0.0, ""delta_x"": 0.33333334885537624, ""delta_z"": 0.9999999981373549, ""local_delta_x"": 0.3333333432674408, ""local_delta_z"": 1.0, ""delta_yaw"": 0.0, ""delta_pitch"": 0.0, ""movement_magnitude"": 1.0540925565309005, ""rotation_magnitude"": 0.0, ""pose_confidence"": 1.0, ""reference_override_used"": false, ""retrieved_reference_active"": false, ""retrieved_reference_ids"": """", ""anchor_frame_id"": 72, ""anchor_distance"": 2.688974673266374, ""anchor_gap"": 10, ""anchor_lag"": 2.688974673266374, ""anchor_advance_triggered"": false}"
Experiment001,93,1785830956.1342227,85,72,81,0.9417244121432304,depth,225280,0.9417244121432304,physmem_insert,49 72 80 81 82 83 84 85 86,stableworld_tri_9,9,1,7,76.26105798408389,,,,,0.9417244121432304,,,,Viewpoint Locomotion,1.0540925565309005,0.5391302473891347,,INSERT,0.5778900384902954,,,,depth,0.9417244121432304,0.9417244121432304,"{""frame_id"": 93, ""current_frame_id"": 85, ""similarity"": 0.9417244121432304, ""similarity_type"": ""depth"", ""matching_points"": 225280, ""confidence"": 0.9417244121432304, ""decision"": ""physmem_insert"", ""memory_state"": [49, 72, 80, 81, 82, 83, 84, 85, 86], ""memory_id"": ""stableworld_tri_9"", ""memory_size"": 9, ""replace_count"": 1, ""keep_count"": 7, ""runtime"": 76.26105798408389, ""pose_event"": """", ""use_pose_memory"": true, ""view_intent"": ""Turn Left"", ""move_intent"": ""Walk"", ""has_view_motion"": true, ""has_move_motion"": true, ""action_explanation"": ""viewpoint_locomotion"", ""pose_delta_position"": 1.0540925565309005, ""view_state"": ""Novel View"", ""view_confidence"": 0.5, ""view_pose_distance"": 1.0540925565309, ""view_yaw_delta"": 0.080078125, ""nearest_view_frame_id"": 82, ""key_anchor_frame_id"": 85, ""key_anchor_type"": ""forward_anchor"", ""key_anchor_reason"": ""hybrid_forward_progress"", ""memory_selection_mode"": ""protect_current"", ""memory_selection_target"": null, ""memory_selection_anchor_type"": """", ""memory_selection_reason"": ""move=1.0541:view=0.0801:Viewpoint Locomotion"", ""source_anchor_frame_id"": 72, ""source_anchor_locked"": true, ""protected_anchor_ids"": ""72"", ""loop_closure_detected"": false, ""turn_result"": ""TurnStart"", ""policy_mode"": ""TurnStartPolicy"", ""allow_memory_query"": false, ""allow_hard_retrieve"": false, ""allow_soft_reuse"": false, ""query_result"": """", ""candidate_count"": 0, ""best_candidate_frame_id"": null, ""best_candidate_score"": 0.0, ""best_candidate_pose_distance"": 0.0, ""best_candidate_yaw_delta"": 0.0, ""best_candidate_frame_gap"": 0, ""best_candidate_first_visit"": 0.0, ""best_candidate_visit_age"": 0.0, ""best_candidate_cluster_id"": -1, ""best_candidate_first_visit_frame_id"": null, ""target_window_ids"": """", ""retrieved_window_ids"": """", ""window_rank_reason"": """", ""trajectory_motion_state"": ""Progressing"", ""trajectory_direction"": ""forward"", ""trajectory_frames"": 4, ""trajectory_distance"": 4.310035549237367, ""trajectory_should_progress"": true, ""trajectory_confidence"": 1.0, ""revisit_gate_allow_retrieve"": false, ""revisit_gate_allow_soft_reuse"": false, ""revisit_gate_force_progress"": true, ""revisit_gate_protect_current"": false, ""revisit_gate_reason"": ""hybrid_forward_progress"", ""revisit_type"": """", ""selection_is_hard_retrieve"": false, ""selection_is_soft_reuse"": false, ""selection_is_progress"": false, ""action_mode"": ""Viewpoint Locomotion"", ""action_mode_confidence"": 1.0, ""action_mode_reason"": ""move=1.0541:view=0.0801:Viewpoint Locomotion"", ""scheduler_path"": ""Viewpoint Locomotion->protect_current"", ""turn_state"": ""TurnStart"", ""turn_confidence"": 1.0, ""turn_duration"": 1, ""turn_direction"": ""left"", ""turn_reason"": ""rotation=0.0801"", ""window_layout_type"": ""protect_current"", ""window_reason"": ""TurnStart:protect_current"", ""frame_index"": 93, ""pose_x"": 0.5726613008949158, ""pose_z"": 11.085172425683675, ""pose_yaw"": -0.08007811941206455, ""pose_pitch"": 0.0, ""delta_x"": 0.2930378314456409, ""delta_z"": 1.0125413310455458, ""local_delta_x"": 0.3333333432674408, ""local_delta_z"": 1.0, ""delta_yaw"": -0.080078125, ""delta_pitch"": 0.0, ""movement_magnitude"": 1.0540925565309005, ""rotation_magnitude"": 0.080078125, ""pose_confidence"": 1.0, ""reference_override_used"": false, ""retrieved_reference_active"": false, ""retrieved_reference_ids"": """", ""anchor_frame_id"": 72, ""anchor_distance"": 3.679465422515012, ""anchor_gap"": 13, ""anchor_lag"": 3.679465422515012, ""anchor_advance_triggered"": false}"
Experiment001,96,1785830958.1789699,87,80,83,0.9529704488813877,depth,225280,0.9529704488813877,physmem_insert,72 81 82 83 84 85 86 87 88,stableworld_tri_9,9,1,7,130.36205573007464,,,,,0.9529704488813877,,,,Viewpoint Locomotion,1.0,0.6040463987885686,,INSERT,0.7007861137390137,,,,depth,0.9529704488813877,0.9529704488813877,"{""frame_id"": 96, ""current_frame_id"": 87, ""similarity"": 0.9529704488813877, ""similarity_type"": ""depth"", ""matching_points"": 225280, ""confidence"": 0.9529704488813877, ""decision"": ""physmem_insert"", ""memory_state"": [72, 81, 82, 83, 84, 85, 86, 87, 88], ""memory_id"": ""stableworld_tri_9"", ""memory_size"": 9, ""replace_count"": 1, ""keep_count"": 7, ""runtime"": 130.36205573007464, ""pose_event"": """", ""use_pose_memory"": true, ""view_intent"": ""Turn Right"", ""move_intent"": ""Walk"", ""has_view_motion"": true, ""has_move_motion"": true, ""action_explanation"": ""viewpoint_locomotion"", ""pose_delta_position"": 1.0, ""view_state"": ""Novel View"", ""view_confidence"": 0.5, ""view_pose_distance"": 0.9999999999999993, ""view_yaw_delta"": 0.080078125, ""nearest_view_frame_id"": 85, ""memory_selection_mode"": ""turn_transition"", ""memory_selection_target"": null, ""memory_selection_anchor_type"": """", ""memory_selection_reason"": ""rotation=0.0801"", ""source_anchor_frame_id"": 72, ""source_anchor_locked"": true, ""protected_anchor_ids"": ""72"", ""loop_closure_detected"": false, ""turn_result"": ""UnstableTransition"", ""policy_mode"": ""ViewTransitionPolicy"", ""allow_memory_query"": false, ""allow_hard_retrieve"": false, ""allow_soft_reuse"": false, ""query_result"": """", ""candidate_count"": 0, ""best_candidate_frame_id"": null, ""best_candidate_score"": 0.0, ""best_candidate_pose_distance"": 0.0, ""best_candidate_yaw_delta"": 0.0, ""best_candidate_frame_gap"": 0, ""best_candidate_first_visit"": 0.0, ""best_candidate_visit_age"": 0.0, ""best_candidate_cluster_id"": -1, ""best_candidate_first_visit_frame_id"": null, ""target_window_ids"": """", ""retrieved_window_ids"": """", ""window_rank_reason"": """", ""trajectory_motion_state"": ""Progressing"", ""trajectory_direction"": ""forward"", ""trajectory_frames"": 5, ""trajectory_distance"": 5.310035549237367, ""trajectory_should_progress"": true, ""trajectory_confidence"": 1.0, ""revisit_gate_allow_retrieve"": false, ""revisit_gate_allow_soft_reuse"": false, ""revisit_gate_force_progress"": true, ""revisit_gate_protect_current"": false, ""revisit_gate_reason"": ""hybrid_forward_progress"", ""revisit_type"": """", ""selection_is_hard_retrieve"": false, ""selection_is_soft_reuse"": false, ""selection_is_progress"": false, ""action_mode"": ""Viewpoint Locomotion"", ""action_mode_confidence"": 1.0, ""action_mode_reason"": ""move=1.0000:view=0.0801:Viewpoint Locomotion"", ""scheduler_path"": ""Viewpoint Locomotion->turn_transition"", ""turn_state"": ""TurnInProgress"", ""turn_confidence"": 1.0, ""turn_duration"": 2, ""turn_direction"": ""right"", ""turn_reason"": ""rotation=0.0801"", ""window_layout_type"": ""turn_transition"", ""window_reason"": ""TurnInProgress:turn_transition"", ""frame_index"": 96, ""pose_x"": 0.5326329410680916, ""pose_z"": 12.084370969722633, ""pose_yaw"": 5.587935447692871e-09, ""pose_pitch"": 0.0, ""delta_x"": -0.040028359826824275, ""delta_z"": 0.9991985440389584, ""local_delta_x"": 0.0, ""local_delta_z"": 1.0, ""delta_yaw"": 0.080078125, ""delta_pitch"": 0.0, ""movement_magnitude"": 1.0, ""rotation_magnitude"": 0.080078125, ""pose_confidence"": 1.0, ""reference_override_used"": false, ""retrieved_reference_active"": false, ""retrieved_reference_ids"": """", ""anchor_frame_id"": 80, ""anchor_distance"": -1.0, ""anchor_gap"": 7, ""anchor_lag"": -1.0, ""anchor_advance_triggered"": false}"
Experiment001,99,1785830960.321352,89,82,85,0.9041263908147812,depth,225280,0.9041263908147812,physmem_keep,72 81 82 86 87 88 89 90 91,stableworld_tri_9,9,1,6,183.56972327455878,,,,,0.9041263908147812,,,,Walk,1.0540925565309005,0.5656379106748772,,KEEP,0.5664448142051697,,,,depth,0.9041263908147812,0.9041263908147812,"{""frame_id"": 99, ""current_frame_id"": 89, ""similarity"": 0.9041263908147812, ""similarity_type"": ""depth"", ""matching_points"": 225280, ""confidence"": 0.9041263908147812, ""decision"": ""physmem_keep"", ""memory_state"": [72, 81, 82, 86, 87, 88, 89, 90, 91], ""memory_id"": ""stableworld_tri_9"", ""memory_size"": 9, ""replace_count"": 1, ""keep_count"": 6, ""runtime"": 183.56972327455878, ""pose_event"": """", ""use_pose_memory"": true, ""view_intent"": ""None"", ""move_intent"": ""Walk"", ""has_view_motion"": false, ""has_move_motion"": true, ""action_explanation"": ""locomotion"", ""pose_delta_position"": 1.0540925565309005, ""view_state"": ""Novel View"", ""view_confidence"": 0.5, ""view_pose_distance"": 1.0540925565309005, ""view_yaw_delta"": 0.0, ""nearest_view_frame_id"": 87, ""memory_selection_mode"": ""orb_locomotion"", ""memory_selection_target"": null, ""memory_selection_anchor_type"": """", ""memory_selection_reason"": ""move=1.0541:Walk"", ""source_anchor_frame_id"": null, ""source_anchor_locked"": false, ""protected_anchor_ids"": """", ""loop_closure_detected"": false, ""turn_result"": """", ""policy_mode"": ""LocomotionPolicy"", ""allow_memory_query"": false, ""allow_hard_retrieve"": false, ""allow_soft_reuse"": false, ""query_result"": """", ""candidate_count"": 0, ""best_candidate_frame_id"": null, ""best_candidate_score"": 0.0, ""best_candidate_pose_distance"": 0.0, ""best_candidate_yaw_delta"": 0.0, ""best_candidate_frame_gap"": 0, ""best_candidate_first_visit"": 0.0, ""best_candidate_visit_age"": 0.0, ""best_candidate_cluster_id"": -1, ""best_candidate_first_visit_frame_id"": null, ""target_window_ids"": """", ""retrieved_window_ids"": """", ""window_rank_reason"": """", ""trajectory_motion_state"": ""Progressing"", ""trajectory_direction"": ""forward"", ""trajectory_frames"": 6, ""trajectory_distance"": 6.364128105768267, ""trajectory_should_progress"": true, ""trajectory_confidence"": 1.0, ""revisit_gate_allow_retrieve"": false, ""revisit_gate_allow_soft_reuse"": false, ""revisit_gate_force_progress"": false, ""revisit_gate_protect_current"": false, ""revisit_gate_reason"": ""locomotion_only_orb_dominant"", ""revisit_type"": """", ""selection_is_hard_retrieve"": false, ""selection_is_soft_reuse"": false, ""selection_is_progress"": false, ""action_mode"": ""Locomotion Only"", ""action_mode_confidence"": 1.0, ""action_mode_reason"": ""move=1.0541:Walk"", ""scheduler_path"": ""Locomotion Only->orb_locomotion"", ""turn_state"": ""PostTurnStabilization"", ""turn_confidence"": 1.0, ""turn_duration"": 1, ""turn_direction"": ""right"", ""turn_reason"": ""mouse_stopped_after_turn"", ""window_layout_type"": ""orb_locomotion"", ""window_reason"": ""PostTurnStabilization:orb_locomotion"", ""frame_index"": 99, ""pose_x"": 0.1992996033885862, ""pose_z"": 13.084370971585278, ""pose_yaw"": 5.587935447692871e-09, ""pose_pitch"": 0.0, ""delta_x"": -0.33333333767950535, ""delta_z"": 1.0000000018626451, ""local_delta_x"": -0.3333333432674408, ""local_delta_z"": 1.0, ""delta_yaw"": 0.0, ""delta_pitch"": 0.0, ""movement_magnitude"": 1.0540925565309005, ""rotation_magnitude"": 0.0, ""pose_confidence"": 1.0, ""reference_override_used"": false, ""retrieved_reference_active"": false, ""retrieved_reference_ids"": """", ""anchor_frame_id"": 82, ""anchor_distance"": 3.012810815476564, ""anchor_gap"": 7, ""anchor_lag"": 3.012810815476564, ""anchor_advance_triggered"": false}"
Experiment001,102,1785830962.3424535,92,82,88,0.8901186734437943,depth,225280,0.8901186734437943,physmem_keep,72 81 82 89 90 91 92 93 94,stableworld_tri_9,9,1,6,74.06681310385466,,,,,0.8901186734437943,,,,Walk,1.2472191421996568,0.5352395200319688,,KEEP,0.5781964659690857,,,,depth,0.8901186734437943,0.8901186734437943,"{""frame_id"": 102, ""current_frame_id"": 92, ""similarity"": 0.8901186734437943, ""similarity_type"": ""depth"", ""matching_points"": 225280, ""confidence"": 0.8901186734437943, ""decision"": ""physmem_keep"", ""memory_state"": [72, 81, 82, 89, 90, 91, 92, 93, 94], ""memory_id"": ""stableworld_tri_9"", ""memory_size"": 9, ""replace_count"": 1, ""keep_count"": 6, ""runtime"": 74.06681310385466, ""pose_event"": """", ""use_pose_memory"": true, ""view_intent"": ""None"", ""move_intent"": ""Walk"", ""has_view_motion"": false, ""has_move_motion"": true, ""action_explanation"": ""locomotion"", ""pose_delta_position"": 1.0540925565309005, ""view_state"": ""Novel View"", ""view_confidence"": 0.5, ""view_pose_distance"": 1.0540925565309005, ""view_yaw_delta"": 0.0, ""nearest_view_frame_id"": 89, ""memory_selection_mode"": ""orb_locomotion"", ""memory_selection_target"": null, ""memory_selection_anchor_type"": """", ""memory_selection_reason"": ""move=1.0541:Walk"", ""source_anchor_frame_id"": null, ""source_anchor_locked"": false, ""protected_anchor_ids"": """", ""loop_closure_detected"": false, ""turn_result"": """", ""policy_mode"": ""LocomotionPolicy"", ""allow_memory_query"": false, ""allow_hard_retrieve"": false, ""allow_soft_reuse"": false, ""query_result"": """", ""candidate_count"": 0, ""best_candidate_frame_id"": null, ""best_candidate_score"": 0.0, ""best_candidate_pose_distance"": 0.0, ""best_candidate_yaw_delta"": 0.0, ""best_candidate_frame_gap"": 0, ""best_candidate_first_visit"": 0.0, ""best_candidate_visit_age"": 0.0, ""best_candidate_cluster_id"": -1, ""best_candidate_first_visit_frame_id"": null, ""target_window_ids"": """", ""retrieved_window_ids"": """", ""window_rank_reason"": """", ""trajectory_motion_state"": ""Progressing"", ""trajectory_direction"": ""forward"", ""trajectory_frames"": 7, ""trajectory_distance"": 7.418220662299167, ""trajectory_should_progress"": true, ""trajectory_confidence"": 1.0, ""revisit_gate_allow_retrieve"": false, ""revisit_gate_allow_soft_reuse"": false, ""revisit_gate_force_progress"": false, ""revisit_gate_protect_current"": false, ""revisit_gate_reason"": ""locomotion_only_orb_dominant"", ""revisit_type"": """", ""selection_is_hard_retrieve"": false, ""selection_is_soft_reuse"": false, ""selection_is_progress"": false, ""action_mode"": ""Locomotion Only"", ""action_mode_confidence"": 1.0, ""action_mode_reason"": ""move=1.0541:Walk"", ""scheduler_path"": ""Locomotion Only->orb_locomotion"", ""turn_state"": ""PostTurnStabilization"", ""turn_confidence"": 0.5, ""turn_duration"": 2, ""turn_direction"": ""right"", ""turn_reason"": ""mouse_stopped_after_turn"", ""window_layout_type"": ""orb_locomotion"", ""window_reason"": ""PostTurnStabilization:orb_locomotion"", ""frame_index"": 102, ""pose_x"": -0.13403373429091914, ""pose_z"": 14.084370973447923, ""pose_yaw"": 5.587935447692871e-09, ""pose_pitch"": 0.0, ""delta_x"": -0.33333333767950535, ""delta_z"": 1.0000000018626451, ""local_delta_x"": -0.3333333432674408, ""local_delta_z"": 1.0, ""delta_yaw"": 0.0, ""delta_pitch"": 0.0, ""movement_magnitude"": 1.0540925565309005, ""rotation_magnitude"": 0.0, ""pose_confidence"": 1.0, ""reference_override_used"": false, ""retrieved_reference_active"": false, ""retrieved_reference_ids"": """", ""anchor_frame_id"": 82, ""anchor_distance"": 4.033009935202116, ""anchor_gap"": 10, ""anchor_lag"": 4.033009935202116, ""anchor_advance_triggered"": false}"
Experiment001,105,1785830964.4115796,95,82,91,0.8892773538827896,depth,225280,0.8892773538827896,physmem_keep,72 81 82 92 93 94 95 96 97,stableworld_tri_9,9,1,6,148.34385784342885,,,,,0.8892773538827896,,,,Walk,1.0000000298023224,0.5106376161074425,,KEEP,0.5394365191459656,,,,depth,0.8892773538827896,0.8892773538827896,"{""frame_id"": 105, ""current_frame_id"": 95, ""similarity"": 0.8892773538827896, ""similarity_type"": ""depth"", ""matching_points"": 225280, ""confidence"": 0.8892773538827896, ""decision"": ""physmem_keep"", ""memory_state"": [72, 81, 82, 92, 93, 94, 95, 96, 97], ""memory_id"": ""stableworld_tri_9"", ""memory_size"": 9, ""replace_count"": 1, ""keep_count"": 6, ""runtime"": 148.34385784342885, ""pose_event"": """", ""use_pose_memory"": true, ""view_intent"": ""None"", ""move_intent"": ""Walk"", ""has_view_motion"": false, ""has_move_motion"": true, ""action_explanation"": ""locomotion"", ""pose_delta_position"": 0.7453560147132695, ""view_state"": ""Revisit"", ""view_confidence"": 0.5030959901911536, ""view_pose_distance"": 0.7453560147132695, ""view_yaw_delta"": 0.0, ""nearest_view_frame_id"": 92, ""memory_selection_mode"": ""retrieve_window"", ""memory_selection_target"": 89, ""memory_selection_anchor_type"": ""pose_path_window"", ""memory_selection_reason"": ""pose_path_window:yaw=0.0000:pose=1.6667:gap=6:fid=0.987:first=1.00:age=1.00:stab=1.000:cluster=13:score=0.746"", ""source_anchor_frame_id"": 82, ""source_anchor_locked"": true, ""protected_anchor_ids"": ""82 72 81"", ""loop_closure_detected"": true, ""turn_result"": ""ReturnToKnownView"", ""policy_mode"": ""RevisitPolicy"", ""allow_memory_query"": true, ""allow_hard_retrieve"": true, ""allow_soft_reuse"": true, ""query_result"": ""matched_window"", ""candidate_count"": 8, ""best_candidate_frame_id"": 89, ""best_candidate_score"": 0.7459550561797752, ""best_candidate_pose_distance"": 1.6666666865348816, ""best_candidate_yaw_delta"": 0.0, ""best_candidate_frame_gap"": 6, ""best_candidate_first_visit"": 1.0, ""best_candidate_visit_age"": 1.0, ""best_candidate_cluster_id"": 13, ""best_candidate_first_visit_frame_id"": 89, ""target_window_ids"": ""72 81 82 83 84 85 86 87 88"", ""retrieved_window_ids"": ""72 81 82 83 84 85 86 87 88"", ""window_rank_reason"": ""yaw=0.0000:pose=1.6667:gap=6:fid=0.987:first=1.00:age=1.00:stab=1.000:cluster=13:score=0.746"", ""trajectory_motion_state"": ""Progressing"", ""trajectory_direction"": ""forward"", ""trajectory_frames"": 8, ""trajectory_distance"": 8.163576677012436, ""trajectory_should_progress"": true, ""trajectory_confidence"": 1.0, ""revisit_gate_allow_retrieve"": true, ""revisit_gate_allow_soft_reuse"": false, ""revisit_gate_force_progress"": false, ""revisit_gate_protect_current"": false, ""revisit_gate_reason"": ""dynamic_revisit:traveled=8.164"", ""revisit_type"": ""dynamic"", ""selection_is_hard_retrieve"": false, ""selection_is_soft_reuse"": false, ""selection_is_progress"": false, ""action_mode"": ""Locomotion Only"", ""action_mode_confidence"": 0.7453560147132695, ""action_mode_reason"": ""move=0.7454:Walk"", ""scheduler_path"": ""Locomotion Only->retrieve_window"", ""turn_state"": ""StableNewView"", ""turn_confidence"": 1.0, ""turn_duration"": 0, ""turn_direction"": ""right"", ""turn_reason"": ""stable"", ""window_layout_type"": ""retrieve_window"", ""window_reason"": ""StableNewView:retrieve_window"", ""frame_index"": 105, ""pose_x"": 0.19929961270181207, ""pose_z"": 14.75103765812016, ""pose_yaw"": 5.587935447692871e-09, ""pose_pitch"": 0.0, ""delta_x"": 0.3333333469927312, ""delta_z"": 0.6666666846722364, ""local_delta_x"": 0.3333333432674408, ""local_delta_z"": 0.6666666865348816, ""delta_yaw"": 0.0, ""delta_pitch"": 0.0, ""movement_magnitude"": 0.7453560147132695, ""rotation_magnitude"": 0.0, ""pose_confidence"": 1.0, ""reference_override_used"": false, ""retrieved_reference_active"": true, ""retrieved_reference_ids"": ""72 81 82 83 84 85 86 87 88"", ""anchor_frame_id"": 82, ""anchor_distance"": 4.679096055350277, ""anchor_gap"": 13, ""anchor_lag"": 4.679096055350277, ""anchor_advance_triggered"": false}"
Experiment001,108,1785830966.3968549,98,82,94,0.9147988334298134,depth,225280,0.9147988334298134,physmem_insert,92 93 94 95 96 97 98 99 100,stableworld_tri_9,9,1,6,102.66696522012353,,,,,0.9147988334298134,,,,Right,0.7453560147132695,0.47053283489392045,,INSERT,0.4712509214878082,,,,depth,0.9147988334298134,0.9147988334298134,"{""frame_id"": 108, ""current_frame_id"": 98, ""similarity"": 0.9147988334298134, ""similarity_type"": ""depth"", ""matching_points"": 225280, ""confidence"": 0.9147988334298134, ""decision"": ""physmem_insert"", ""memory_state"": [92, 93, 94, 95, 96, 97, 98, 99, 100], ""memory_id"": ""stableworld_tri_9"", ""memory_size"": 9, ""replace_count"": 1, ""keep_count"": 6, ""runtime"": 102.66696522012353, ""pose_event"": """", ""use_pose_memory"": true, ""view_intent"": ""None"", ""move_intent"": ""Right"", ""has_view_motion"": false, ""has_move_motion"": true, ""action_explanation"": ""lateral_motion"", ""pose_delta_position"": 0.3333333432674408, ""view_state"": ""Revisit"", ""view_confidence"": 0.7777777711550394, ""view_pose_distance"": 0.3333333432674408, ""view_yaw_delta"": 0.0, ""nearest_view_frame_id"": 95, ""memory_selection_mode"": ""orb_locomotion"", ""memory_selection_target"": null, ""memory_selection_anchor_type"": """", ""memory_selection_reason"": ""move=0.3333:Right"", ""source_anchor_frame_id"": null, ""source_anchor_locked"": false, ""protected_anchor_ids"": """", ""loop_closure_detected"": false, ""turn_result"": """", ""policy_mode"": ""LocomotionPolicy"", ""allow_memory_query"": false, ""allow_hard_retrieve"": false, ""allow_soft_reuse"": false, ""query_result"": """", ""candidate_count"": 0, ""best_candidate_frame_id"": null, ""best_candidate_score"": 0.0, ""best_candidate_pose_distance"": 0.0, ""best_candidate_yaw_delta"": 0.0, ""best_candidate_frame_gap"": 0, ""best_candidate_first_visit"": 0.0, ""best_candidate_visit_age"": 0.0, ""best_candidate_cluster_id"": -1, ""best_candidate_first_visit_frame_id"": null, ""target_window_ids"": """", ""retrieved_window_ids"": """", ""window_rank_reason"": """", ""trajectory_motion_state"": ""Starting"", ""trajectory_direction"": ""right"", ""trajectory_frames"": 1, ""trajectory_distance"": 0.3333333432674408, ""trajectory_should_progress"": false, ""trajectory_confidence"": 0.75, ""revisit_gate_allow_retrieve"": false, ""revisit_gate_allow_soft_reuse"": false, ""revisit_gate_force_progress"": false, ""revisit_gate_protect_current"": false, ""revisit_gate_reason"": ""locomotion_only_orb_dominant"", ""revisit_type"": """", ""selection_is_hard_retrieve"": false, ""selection_is_soft_reuse"": false, ""selection_is_progress"": false, ""action_mode"": ""Locomotion Only"", ""action_mode_confidence"": 0.3333333432674408, ""action_mode_reason"": ""move=0.3333:Right"", ""scheduler_path"": ""Locomotion Only->orb_locomotion"", ""turn_state"": ""StableNewView"", ""turn_confidence"": 1.0, ""turn_duration"": 0, ""turn_direction"": ""right"", ""turn_reason"": ""stable"", ""window_layout_type"": ""orb_locomotion"", ""window_reason"": ""StableNewView:orb_locomotion"", ""frame_index"": 108, ""pose_x"": 0.5326329559692529, ""pose_z"": 14.751037656257514, ""pose_yaw"": 5.587935447692871e-09, ""pose_pitch"": 0.0, ""delta_x"": 0.3333333432674408, ""delta_z"": -1.8626452047421083e-09, ""local_delta_x"": 0.3333333432674408, ""local_delta_z"": 0.0, ""delta_yaw"": 0.0, ""delta_pitch"": 0.0, ""movement_magnitude"": 0.3333333432674408, ""rotation_magnitude"": 0.0, ""pose_confidence"": 1.0, ""reference_override_used"": true, ""retrieved_reference_active"": true, ""retrieved_reference_ids"": ""72 81 82 83 84 85 86 87 88"", ""anchor_frame_id"": 82, ""anchor_distance"": 4.685242977271554, ""anchor_gap"": 16, ""anchor_lag"": 4.685242977271554, ""anchor_advance_triggered"": false}"
Experiment001,111,1785830967.8388572,101,82,97,0.9262069910764694,depth,225280,0.9262069910764694,physmem_keep,92 93 94 98 99 100 101 102 103,stableworld_tri_9,9,1,6,54.75012864917517,,,,,0.9262069910764694,,,,Turn Left,0.1796875,0.4788058726541736,,KEEP,0.5380846858024597,,,,depth,0.9262069910764694,0.9262069910764694,"{""frame_id"": 111, ""current_frame_id"": 101, ""similarity"": 0.9262069910764694, ""similarity_type"": ""depth"", ""matching_points"": 225280, ""confidence"": 0.9262069910764694, ""decision"": ""physmem_keep"", ""memory_state"": [92, 93, 94, 98, 99, 100, 101, 102, 103], ""memory_id"": ""stableworld_tri_9"", ""memory_size"": 9, ""replace_count"": 1, ""keep_count"": 6, ""runtime"": 54.75012864917517, ""pose_event"": """", ""use_pose_memory"": true, ""view_intent"": ""Turn Left"", ""move_intent"": ""None"", ""has_view_motion"": true, ""has_move_motion"": false, ""action_explanation"": ""viewpoint_change"", ""pose_delta_position"": 0.0, ""view_state"": ""View Transition"", ""view_confidence"": 0.5989583333333334, ""view_pose_distance"": 0.0, ""view_yaw_delta"": 0.1796875, ""nearest_view_frame_id"": 98, ""memory_selection_mode"": ""protect_current"", ""memory_selection_target"": null, ""memory_selection_anchor_type"": """", ""memory_selection_reason"": ""view=0.1797:Turn Left"", ""source_anchor_frame_id"": 94, ""source_anchor_locked"": true, ""protected_anchor_ids"": ""94"", ""loop_closure_detected"": false, ""turn_result"": ""TurnStart"", ""policy_mode"": ""TurnStartPolicy"", ""allow_memory_query"": false, ""allow_hard_retrieve"": false, ""allow_soft_reuse"": false, ""query_result"": """", ""candidate_count"": 0, ""best_candidate_frame_id"": null, ""best_candidate_score"": 0.0, ""best_candidate_pose_distance"": 0.0, ""best_candidate_yaw_delta"": 0.0, ""best_candidate_frame_gap"": 0, ""best_candidate_first_visit"": 0.0, ""best_candidate_visit_age"": 0.0, ""best_candidate_cluster_id"": -1, ""best_candidate_first_visit_frame_id"": null, ""target_window_ids"": """", ""retrieved_window_ids"": """", ""window_rank_reason"": """", ""trajectory_motion_state"": ""Idle"", ""trajectory_direction"": ""none"", ""trajectory_frames"": 0, ""trajectory_distance"": 0.0, ""trajectory_should_progress"": false, ""trajectory_confidence"": 0.0, ""revisit_gate_allow_retrieve"": false, ""revisit_gate_allow_soft_reuse"": false, ""revisit_gate_force_progress"": false, ""revisit_gate_protect_current"": true, ""revisit_gate_reason"": ""view_transition"", ""revisit_type"": """", ""selection_is_hard_retrieve"": false, ""selection_is_soft_reuse"": false, ""selection_is_progress"": false, ""action_mode"": ""View Rotation Only"", ""action_mode_confidence"": 0.998263888888889, ""action_mode_reason"": ""view=0.1797:Turn Left"", ""scheduler_path"": ""View Rotation Only->protect_current"", ""turn_state"": ""TurnStart"", ""turn_confidence"": 1.0, ""turn_duration"": 1, ""turn_direction"": ""left"", ""turn_reason"": ""rotation=0.1797"", ""window_layout_type"": ""protect_current"", ""window_reason"": ""TurnStart:protect_current"", ""frame_index"": 111, ""pose_x"": 0.5326329559692529, ""pose_z"": 14.751037656257514, ""pose_yaw"": -0.17968749441206455, ""pose_pitch"": 0.0, ""delta_x"": 0.0, ""delta_z"": 0.0, ""local_delta_x"": 0.0, ""local_delta_z"": 0.0, ""delta_yaw"": -0.1796875, ""delta_pitch"": 0.0, ""movement_magnitude"": 0.0, ""rotation_magnitude"": 0.1796875, ""pose_confidence"": 1.0, ""reference_override_used"": true, ""retrieved_reference_active"": true, ""retrieved_reference_ids"": ""72 81 82 83 84 85 86 87 88"", ""anchor_frame_id"": 94, ""anchor_distance"": -1.0, ""anchor_gap"": 7, ""anchor_lag"": -1.0, ""anchor_advance_triggered"": false}"
Experiment001,114,1785830968.9459052,104,82,100,0.8990654349327087,depth,225280,0.8990654349327087,physmem_insert,94 98 99 100 101 102 103 104 105,stableworld_tri_9,9,1,7,133.4032309241593,,,,,0.8990654349327087,,,,Turn Left,0.1796875,0.44252959366347105,,INSERT,0.5300384163856506,,,,depth,0.8990654349327087,0.8990654349327087,"{""frame_id"": 114, ""current_frame_id"": 104, ""similarity"": 0.8990654349327087, ""similarity_type"": ""depth"", ""matching_points"": 225280, ""confidence"": 0.8990654349327087, ""decision"": ""physmem_insert"", ""memory_state"": [94, 98, 99, 100, 101, 102, 103, 104, 105], ""memory_id"": ""stableworld_tri_9"", ""memory_size"": 9, ""replace_count"": 1, ""keep_count"": 7, ""runtime"": 133.4032309241593, ""pose_event"": """", ""use_pose_memory"": true, ""view_intent"": ""Turn Left"", ""move_intent"": ""None"", ""has_view_motion"": true, ""has_move_motion"": false, ""action_explanation"": ""viewpoint_change"", ""pose_delta_position"": 0.0, ""view_state"": ""View Transition"", ""view_confidence"": 0.5989583333333334, ""view_pose_distance"": 0.0, ""view_yaw_delta"": 0.359375, ""nearest_view_frame_id"": 98, ""memory_selection_mode"": ""turn_transition"", ""memory_selection_target"": null, ""memory_selection_anchor_type"": """", ""memory_selection_reason"": ""rotation=0.1797"", ""source_anchor_frame_id"": 94, ""source_anchor_locked"": true, ""protected_anchor_ids"": ""94"", ""loop_closure_detected"": false, ""turn_result"": ""UnstableTransition"", ""policy_mode"": ""ViewTransitionPolicy"", ""allow_memory_query"": false, ""allow_hard_retrieve"": false, ""allow_soft_reuse"": false, ""query_result"": """", ""candidate_count"": 0, ""best_candidate_frame_id"": null, ""best_candidate_score"": 0.0, ""best_candidate_pose_distance"": 0.0, ""best_candidate_yaw_delta"": 0.0, ""best_candidate_frame_gap"": 0, ""best_candidate_first_visit"": 0.0, ""best_candidate_visit_age"": 0.0, ""best_candidate_cluster_id"": -1, ""best_candidate_first_visit_frame_id"": null, ""target_window_ids"": """", ""retrieved_window_ids"": """", ""window_rank_reason"": """", ""trajectory_motion_state"": ""Idle"", ""trajectory_direction"": ""none"", ""trajectory_frames"": 0, ""trajectory_distance"": 0.0, ""trajectory_should_progress"": false, ""trajectory_confidence"": 0.0, ""revisit_gate_allow_retrieve"": false, ""revisit_gate_allow_soft_reuse"": false, ""revisit_gate_force_progress"": false, ""revisit_gate_protect_current"": true, ""revisit_gate_reason"": ""view_transition"", ""revisit_type"": """", ""selection_is_hard_retrieve"": false, ""selection_is_soft_reuse"": false, ""selection_is_progress"": false, ""action_mode"": ""View Rotation Only"", ""action_mode_confidence"": 0.998263888888889, ""action_mode_reason"": ""view=0.1797:Turn Left"", ""scheduler_path"": ""View Rotation Only->turn_transition"", ""turn_state"": ""TurnInProgress"", ""turn_confidence"": 1.0, ""turn_duration"": 2, ""turn_direction"": ""left"", ""turn_reason"": ""rotation=0.1797"", ""window_layout_type"": ""turn_transition"", ""window_reason"": ""TurnInProgress:turn_transition"", ""frame_index"": 114, ""pose_x"": 0.5326329559692529, ""pose_z"": 14.751037656257514, ""pose_yaw"": -0.35937499441206455, ""pose_pitch"": 0.0, ""delta_x"": 0.0, ""delta_z"": 0.0, ""local_delta_x"": 0.0, ""local_delta_z"": 0.0, ""delta_yaw"": -0.1796875, ""delta_pitch"": 0.0, ""movement_magnitude"": 0.0, ""rotation_magnitude"": 0.1796875, ""pose_confidence"": 1.0, ""reference_override_used"": true, ""retrieved_reference_active"": false, ""retrieved_reference_ids"": """", ""anchor_frame_id"": 94, ""anchor_distance"": -1.0, ""anchor_gap"": 10, ""anchor_lag"": -1.0, ""anchor_advance_triggered"": false}"
Experiment001,117,1785830970.3955019,106,99,102,0.9762324579060078,depth,225280,0.9762324579060078,physmem_insert,94 100 101 102 103 104 105 106 107,stableworld_tri_9,9,1,7,131.99890032410622,,,,,0.9762324579060078,,,,Viewpoint Locomotion,0.7453560147132695,0.5936278983410874,,INSERT,0.7264676690101624,,,,depth,0.9762324579060078,0.9762324579060078,"{""frame_id"": 117, ""current_frame_id"": 106, ""similarity"": 0.9762324579060078, ""similarity_type"": ""depth"", ""matching_points"": 225280, ""confidence"": 0.9762324579060078, ""decision"": ""physmem_insert"", ""memory_state"": [94, 100, 101, 102, 103, 104, 105, 106, 107], ""memory_id"": ""stableworld_tri_9"", ""memory_size"": 9, ""replace_count"": 1, ""keep_count"": 7, ""runtime"": 131.99890032410622, ""pose_event"": """", ""use_pose_memory"": true, ""view_intent"": ""Turn Right"", ""move_intent"": ""Left"", ""has_view_motion"": true, ""has_move_motion"": true, ""action_explanation"": ""viewpoint_locomotion"", ""pose_delta_position"": 0.3333333432674408, ""view_state"": ""Revisit"", ""view_confidence"": 0.4992971676336348, ""view_pose_distance"": 0.10931317446005465, ""view_yaw_delta"": 0.2994791679084301, ""nearest_view_frame_id"": 95, ""memory_selection_mode"": ""turn_transition"", ""memory_selection_target"": null, ""memory_selection_anchor_type"": """", ""memory_selection_reason"": ""rotation=0.0599"", ""source_anchor_frame_id"": 94, ""source_anchor_locked"": true, ""protected_anchor_ids"": ""94"", ""loop_closure_detected"": false, ""turn_result"": ""UnstableTransition"", ""policy_mode"": ""ViewTransitionPolicy"", ""allow_memory_query"": false, ""allow_hard_retrieve"": false, ""allow_soft_reuse"": false, ""query_result"": """", ""candidate_count"": 0, ""best_candidate_frame_id"": null, ""best_candidate_score"": 0.0, ""best_candidate_pose_distance"": 0.0, ""best_candidate_yaw_delta"": 0.0, ""best_candidate_frame_gap"": 0, ""best_candidate_first_visit"": 0.0, ""best_candidate_visit_age"": 0.0, ""best_candidate_cluster_id"": -1, ""best_candidate_first_visit_frame_id"": null, ""target_window_ids"": """", ""retrieved_window_ids"": """", ""window_rank_reason"": """", ""trajectory_motion_state"": ""Starting"", ""trajectory_direction"": ""left"", ""trajectory_frames"": 1, ""trajectory_distance"": 0.3333333432674408, ""trajectory_should_progress"": false, ""trajectory_confidence"": 0.75, ""revisit_gate_allow_retrieve"": false, ""revisit_gate_allow_soft_reuse"": false, ""revisit_gate_force_progress"": false, ""revisit_gate_protect_current"": false, ""revisit_gate_reason"": ""revisit_blocked_by_motion:0.3333"", ""revisit_type"": """", ""selection_is_hard_retrieve"": false, ""selection_is_soft_reuse"": false, ""selection_is_progress"": false, ""action_mode"": ""Viewpoint Locomotion"", ""action_mode_confidence"": 0.3333333432674408, ""action_mode_reason"": ""move=0.3333:view=0.0599:Viewpoint Locomotion"", ""scheduler_path"": ""Viewpoint Locomotion->turn_transition"", ""turn_state"": ""TurnInProgress"", ""turn_confidence"": 0.7486979011446238, ""turn_duration"": 3, ""turn_direction"": ""right"", ""turn_reason"": ""rotation=0.0599"", ""window_layout_type"": ""turn_transition"", ""window_reason"": ""TurnInProgress:turn_transition"", ""frame_index"": 117, ""pose_x"": 0.21722366673086768, ""pose_z"": 14.643203997337926, ""pose_yaw"": -0.29947916232049465, ""pose_pitch"": 0.0, ""delta_x"": -0.3154092892383852, ""delta_z"": -0.10783365891958879, ""local_delta_x"": -0.3333333432674408, ""local_delta_z"": 0.0, ""delta_yaw"": 0.0598958320915699, ""delta_pitch"": 0.0, ""movement_magnitude"": 0.3333333432674408, ""rotation_magnitude"": 0.0598958320915699, ""pose_confidence"": 1.0, ""reference_override_used"": false, ""retrieved_reference_active"": false, ""retrieved_reference_ids"": """", ""anchor_frame_id"": 99, ""anchor_distance"": -1.0, ""anchor_gap"": 7, ""anchor_lag"": -1.0, ""anchor_advance_triggered"": false}"
