ExperimentID,FrameID,Timestamp,CurrentFrameID,ReferenceFrameID,MiddleFrameID,Similarity,SimilarityType,MatchingPoints,Confidence,Decision,MemoryState,MemoryID,MemorySize,ReplaceCount,KeepCount,Runtime,CPUTime,GPUTime,VRAM,FPS,GeometryScore,DepthConsistency,CameraMotion,ActionEmbedding,ActionType,ActionMagnitude,FusionWeight,FusionEntropy,FusionDecision,SemanticScore,SemanticConfidence,PhysicalScore,PhysicalConfidence,EvidenceType,PolicyConfidence,DecisionConfidence,ExtraFields
Experiment001,9,1785815145.1114695,9,2,5,0.9852746268734336,depth,225280,0.9852746268734336,physmem_keep,0 1 2 6 7 8 9 10 11,stableworld_tri_9,9,1,6,963.7982682324946,,,,,0.9852746268734336,,,,Viewpoint Locomotion,0.6666666865348816,0.6408009702777251,,KEEP,0.7683377861976624,,,,depth,0.9852746268734336,0.9852746268734336,"{""frame_id"": 9, ""current_frame_id"": 9, ""similarity"": 0.9852746268734336, ""similarity_type"": ""depth"", ""matching_points"": 225280, ""confidence"": 0.9852746268734336, ""decision"": ""physmem_keep"", ""memory_state"": [0, 1, 2, 6, 7, 8, 9, 10, 11], ""memory_id"": ""stableworld_tri_9"", ""memory_size"": 9, ""replace_count"": 1, ""keep_count"": 6, ""runtime"": 963.7982682324946, ""pose_event"": """", ""use_pose_memory"": true, ""view_intent"": ""Turn Left"", ""move_intent"": ""Right"", ""has_view_motion"": true, ""has_move_motion"": true, ""action_explanation"": ""viewpoint_locomotion"", ""pose_delta_position"": 0.6666666865348816, ""view_state"": ""Novel View"", ""view_confidence"": 0.0, ""view_pose_distance"": Infinity, ""view_yaw_delta"": Infinity, ""nearest_view_frame_id"": null, ""memory_selection_mode"": ""protect_current"", ""memory_selection_target"": null, ""memory_selection_anchor_type"": """", ""memory_selection_reason"": ""move=0.6667:view=0.0599:Viewpoint Locomotion"", ""source_anchor_frame_id"": 2, ""source_anchor_locked"": true, ""protected_anchor_ids"": ""2"", ""loop_closure_detected"": false, ""turn_result"": ""TurnStart"", ""policy_mode"": ""TurnStartPolicy"", ""allow_memory_query"": false, ""allow_hard_retrieve"": false, ""allow_soft_reuse"": false, ""query_result"": """", ""candidate_count"": 0, ""best_candidate_frame_id"": null, ""best_candidate_score"": 0.0, ""best_candidate_pose_distance"": 0.0, ""best_candidate_yaw_delta"": 0.0, ""best_candidate_frame_gap"": 0, ""target_window_ids"": """", ""retrieved_window_ids"": """", ""window_rank_reason"": """", ""trajectory_motion_state"": ""Starting"", ""trajectory_direction"": ""right"", ""trajectory_frames"": 1, ""trajectory_distance"": 0.6666666865348816, ""trajectory_should_progress"": false, ""trajectory_confidence"": 0.75, ""revisit_gate_allow_retrieve"": false, ""revisit_gate_allow_soft_reuse"": false, ""revisit_gate_force_progress"": true, ""revisit_gate_protect_current"": false, ""revisit_gate_reason"": ""novel_view_progress"", ""selection_is_hard_retrieve"": false, ""selection_is_soft_reuse"": false, ""selection_is_progress"": false, ""action_mode"": ""Viewpoint Locomotion"", ""action_mode_confidence"": 0.6666666865348816, ""action_mode_reason"": ""move=0.6667:view=0.0599:Viewpoint Locomotion"", ""scheduler_path"": ""Viewpoint Locomotion->protect_current"", ""turn_state"": ""TurnStart"", ""turn_confidence"": 0.7486979011446238, ""turn_duration"": 1, ""turn_direction"": ""left"", ""turn_reason"": ""rotation=0.0599"", ""window_layout_type"": ""protect_current"", ""window_reason"": ""TurnStart:protect_current"", ""frame_index"": 9, ""pose_x"": 0.6663677496442973, ""pose_z"": 0.01996229369068322, ""pose_yaw"": -0.0598958320915699, ""pose_pitch"": 0.0, ""delta_x"": 0.6663677496442973, ""delta_z"": 0.01996229369068322, ""local_delta_x"": 0.6666666865348816, ""local_delta_z"": 0.0, ""delta_yaw"": -0.0598958320915699, ""delta_pitch"": 0.0, ""movement_magnitude"": 0.6666666865348816, ""rotation_magnitude"": 0.0598958320915699, ""pose_confidence"": 1.0}"
Experiment001,12,1785815147.1597178,12,2,8,0.9784570131450891,depth,225280,0.9784570131450891,physmem_keep,0 1 2 9 10 11 12 13 14,stableworld_tri_9,9,1,6,161.46686300635338,,,,,0.9784570131450891,,,,Turn Left,0.1796875,0.6384602886258905,,KEEP,0.7165050506591797,,,,depth,0.9784570131450891,0.9784570131450891,"{""frame_id"": 12, ""current_frame_id"": 12, ""similarity"": 0.9784570131450891, ""similarity_type"": ""depth"", ""matching_points"": 225280, ""confidence"": 0.9784570131450891, ""decision"": ""physmem_keep"", ""memory_state"": [0, 1, 2, 9, 10, 11, 12, 13, 14], ""memory_id"": ""stableworld_tri_9"", ""memory_size"": 9, ""replace_count"": 1, ""keep_count"": 6, ""runtime"": 161.46686300635338, ""pose_event"": """", ""use_pose_memory"": true, ""view_intent"": ""Turn Left"", ""move_intent"": ""None"", ""has_view_motion"": true, ""has_move_motion"": false, ""action_explanation"": ""viewpoint_change"", ""pose_delta_position"": 0.0, ""view_state"": ""View Transition"", ""view_confidence"": 0.5989583333333334, ""view_pose_distance"": 0.0, ""view_yaw_delta"": 0.1796875, ""nearest_view_frame_id"": 9, ""memory_selection_mode"": ""turn_transition"", ""memory_selection_target"": null, ""memory_selection_anchor_type"": """", ""memory_selection_reason"": ""rotation=0.1797"", ""source_anchor_frame_id"": 2, ""source_anchor_locked"": true, ""protected_anchor_ids"": ""2"", ""loop_closure_detected"": false, ""turn_result"": ""UnstableTransition"", ""policy_mode"": ""ViewTransitionPolicy"", ""allow_memory_query"": false, ""allow_hard_retrieve"": false, ""allow_soft_reuse"": false, ""query_result"": """", ""candidate_count"": 0, ""best_candidate_frame_id"": null, ""best_candidate_score"": 0.0, ""best_candidate_pose_distance"": 0.0, ""best_candidate_yaw_delta"": 0.0, ""best_candidate_frame_gap"": 0, ""target_window_ids"": """", ""retrieved_window_ids"": """", ""window_rank_reason"": """", ""trajectory_motion_state"": ""Idle"", ""trajectory_direction"": ""none"", ""trajectory_frames"": 0, ""trajectory_distance"": 0.0, ""trajectory_should_progress"": false, ""trajectory_confidence"": 0.0, ""revisit_gate_allow_retrieve"": false, ""revisit_gate_allow_soft_reuse"": false, ""revisit_gate_force_progress"": false, ""revisit_gate_protect_current"": true, ""revisit_gate_reason"": ""view_transition"", ""selection_is_hard_retrieve"": false, ""selection_is_soft_reuse"": false, ""selection_is_progress"": false, ""action_mode"": ""View Rotation Only"", ""action_mode_confidence"": 0.998263888888889, ""action_mode_reason"": ""view=0.1797:Turn Left"", ""scheduler_path"": ""View Rotation Only->turn_transition"", ""turn_state"": ""TurnInProgress"", ""turn_confidence"": 1.0, ""turn_duration"": 2, ""turn_direction"": ""left"", ""turn_reason"": ""rotation=0.1797"", ""window_layout_type"": ""turn_transition"", ""window_reason"": ""TurnInProgress:turn_transition"", ""frame_index"": 12, ""pose_x"": 0.6663677496442973, ""pose_z"": 0.01996229369068322, ""pose_yaw"": -0.2395833320915699, ""pose_pitch"": 0.0, ""delta_x"": 0.0, ""delta_z"": 0.0, ""local_delta_x"": 0.0, ""local_delta_z"": 0.0, ""delta_yaw"": -0.1796875, ""delta_pitch"": 0.0, ""movement_magnitude"": 0.0, ""rotation_magnitude"": 0.1796875, ""pose_confidence"": 1.0}"
Experiment001,15,1785815148.8984034,15,2,11,0.9776515979319811,depth,225280,0.9776515979319811,physmem_keep,0 1 2 12 13 14 15 16 17,stableworld_tri_9,9,1,6,75.5069199949503,,,,,0.9776515979319811,,,,Viewpoint Locomotion,0.3333333432674408,0.7259136837113567,,KEEP,0.6558215618133545,,,,depth,0.9776515979319811,0.9776515979319811,"{""frame_id"": 15, ""current_frame_id"": 15, ""similarity"": 0.9776515979319811, ""similarity_type"": ""depth"", ""matching_points"": 225280, ""confidence"": 0.9776515979319811, ""decision"": ""physmem_keep"", ""memory_state"": [0, 1, 2, 12, 13, 14, 15, 16, 17], ""memory_id"": ""stableworld_tri_9"", ""memory_size"": 9, ""replace_count"": 1, ""keep_count"": 6, ""runtime"": 75.5069199949503, ""pose_event"": """", ""use_pose_memory"": true, ""view_intent"": ""Turn Left"", ""move_intent"": ""Left"", ""has_view_motion"": true, ""has_move_motion"": true, ""action_explanation"": ""viewpoint_locomotion"", ""pose_delta_position"": 0.3333333432674408, ""view_state"": ""Known View"", ""view_confidence"": 0.5377178604598918, ""view_pose_distance"": 0.3333333432674408, ""view_yaw_delta"": 0.2395833320915699, ""nearest_view_frame_id"": 9, ""memory_selection_mode"": ""turn_transition"", ""memory_selection_target"": null, ""memory_selection_anchor_type"": """", ""memory_selection_reason"": ""rotation=0.0599"", ""source_anchor_frame_id"": 2, ""source_anchor_locked"": true, ""protected_anchor_ids"": ""2"", ""loop_closure_detected"": false, ""turn_result"": ""UnstableTransition"", ""policy_mode"": ""ViewTransitionPolicy"", ""allow_memory_query"": false, ""allow_hard_retrieve"": false, ""allow_soft_reuse"": false, ""query_result"": """", ""candidate_count"": 0, ""best_candidate_frame_id"": null, ""best_candidate_score"": 0.0, ""best_candidate_pose_distance"": 0.0, ""best_candidate_yaw_delta"": 0.0, ""best_candidate_frame_gap"": 0, ""target_window_ids"": """", ""retrieved_window_ids"": """", ""window_rank_reason"": """", ""trajectory_motion_state"": ""Starting"", ""trajectory_direction"": ""left"", ""trajectory_frames"": 1, ""trajectory_distance"": 0.3333333432674408, ""trajectory_should_progress"": false, ""trajectory_confidence"": 0.75, ""revisit_gate_allow_retrieve"": false, ""revisit_gate_allow_soft_reuse"": false, ""revisit_gate_force_progress"": false, ""revisit_gate_protect_current"": false, ""revisit_gate_reason"": ""known_view_blocked_by_motion:0.3333"", ""selection_is_hard_retrieve"": false, ""selection_is_soft_reuse"": false, ""selection_is_progress"": false, ""action_mode"": ""Viewpoint Locomotion"", ""action_mode_confidence"": 0.3333333432674408, ""action_mode_reason"": ""move=0.3333:view=0.0599:Viewpoint Locomotion"", ""scheduler_path"": ""Viewpoint Locomotion->turn_transition"", ""turn_state"": ""TurnInProgress"", ""turn_confidence"": 0.7486979011446238, ""turn_duration"": 3, ""turn_direction"": ""left"", ""turn_reason"": ""rotation=0.0599"", ""window_layout_type"": ""turn_transition"", ""window_reason"": ""TurnInProgress:turn_transition"", ""frame_index"": 15, ""pose_x"": 0.345069132957115, ""pose_z"": -0.06879758828733987, ""pose_yaw"": -0.2994791641831398, ""pose_pitch"": 0.0, ""delta_x"": -0.32129861668718235, ""delta_z"": -0.08875988197802309, ""local_delta_x"": -0.3333333432674408, ""local_delta_z"": 0.0, ""delta_yaw"": -0.0598958320915699, ""delta_pitch"": 0.0, ""movement_magnitude"": 0.3333333432674408, ""rotation_magnitude"": 0.0598958320915699, ""pose_confidence"": 0.6666666865348816}"
Experiment001,18,1785815150.8113208,18,2,14,0.93358064442873,depth,225280,0.93358064442873,physmem_insert,2 12 13 14 15 16 17 18 19,stableworld_tri_9,9,1,7,160.97099101170897,,,,,0.93358064442873,,,,Viewpoint Locomotion,0.7453560147132695,0.5167159362178023,,INSERT,0.5986537933349609,,,,depth,0.93358064442873,0.93358064442873,"{""frame_id"": 18, ""current_frame_id"": 18, ""similarity"": 0.93358064442873, ""similarity_type"": ""depth"", ""matching_points"": 225280, ""confidence"": 0.93358064442873, ""decision"": ""physmem_insert"", ""memory_state"": [2, 12, 13, 14, 15, 16, 17, 18, 19], ""memory_id"": ""stableworld_tri_9"", ""memory_size"": 9, ""replace_count"": 1, ""keep_count"": 7, ""runtime"": 160.97099101170897, ""pose_event"": """", ""use_pose_memory"": true, ""view_intent"": ""Turn Left"", ""move_intent"": ""Right"", ""has_view_motion"": true, ""has_move_motion"": true, ""action_explanation"": ""viewpoint_locomotion"", ""pose_delta_position"": 0.3333333432674408, ""view_state"": ""Known View"", ""view_confidence"": 0.6555028474294428, ""view_pose_distance"": 0.01996229369068325, ""view_yaw_delta"": 0.2994791641831398, ""nearest_view_frame_id"": 9, ""memory_selection_mode"": ""turn_transition"", ""memory_selection_target"": null, ""memory_selection_anchor_type"": """", ""memory_selection_reason"": ""rotation=0.0599"", ""source_anchor_frame_id"": 2, ""source_anchor_locked"": true, ""protected_anchor_ids"": ""2"", ""loop_closure_detected"": false, ""turn_result"": ""UnstableTransition"", ""policy_mode"": ""ViewTransitionPolicy"", ""allow_memory_query"": false, ""allow_hard_retrieve"": false, ""allow_soft_reuse"": false, ""query_result"": """", ""candidate_count"": 0, ""best_candidate_frame_id"": null, ""best_candidate_score"": 0.0, ""best_candidate_pose_distance"": 0.0, ""best_candidate_yaw_delta"": 0.0, ""best_candidate_frame_gap"": 0, ""target_window_ids"": """", ""retrieved_window_ids"": """", ""window_rank_reason"": """", ""trajectory_motion_state"": ""Starting"", ""trajectory_direction"": ""right"", ""trajectory_frames"": 1, ""trajectory_distance"": 0.3333333432674408, ""trajectory_should_progress"": false, ""trajectory_confidence"": 0.75, ""revisit_gate_allow_retrieve"": false, ""revisit_gate_allow_soft_reuse"": false, ""revisit_gate_force_progress"": false, ""revisit_gate_protect_current"": false, ""revisit_gate_reason"": ""known_view_blocked_by_motion:0.3333"", ""selection_is_hard_retrieve"": false, ""selection_is_soft_reuse"": false, ""selection_is_progress"": false, ""action_mode"": ""Viewpoint Locomotion"", ""action_mode_confidence"": 0.3333333432674408, ""action_mode_reason"": ""move=0.3333:view=0.0599:Viewpoint Locomotion"", ""scheduler_path"": ""Viewpoint Locomotion->turn_transition"", ""turn_state"": ""TurnInProgress"", ""turn_confidence"": 0.7486979011446238, ""turn_duration"": 4, ""turn_direction"": ""left"", ""turn_reason"": ""rotation=0.0599"", ""window_layout_type"": ""turn_transition"", ""window_reason"": ""TurnInProgress:turn_transition"", ""frame_index"": 18, ""pose_x"": 0.6604784219946442, ""pose_z"": 0.03903607121974452, ""pose_yaw"": -0.3593749962747097, ""pose_pitch"": 0.0, ""delta_x"": 0.3154092890375293, ""delta_z"": 0.10783365950708439, ""local_delta_x"": 0.3333333432674408, ""local_delta_z"": 0.0, ""delta_yaw"": -0.0598958320915699, ""delta_pitch"": 0.0, ""movement_magnitude"": 0.3333333432674408, ""rotation_magnitude"": 0.0598958320915699, ""pose_confidence"": 1.0}"
Experiment001,21,1785815153.0534174,20,13,16,0.9560421071946621,depth,225280,0.9560421071946621,physmem_keep,2 12 13 17 18 19 20 21 22,stableworld_tri_9,9,1,6,191.29976583644748,,,,,0.9560421071946621,,,,Viewpoint Locomotion,0.7453560147132695,0.5971683845651219,,KEEP,0.6459588408470154,,,,depth,0.9560421071946621,0.9560421071946621,"{""frame_id"": 21, ""current_frame_id"": 20, ""similarity"": 0.9560421071946621, ""similarity_type"": ""depth"", ""matching_points"": 225280, ""confidence"": 0.9560421071946621, ""decision"": ""physmem_keep"", ""memory_state"": [2, 12, 13, 17, 18, 19, 20, 21, 22], ""memory_id"": ""stableworld_tri_9"", ""memory_size"": 9, ""replace_count"": 1, ""keep_count"": 6, ""runtime"": 191.29976583644748, ""pose_event"": """", ""use_pose_memory"": true, ""view_intent"": ""Turn Right"", ""move_intent"": ""Left"", ""has_view_motion"": true, ""has_move_motion"": true, ""action_explanation"": ""viewpoint_locomotion"", ""pose_delta_position"": 0.3333333432674408, ""view_state"": ""Known View"", ""view_confidence"": 1.0, ""view_pose_distance"": 5.551115123125783e-17, ""view_yaw_delta"": 0.0, ""nearest_view_frame_id"": 15, ""memory_selection_mode"": ""turn_transition"", ""memory_selection_target"": null, ""memory_selection_anchor_type"": """", ""memory_selection_reason"": ""rotation=0.0599"", ""source_anchor_frame_id"": 2, ""source_anchor_locked"": true, ""protected_anchor_ids"": ""2"", ""loop_closure_detected"": false, ""turn_result"": ""UnstableTransition"", ""policy_mode"": ""ViewTransitionPolicy"", ""allow_memory_query"": false, ""allow_hard_retrieve"": false, ""allow_soft_reuse"": false, ""query_result"": """", ""candidate_count"": 0, ""best_candidate_frame_id"": null, ""best_candidate_score"": 0.0, ""best_candidate_pose_distance"": 0.0, ""best_candidate_yaw_delta"": 0.0, ""best_candidate_frame_gap"": 0, ""target_window_ids"": """", ""retrieved_window_ids"": """", ""window_rank_reason"": """", ""trajectory_motion_state"": ""Starting"", ""trajectory_direction"": ""left"", ""trajectory_frames"": 1, ""trajectory_distance"": 0.3333333432674408, ""trajectory_should_progress"": false, ""trajectory_confidence"": 0.75, ""revisit_gate_allow_retrieve"": false, ""revisit_gate_allow_soft_reuse"": false, ""revisit_gate_force_progress"": false, ""revisit_gate_protect_current"": false, ""revisit_gate_reason"": ""known_view_blocked_by_motion:0.3333"", ""selection_is_hard_retrieve"": false, ""selection_is_soft_reuse"": false, ""selection_is_progress"": false, ""action_mode"": ""Viewpoint Locomotion"", ""action_mode_confidence"": 0.3333333432674408, ""action_mode_reason"": ""move=0.3333:view=0.0599:Viewpoint Locomotion"", ""scheduler_path"": ""Viewpoint Locomotion->turn_transition"", ""turn_state"": ""TurnInProgress"", ""turn_confidence"": 0.7486979011446238, ""turn_duration"": 5, ""turn_direction"": ""right"", ""turn_reason"": ""rotation=0.0599"", ""window_layout_type"": ""turn_transition"", ""window_reason"": ""TurnInProgress:turn_transition"", ""frame_index"": 21, ""pose_x"": 0.34506913295711494, ""pose_z"": -0.06879758828733987, ""pose_yaw"": -0.2994791641831398, ""pose_pitch"": 0.0, ""delta_x"": -0.3154092890375293, ""delta_z"": -0.10783365950708439, ""local_delta_x"": -0.3333333432674408, ""local_delta_z"": 0.0, ""delta_yaw"": 0.0598958320915699, ""delta_pitch"": 0.0, ""movement_magnitude"": 0.3333333432674408, ""rotation_magnitude"": 0.0598958320915699, ""pose_confidence"": 1.0}"
Experiment001,24,1785815154.8080058,23,13,19,0.9600054509937763,depth,225280,0.9600054509937763,physmem_insert,2 17 18 19 20 21 22 23 24,stableworld_tri_9,9,1,7,82.32008572667837,,,,,0.9600054509937763,,,,Viewpoint Locomotion,0.3333333432674408,0.6850977129160747,,INSERT,0.5612168312072754,,,,depth,0.9600054509937763,0.9600054509937763,"{""frame_id"": 24, ""current_frame_id"": 23, ""similarity"": 0.9600054509937763, ""similarity_type"": ""depth"", ""matching_points"": 225280, ""confidence"": 0.9600054509937763, ""decision"": ""physmem_insert"", ""memory_state"": [2, 17, 18, 19, 20, 21, 22, 23, 24], ""memory_id"": ""stableworld_tri_9"", ""memory_size"": 9, ""replace_count"": 1, ""keep_count"": 7, ""runtime"": 82.32008572667837, ""pose_event"": """", ""use_pose_memory"": true, ""view_intent"": ""Turn Right"", ""move_intent"": ""Right"", ""has_view_motion"": true, ""has_move_motion"": true, ""action_explanation"": ""viewpoint_locomotion"", ""pose_delta_position"": 0.3333333432674408, ""view_state"": ""Revisit"", ""view_confidence"": 0.7433035714285714, ""view_pose_distance"": 1.1107649934270853e-16, ""view_yaw_delta"": 0.1796875, ""nearest_view_frame_id"": 9, ""memory_selection_mode"": ""turn_transition"", ""memory_selection_target"": null, ""memory_selection_anchor_type"": """", ""memory_selection_reason"": ""rotation=0.0599"", ""source_anchor_frame_id"": 2, ""source_anchor_locked"": true, ""protected_anchor_ids"": ""2"", ""loop_closure_detected"": false, ""turn_result"": ""UnstableTransition"", ""policy_mode"": ""ViewTransitionPolicy"", ""allow_memory_query"": false, ""allow_hard_retrieve"": false, ""allow_soft_reuse"": false, ""query_result"": """", ""candidate_count"": 0, ""best_candidate_frame_id"": null, ""best_candidate_score"": 0.0, ""best_candidate_pose_distance"": 0.0, ""best_candidate_yaw_delta"": 0.0, ""best_candidate_frame_gap"": 0, ""target_window_ids"": """", ""retrieved_window_ids"": """", ""window_rank_reason"": """", ""trajectory_motion_state"": ""Starting"", ""trajectory_direction"": ""right"", ""trajectory_frames"": 1, ""trajectory_distance"": 0.3333333432674408, ""trajectory_should_progress"": false, ""trajectory_confidence"": 0.75, ""revisit_gate_allow_retrieve"": false, ""revisit_gate_allow_soft_reuse"": false, ""revisit_gate_force_progress"": false, ""revisit_gate_protect_current"": false, ""revisit_gate_reason"": ""revisit_blocked_by_motion:0.3333"", ""selection_is_hard_retrieve"": false, ""selection_is_soft_reuse"": false, ""selection_is_progress"": false, ""action_mode"": ""Viewpoint Locomotion"", ""action_mode_confidence"": 0.3333333432674408, ""action_mode_reason"": ""move=0.3333:view=0.0599:Viewpoint Locomotion"", ""scheduler_path"": ""Viewpoint Locomotion->turn_transition"", ""turn_state"": ""TurnInProgress"", ""turn_confidence"": 0.7486979011446238, ""turn_duration"": 6, ""turn_direction"": ""right"", ""turn_reason"": ""rotation=0.0599"", ""window_layout_type"": ""turn_transition"", ""window_reason"": ""TurnInProgress:turn_transition"", ""frame_index"": 24, ""pose_x"": 0.6663677496442972, ""pose_z"": 0.019962293690683225, ""pose_yaw"": -0.2395833320915699, ""pose_pitch"": 0.0, ""delta_x"": 0.32129861668718235, ""delta_z"": 0.08875988197802309, ""local_delta_x"": 0.3333333432674408, ""local_delta_z"": 0.0, ""delta_yaw"": 0.0598958320915699, ""delta_pitch"": 0.0, ""movement_magnitude"": 0.3333333432674408, ""rotation_magnitude"": 0.0598958320915699, ""pose_confidence"": 0.6666666865348816}"
Experiment001,27,1785815156.9030056,25,18,21,0.8997353538870811,depth,225280,0.8997353538870811,physmem_keep,2 17 18 22 23 24 25 26 27,stableworld_tri_9,9,1,6,190.229884814471,,,,,0.8997353538870811,,,,Turn Right,0.1796875,0.5668091145323452,,KEEP,0.6717466115951538,,,,depth,0.8997353538870811,0.8997353538870811,"{""frame_id"": 27, ""current_frame_id"": 25, ""similarity"": 0.8997353538870811, ""similarity_type"": ""depth"", ""matching_points"": 225280, ""confidence"": 0.8997353538870811, ""decision"": ""physmem_keep"", ""memory_state"": [2, 17, 18, 22, 23, 24, 25, 26, 27], ""memory_id"": ""stableworld_tri_9"", ""memory_size"": 9, ""replace_count"": 1, ""keep_count"": 6, ""runtime"": 190.229884814471, ""pose_event"": """", ""use_pose_memory"": true, ""view_intent"": ""Turn Right"", ""move_intent"": ""None"", ""has_view_motion"": true, ""has_move_motion"": false, ""action_explanation"": ""viewpoint_change"", ""pose_delta_position"": 0.0, ""view_state"": ""View Transition"", ""view_confidence"": 0.5989583333333334, ""view_pose_distance"": 0.0, ""view_yaw_delta"": 0.1796875, ""nearest_view_frame_id"": 23, ""memory_selection_mode"": ""turn_transition"", ""memory_selection_target"": null, ""memory_selection_anchor_type"": """", ""memory_selection_reason"": ""rotation=0.1797"", ""source_anchor_frame_id"": 2, ""source_anchor_locked"": true, ""protected_anchor_ids"": ""2"", ""loop_closure_detected"": false, ""turn_result"": ""UnstableTransition"", ""policy_mode"": ""ViewTransitionPolicy"", ""allow_memory_query"": false, ""allow_hard_retrieve"": false, ""allow_soft_reuse"": false, ""query_result"": """", ""candidate_count"": 0, ""best_candidate_frame_id"": null, ""best_candidate_score"": 0.0, ""best_candidate_pose_distance"": 0.0, ""best_candidate_yaw_delta"": 0.0, ""best_candidate_frame_gap"": 0, ""target_window_ids"": """", ""retrieved_window_ids"": """", ""window_rank_reason"": """", ""trajectory_motion_state"": ""Idle"", ""trajectory_direction"": ""none"", ""trajectory_frames"": 0, ""trajectory_distance"": 0.0, ""trajectory_should_progress"": false, ""trajectory_confidence"": 0.0, ""revisit_gate_allow_retrieve"": false, ""revisit_gate_allow_soft_reuse"": false, ""revisit_gate_force_progress"": false, ""revisit_gate_protect_current"": true, ""revisit_gate_reason"": ""view_transition"", ""selection_is_hard_retrieve"": false, ""selection_is_soft_reuse"": false, ""selection_is_progress"": false, ""action_mode"": ""View Rotation Only"", ""action_mode_confidence"": 0.998263888888889, ""action_mode_reason"": ""view=0.1797:Turn Right"", ""scheduler_path"": ""View Rotation Only->turn_transition"", ""turn_state"": ""TurnInProgress"", ""turn_confidence"": 1.0, ""turn_duration"": 7, ""turn_direction"": ""right"", ""turn_reason"": ""rotation=0.1797"", ""window_layout_type"": ""turn_transition"", ""window_reason"": ""TurnInProgress:turn_transition"", ""frame_index"": 27, ""pose_x"": 0.6663677496442972, ""pose_z"": 0.019962293690683225, ""pose_yaw"": -0.0598958320915699, ""pose_pitch"": 0.0, ""delta_x"": 0.0, ""delta_z"": 0.0, ""local_delta_x"": 0.0, ""local_delta_z"": 0.0, ""delta_yaw"": 0.1796875, ""delta_pitch"": 0.0, ""movement_magnitude"": 0.0, ""rotation_magnitude"": 0.1796875, ""pose_confidence"": 1.0}"
Experiment001,30,1785815159.1694002,28,18,24,0.9154466092586517,depth,225280,0.9154466092586517,physmem_keep,2 17 18 25 26 27 28 29 30,stableworld_tri_9,9,1,6,211.52279805392027,,,,,0.9154466092586517,,,,Viewpoint Locomotion,0.6666666865348816,0.5637274156312334,,KEEP,0.6324453949928284,,,,depth,0.9154466092586517,0.9154466092586517,"{""frame_id"": 30, ""current_frame_id"": 28, ""similarity"": 0.9154466092586517, ""similarity_type"": ""depth"", ""matching_points"": 225280, ""confidence"": 0.9154466092586517, ""decision"": ""physmem_keep"", ""memory_state"": [2, 17, 18, 25, 26, 27, 28, 29, 30], ""memory_id"": ""stableworld_tri_9"", ""memory_size"": 9, ""replace_count"": 1, ""keep_count"": 6, ""runtime"": 211.52279805392027, ""pose_event"": """", ""use_pose_memory"": true, ""view_intent"": ""Turn Left"", ""move_intent"": ""Backward"", ""has_view_motion"": true, ""has_move_motion"": true, ""action_explanation"": ""viewpoint_locomotion"", ""pose_delta_position"": 0.6666666865348816, ""view_state"": ""Revisit"", ""view_confidence"": 0.5267236979589576, ""view_pose_distance"": 0.6666666865348816, ""view_yaw_delta"": 0.02018229104578495, ""nearest_view_frame_id"": 9, ""memory_selection_mode"": ""turn_transition"", ""memory_selection_target"": null, ""memory_selection_anchor_type"": """", ""memory_selection_reason"": ""rotation=0.0202"", ""source_anchor_frame_id"": 2, ""source_anchor_locked"": true, ""protected_anchor_ids"": ""2"", ""loop_closure_detected"": false, ""turn_result"": ""UnstableTransition"", ""policy_mode"": ""ViewTransitionPolicy"", ""allow_memory_query"": false, ""allow_hard_retrieve"": false, ""allow_soft_reuse"": false, ""query_result"": """", ""candidate_count"": 0, ""best_candidate_frame_id"": null, ""best_candidate_score"": 0.0, ""best_candidate_pose_distance"": 0.0, ""best_candidate_yaw_delta"": 0.0, ""best_candidate_frame_gap"": 0, ""target_window_ids"": """", ""retrieved_window_ids"": """", ""window_rank_reason"": """", ""trajectory_motion_state"": ""Starting"", ""trajectory_direction"": ""backward"", ""trajectory_frames"": 1, ""trajectory_distance"": 0.6666666865348816, ""trajectory_should_progress"": false, ""trajectory_confidence"": 0.75, ""revisit_gate_allow_retrieve"": false, ""revisit_gate_allow_soft_reuse"": false, ""revisit_gate_force_progress"": false, ""revisit_gate_protect_current"": false, ""revisit_gate_reason"": ""revisit_blocked_by_motion:0.6667"", ""selection_is_hard_retrieve"": false, ""selection_is_soft_reuse"": false, ""selection_is_progress"": false, ""action_mode"": ""Viewpoint Locomotion"", ""action_mode_confidence"": 0.6666666865348816, ""action_mode_reason"": ""move=0.6667:view=0.0202:Viewpoint Locomotion"", ""scheduler_path"": ""Viewpoint Locomotion->turn_transition"", ""turn_state"": ""TurnInProgress"", ""turn_confidence"": 0.2522786380723119, ""turn_duration"": 8, ""turn_direction"": ""left"", ""turn_reason"": ""rotation=0.0202"", ""window_layout_type"": ""turn_transition"", ""window_reason"": ""TurnInProgress:turn_transition"", ""frame_index"": 30, ""pose_x"": 0.7129876555922678, ""pose_z"": -0.6450723334565056, ""pose_yaw"": -0.08007812313735485, ""pose_pitch"": 0.0, ""delta_x"": 0.046619905947970657, ""delta_z"": -0.6650346271471889, ""local_delta_x"": 0.0, ""local_delta_z"": -0.6666666865348816, ""delta_yaw"": -0.02018229104578495, ""delta_pitch"": 0.0, ""movement_magnitude"": 0.6666666865348816, ""rotation_magnitude"": 0.02018229104578495, ""pose_confidence"": 1.0}"
Experiment001,33,1785815161.5145319,31,18,27,0.8907804265618324,depth,225280,0.8907804265618324,physmem_keep,2 17 18 28 29 30 31 32 33,stableworld_tri_9,9,1,6,209.62925162166357,,,,,0.8907804265618324,,,,Viewpoint Locomotion,1.0,0.5531675417483075,,KEEP,0.6403011083602905,,,,depth,0.8907804265618324,0.8907804265618324,"{""frame_id"": 33, ""current_frame_id"": 31, ""similarity"": 0.8907804265618324, ""similarity_type"": ""depth"", ""matching_points"": 225280, ""confidence"": 0.8907804265618324, ""decision"": ""physmem_keep"", ""memory_state"": [2, 17, 18, 28, 29, 30, 31, 32, 33], ""memory_id"": ""stableworld_tri_9"", ""memory_size"": 9, ""replace_count"": 1, ""keep_count"": 6, ""runtime"": 209.62925162166357, ""pose_event"": """", ""use_pose_memory"": true, ""view_intent"": ""Turn Right"", ""move_intent"": ""Walk"", ""has_view_motion"": true, ""has_move_motion"": true, ""action_explanation"": ""viewpoint_locomotion"", ""pose_delta_position"": 1.0, ""view_state"": ""Known View"", ""view_confidence"": 0.41520195891044703, ""view_pose_distance"": 0.3153372289261253, ""view_yaw_delta"": 0.35937499813735485, ""nearest_view_frame_id"": 18, ""memory_selection_mode"": ""turn_transition"", ""memory_selection_target"": null, ""memory_selection_anchor_type"": """", ""memory_selection_reason"": ""rotation=0.0801"", ""source_anchor_frame_id"": 2, ""source_anchor_locked"": true, ""protected_anchor_ids"": ""2"", ""loop_closure_detected"": false, ""turn_result"": ""UnstableTransition"", ""policy_mode"": ""ViewTransitionPolicy"", ""allow_memory_query"": false, ""allow_hard_retrieve"": false, ""allow_soft_reuse"": false, ""query_result"": """", ""candidate_count"": 0, ""best_candidate_frame_id"": null, ""best_candidate_score"": 0.0, ""best_candidate_pose_distance"": 0.0, ""best_candidate_yaw_delta"": 0.0, ""best_candidate_frame_gap"": 0, ""target_window_ids"": """", ""retrieved_window_ids"": """", ""window_rank_reason"": """", ""trajectory_motion_state"": ""Starting"", ""trajectory_direction"": ""forward"", ""trajectory_frames"": 1, ""trajectory_distance"": 1.0, ""trajectory_should_progress"": false, ""trajectory_confidence"": 0.75, ""revisit_gate_allow_retrieve"": false, ""revisit_gate_allow_soft_reuse"": false, ""revisit_gate_force_progress"": false, ""revisit_gate_protect_current"": false, ""revisit_gate_reason"": ""known_view_blocked_by_motion:1.0000"", ""selection_is_hard_retrieve"": false, ""selection_is_soft_reuse"": false, ""selection_is_progress"": false, ""action_mode"": ""Viewpoint Locomotion"", ""action_mode_confidence"": 1.0, ""action_mode_reason"": ""move=1.0000:view=0.0801:Viewpoint Locomotion"", ""scheduler_path"": ""Viewpoint Locomotion->turn_transition"", ""turn_state"": ""TurnInProgress"", ""turn_confidence"": 1.0, ""turn_duration"": 9, ""turn_direction"": ""right"", ""turn_reason"": ""rotation=0.0801"", ""window_layout_type"": ""turn_transition"", ""window_reason"": ""TurnInProgress:turn_transition"", ""frame_index"": 33, ""pose_x"": 0.672959292043139, ""pose_z"": 0.3541262104333355, ""pose_yaw"": 1.862645149230957e-09, ""pose_pitch"": 0.0, ""delta_x"": -0.04002836354912891, ""delta_z"": 0.9991985438898411, ""local_delta_x"": 0.0, ""local_delta_z"": 1.0, ""delta_yaw"": 0.080078125, ""delta_pitch"": 0.0, ""movement_magnitude"": 1.0, ""rotation_magnitude"": 0.080078125, ""pose_confidence"": 1.0}"
Experiment001,36,1785815163.6556187,34,18,30,0.9500768072903156,depth,225280,0.9500768072903156,physmem_insert,28 29 30 31 32 33 34 35 36,stableworld_tri_9,9,1,6,139.12705704569817,,,,,0.9500768072903156,,,,Walk,1.0540925565309005,0.5369321587323959,,INSERT,0.5707259178161621,,,,depth,0.9500768072903156,0.9500768072903156,"{""frame_id"": 36, ""current_frame_id"": 34, ""similarity"": 0.9500768072903156, ""similarity_type"": ""depth"", ""matching_points"": 225280, ""confidence"": 0.9500768072903156, ""decision"": ""physmem_insert"", ""memory_state"": [28, 29, 30, 31, 32, 33, 34, 35, 36], ""memory_id"": ""stableworld_tri_9"", ""memory_size"": 9, ""replace_count"": 1, ""keep_count"": 6, ""runtime"": 139.12705704569817, ""pose_event"": """", ""use_pose_memory"": true, ""view_intent"": ""None"", ""move_intent"": ""Walk"", ""has_view_motion"": false, ""has_move_motion"": true, ""action_explanation"": ""locomotion"", ""pose_delta_position"": 1.0540925565309005, ""view_state"": ""Novel View"", ""view_confidence"": 0.5, ""view_pose_distance"": 1.0540925565309003, ""view_yaw_delta"": 0.0, ""nearest_view_frame_id"": 31, ""memory_selection_mode"": ""orb_locomotion"", ""memory_selection_target"": null, ""memory_selection_anchor_type"": """", ""memory_selection_reason"": ""move=1.0541:Walk"", ""source_anchor_frame_id"": null, ""source_anchor_locked"": false, ""protected_anchor_ids"": """", ""loop_closure_detected"": false, ""turn_result"": """", ""policy_mode"": ""LocomotionPolicy"", ""allow_memory_query"": false, ""allow_hard_retrieve"": false, ""allow_soft_reuse"": false, ""query_result"": """", ""candidate_count"": 0, ""best_candidate_frame_id"": null, ""best_candidate_score"": 0.0, ""best_candidate_pose_distance"": 0.0, ""best_candidate_yaw_delta"": 0.0, ""best_candidate_frame_gap"": 0, ""target_window_ids"": """", ""retrieved_window_ids"": """", ""window_rank_reason"": """", ""trajectory_motion_state"": ""Progressing"", ""trajectory_direction"": ""forward"", ""trajectory_frames"": 2, ""trajectory_distance"": 2.0540925565309003, ""trajectory_should_progress"": true, ""trajectory_confidence"": 1.0, ""revisit_gate_allow_retrieve"": false, ""revisit_gate_allow_soft_reuse"": false, ""revisit_gate_force_progress"": false, ""revisit_gate_protect_current"": false, ""revisit_gate_reason"": ""locomotion_only_orb_dominant"", ""selection_is_hard_retrieve"": false, ""selection_is_soft_reuse"": false, ""selection_is_progress"": false, ""action_mode"": ""Locomotion Only"", ""action_mode_confidence"": 1.0, ""action_mode_reason"": ""move=1.0541:Walk"", ""scheduler_path"": ""Locomotion Only->orb_locomotion"", ""turn_state"": ""PostTurnStabilization"", ""turn_confidence"": 1.0, ""turn_duration"": 1, ""turn_direction"": ""right"", ""turn_reason"": ""mouse_stopped_after_turn"", ""window_layout_type"": ""orb_locomotion"", ""window_reason"": ""PostTurnStabilization:orb_locomotion"", ""frame_index"": 36, ""pose_x"": 0.33962595063834333, ""pose_z"": 1.3541262110542172, ""pose_yaw"": 1.862645149230957e-09, ""pose_pitch"": 0.0, ""delta_x"": -0.33333334140479565, ""delta_z"": 1.0000000006208818, ""local_delta_x"": -0.3333333432674408, ""local_delta_z"": 1.0, ""delta_yaw"": 0.0, ""delta_pitch"": 0.0, ""movement_magnitude"": 1.0540925565309005, ""rotation_magnitude"": 0.0, ""pose_confidence"": 1.0}"
Experiment001,39,1785815165.6204364,37,30,33,0.9578757733106613,depth,225280,0.9578757733106613,physmem_keep,28 29 30 34 35 36 37 38 39,stableworld_tri_9,9,1,6,161.18982201442122,,,,,0.9578757733106613,,,,Walk,1.2472191421996568,0.6035403787191946,,KEEP,0.7005743384361267,,,,depth,0.9578757733106613,0.9578757733106613,"{""frame_id"": 39, ""current_frame_id"": 37, ""similarity"": 0.9578757733106613, ""similarity_type"": ""depth"", ""matching_points"": 225280, ""confidence"": 0.9578757733106613, ""decision"": ""physmem_keep"", ""memory_state"": [28, 29, 30, 34, 35, 36, 37, 38, 39], ""memory_id"": ""stableworld_tri_9"", ""memory_size"": 9, ""replace_count"": 1, ""keep_count"": 6, ""runtime"": 161.18982201442122, ""pose_event"": """", ""use_pose_memory"": true, ""view_intent"": ""None"", ""move_intent"": ""Walk"", ""has_view_motion"": false, ""has_move_motion"": true, ""action_explanation"": ""locomotion"", ""pose_delta_position"": 1.0540925565309005, ""view_state"": ""Novel View"", ""view_confidence"": 0.5, ""view_pose_distance"": 1.0540925565309003, ""view_yaw_delta"": 0.0, ""nearest_view_frame_id"": 34, ""memory_selection_mode"": ""orb_locomotion"", ""memory_selection_target"": null, ""memory_selection_anchor_type"": """", ""memory_selection_reason"": ""move=1.0541:Walk"", ""source_anchor_frame_id"": null, ""source_anchor_locked"": false, ""protected_anchor_ids"": """", ""loop_closure_detected"": false, ""turn_result"": """", ""policy_mode"": ""LocomotionPolicy"", ""allow_memory_query"": false, ""allow_hard_retrieve"": false, ""allow_soft_reuse"": false, ""query_result"": """", ""candidate_count"": 0, ""best_candidate_frame_id"": null, ""best_candidate_score"": 0.0, ""best_candidate_pose_distance"": 0.0, ""best_candidate_yaw_delta"": 0.0, ""best_candidate_frame_gap"": 0, ""target_window_ids"": """", ""retrieved_window_ids"": """", ""window_rank_reason"": """", ""trajectory_motion_state"": ""Progressing"", ""trajectory_direction"": ""forward"", ""trajectory_frames"": 3, ""trajectory_distance"": 3.1081851130618006, ""trajectory_should_progress"": true, ""trajectory_confidence"": 1.0, ""revisit_gate_allow_retrieve"": false, ""revisit_gate_allow_soft_reuse"": false, ""revisit_gate_force_progress"": false, ""revisit_gate_protect_current"": false, ""revisit_gate_reason"": ""locomotion_only_orb_dominant"", ""selection_is_hard_retrieve"": false, ""selection_is_soft_reuse"": false, ""selection_is_progress"": false, ""action_mode"": ""Locomotion Only"", ""action_mode_confidence"": 1.0, ""action_mode_reason"": ""move=1.0541:Walk"", ""scheduler_path"": ""Locomotion Only->orb_locomotion"", ""turn_state"": ""PostTurnStabilization"", ""turn_confidence"": 0.5, ""turn_duration"": 2, ""turn_direction"": ""right"", ""turn_reason"": ""mouse_stopped_after_turn"", ""window_layout_type"": ""orb_locomotion"", ""window_reason"": ""PostTurnStabilization:orb_locomotion"", ""frame_index"": 39, ""pose_x"": 0.006292609233547686, ""pose_z"": 2.3541262116750987, ""pose_yaw"": 1.862645149230957e-09, ""pose_pitch"": 0.0, ""delta_x"": -0.33333334140479565, ""delta_z"": 1.0000000006208818, ""local_delta_x"": -0.3333333432674408, ""local_delta_z"": 1.0, ""delta_yaw"": 0.0, ""delta_pitch"": 0.0, ""movement_magnitude"": 1.0540925565309005, ""rotation_magnitude"": 0.0, ""pose_confidence"": 1.0}"
Experiment001,42,1785815167.7709923,40,30,36,0.9823948666453362,depth,225280,0.9823948666453362,physmem_insert,28 30 35 36 37 38 39 40 41,stableworld_tri_9,9,1,7,79.23960126936436,,,,,0.9823948666453362,,,,Viewpoint Locomotion,1.201850436175566,0.6159852014337752,,INSERT,0.633793830871582,,,,depth,0.9823948666453362,0.9823948666453362,"{""frame_id"": 42, ""current_frame_id"": 40, ""similarity"": 0.9823948666453362, ""similarity_type"": ""depth"", ""matching_points"": 225280, ""confidence"": 0.9823948666453362, ""decision"": ""physmem_insert"", ""memory_state"": [28, 30, 35, 36, 37, 38, 39, 40, 41], ""memory_id"": ""stableworld_tri_9"", ""memory_size"": 9, ""replace_count"": 1, ""keep_count"": 7, ""runtime"": 79.23960126936436, ""pose_event"": """", ""use_pose_memory"": true, ""view_intent"": ""Turn Left"", ""move_intent"": ""Walk"", ""has_view_motion"": true, ""has_move_motion"": true, ""action_explanation"": ""viewpoint_locomotion"", ""pose_delta_position"": 1.2018504361755662, ""view_state"": ""Novel View"", ""view_confidence"": 0.5, ""view_pose_distance"": 1.2018504361755662, ""view_yaw_delta"": 0.0400390625, ""nearest_view_frame_id"": 37, ""memory_selection_mode"": ""protect_current"", ""memory_selection_target"": null, ""memory_selection_anchor_type"": """", ""memory_selection_reason"": ""move=1.2019:view=0.0400:Viewpoint Locomotion"", ""source_anchor_frame_id"": 30, ""source_anchor_locked"": true, ""protected_anchor_ids"": ""30"", ""loop_closure_detected"": false, ""turn_result"": ""TurnStart"", ""policy_mode"": ""TurnStartPolicy"", ""allow_memory_query"": false, ""allow_hard_retrieve"": false, ""allow_soft_reuse"": false, ""query_result"": """", ""candidate_count"": 0, ""best_candidate_frame_id"": null, ""best_candidate_score"": 0.0, ""best_candidate_pose_distance"": 0.0, ""best_candidate_yaw_delta"": 0.0, ""best_candidate_frame_gap"": 0, ""target_window_ids"": """", ""retrieved_window_ids"": """", ""window_rank_reason"": """", ""trajectory_motion_state"": ""Progressing"", ""trajectory_direction"": ""forward"", ""trajectory_frames"": 4, ""trajectory_distance"": 4.310035549237367, ""trajectory_should_progress"": true, ""trajectory_confidence"": 1.0, ""revisit_gate_allow_retrieve"": false, ""revisit_gate_allow_soft_reuse"": false, ""revisit_gate_force_progress"": true, ""revisit_gate_protect_current"": false, ""revisit_gate_reason"": ""hybrid_forward_progress"", ""selection_is_hard_retrieve"": false, ""selection_is_soft_reuse"": false, ""selection_is_progress"": false, ""action_mode"": ""Viewpoint Locomotion"", ""action_mode_confidence"": 1.0, ""action_mode_reason"": ""move=1.2019:view=0.0400:Viewpoint Locomotion"", ""scheduler_path"": ""Viewpoint Locomotion->protect_current"", ""turn_state"": ""TurnStart"", ""turn_confidence"": 0.50048828125, ""turn_duration"": 1, ""turn_direction"": ""left"", ""turn_reason"": ""rotation=0.0400"", ""window_layout_type"": ""protect_current"", ""window_reason"": ""TurnStart:protect_current"", ""frame_index"": 42, ""pose_x"": 0.652807514202795, ""pose_z"": 3.3672712894344508, ""pose_yaw"": -0.04003906063735485, ""pose_pitch"": 0.0, ""delta_x"": 0.6465149049692474, ""delta_z"": 1.013145077759352, ""local_delta_x"": 0.6666666865348816, ""local_delta_z"": 1.0, ""delta_yaw"": -0.0400390625, ""delta_pitch"": 0.0, ""movement_magnitude"": 1.2018504361755662, ""rotation_magnitude"": 0.0400390625, ""pose_confidence"": 1.0}"
Experiment001,45,1785815169.5719242,42,35,38,0.983158465474844,depth,225280,0.983158465474844,physmem_insert,30 36 37 38 39 40 41 42 43,stableworld_tri_9,9,1,7,134.86809097230434,,,,,0.983158465474844,,,,Viewpoint Locomotion,1.0,0.6273582176637509,,INSERT,0.6950299739837646,,,,depth,0.983158465474844,0.983158465474844,"{""frame_id"": 45, ""current_frame_id"": 42, ""similarity"": 0.983158465474844, ""similarity_type"": ""depth"", ""matching_points"": 225280, ""confidence"": 0.983158465474844, ""decision"": ""physmem_insert"", ""memory_state"": [30, 36, 37, 38, 39, 40, 41, 42, 43], ""memory_id"": ""stableworld_tri_9"", ""memory_size"": 9, ""replace_count"": 1, ""keep_count"": 7, ""runtime"": 134.86809097230434, ""pose_event"": """", ""use_pose_memory"": true, ""view_intent"": ""Turn Right"", ""move_intent"": ""Walk"", ""has_view_motion"": true, ""has_move_motion"": true, ""action_explanation"": ""viewpoint_locomotion"", ""pose_delta_position"": 1.0, ""view_state"": ""Novel View"", ""view_confidence"": 0.5, ""view_pose_distance"": 1.0000000000000002, ""view_yaw_delta"": 0.0400390625, ""nearest_view_frame_id"": 40, ""key_anchor_frame_id"": 42, ""key_anchor_type"": ""forward_anchor"", ""key_anchor_reason"": ""hybrid_forward_progress"", ""memory_selection_mode"": ""turn_transition"", ""memory_selection_target"": null, ""memory_selection_anchor_type"": """", ""memory_selection_reason"": ""rotation=0.0400"", ""source_anchor_frame_id"": 30, ""source_anchor_locked"": true, ""protected_anchor_ids"": ""30"", ""loop_closure_detected"": false, ""turn_result"": ""UnstableTransition"", ""policy_mode"": ""ViewTransitionPolicy"", ""allow_memory_query"": false, ""allow_hard_retrieve"": false, ""allow_soft_reuse"": false, ""query_result"": """", ""candidate_count"": 0, ""best_candidate_frame_id"": null, ""best_candidate_score"": 0.0, ""best_candidate_pose_distance"": 0.0, ""best_candidate_yaw_delta"": 0.0, ""best_candidate_frame_gap"": 0, ""target_window_ids"": """", ""retrieved_window_ids"": """", ""window_rank_reason"": """", ""trajectory_motion_state"": ""Progressing"", ""trajectory_direction"": ""forward"", ""trajectory_frames"": 5, ""trajectory_distance"": 5.310035549237367, ""trajectory_should_progress"": true, ""trajectory_confidence"": 1.0, ""revisit_gate_allow_retrieve"": false, ""revisit_gate_allow_soft_reuse"": false, ""revisit_gate_force_progress"": true, ""revisit_gate_protect_current"": false, ""revisit_gate_reason"": ""hybrid_forward_progress"", ""selection_is_hard_retrieve"": false, ""selection_is_soft_reuse"": false, ""selection_is_progress"": false, ""action_mode"": ""Viewpoint Locomotion"", ""action_mode_confidence"": 1.0, ""action_mode_reason"": ""move=1.0000:view=0.0400:Viewpoint Locomotion"", ""scheduler_path"": ""Viewpoint Locomotion->turn_transition"", ""turn_state"": ""TurnInProgress"", ""turn_confidence"": 0.50048828125, ""turn_duration"": 2, ""turn_direction"": ""right"", ""turn_reason"": ""rotation=0.0400"", ""window_layout_type"": ""turn_transition"", ""window_reason"": ""TurnInProgress:turn_transition"", ""frame_index"": 45, ""pose_x"": 0.6327893220316694, ""pose_z"": 4.36707090534866, ""pose_yaw"": 1.862645149230957e-09, ""pose_pitch"": 0.0, ""delta_x"": -0.020018192171125698, ""delta_z"": 0.9997996159142091, ""local_delta_x"": 0.0, ""local_delta_z"": 1.0, ""delta_yaw"": 0.0400390625, ""delta_pitch"": 0.0, ""movement_magnitude"": 1.0, ""rotation_magnitude"": 0.0400390625, ""pose_confidence"": 1.0}"
Experiment001,48,1785815171.6548312,44,37,40,0.981359338387847,depth,225280,0.981359338387847,physmem_keep,30 36 37 41 42 43 44 45 46,stableworld_tri_9,9,1,6,195.30147220939398,,,,,0.981359338387847,,,,Walk,1.0,0.6181637794204037,,KEEP,0.7039569616317749,,,,depth,0.981359338387847,0.981359338387847,"{""frame_id"": 48, ""current_frame_id"": 44, ""similarity"": 0.981359338387847, ""similarity_type"": ""depth"", ""matching_points"": 225280, ""confidence"": 0.981359338387847, ""decision"": ""physmem_keep"", ""memory_state"": [30, 36, 37, 41, 42, 43, 44, 45, 46], ""memory_id"": ""stableworld_tri_9"", ""memory_size"": 9, ""replace_count"": 1, ""keep_count"": 6, ""runtime"": 195.30147220939398, ""pose_event"": """", ""use_pose_memory"": true, ""view_intent"": ""None"", ""move_intent"": ""Walk"", ""has_view_motion"": false, ""has_move_motion"": true, ""action_explanation"": ""locomotion"", ""pose_delta_position"": 1.0, ""view_state"": ""Novel View"", ""view_confidence"": 0.5, ""view_pose_distance"": 1.0, ""view_yaw_delta"": 0.0, ""nearest_view_frame_id"": 42, ""memory_selection_mode"": ""orb_locomotion"", ""memory_selection_target"": null, ""memory_selection_anchor_type"": """", ""memory_selection_reason"": ""move=1.0000:Walk"", ""source_anchor_frame_id"": null, ""source_anchor_locked"": false, ""protected_anchor_ids"": """", ""loop_closure_detected"": false, ""turn_result"": """", ""policy_mode"": ""LocomotionPolicy"", ""allow_memory_query"": false, ""allow_hard_retrieve"": false, ""allow_soft_reuse"": false, ""query_result"": """", ""candidate_count"": 0, ""best_candidate_frame_id"": null, ""best_candidate_score"": 0.0, ""best_candidate_pose_distance"": 0.0, ""best_candidate_yaw_delta"": 0.0, ""best_candidate_frame_gap"": 0, ""target_window_ids"": """", ""retrieved_window_ids"": """", ""window_rank_reason"": """", ""trajectory_motion_state"": ""Progressing"", ""trajectory_direction"": ""forward"", ""trajectory_frames"": 6, ""trajectory_distance"": 6.310035549237367, ""trajectory_should_progress"": true, ""trajectory_confidence"": 1.0, ""revisit_gate_allow_retrieve"": false, ""revisit_gate_allow_soft_reuse"": false, ""revisit_gate_force_progress"": false, ""revisit_gate_protect_current"": false, ""revisit_gate_reason"": ""locomotion_only_orb_dominant"", ""selection_is_hard_retrieve"": false, ""selection_is_soft_reuse"": false, ""selection_is_progress"": false, ""action_mode"": ""Locomotion Only"", ""action_mode_confidence"": 1.0, ""action_mode_reason"": ""move=1.0000:Walk"", ""scheduler_path"": ""Locomotion Only->orb_locomotion"", ""turn_state"": ""PostTurnStabilization"", ""turn_confidence"": 1.0, ""turn_duration"": 1, ""turn_direction"": ""right"", ""turn_reason"": ""mouse_stopped_after_turn"", ""window_layout_type"": ""orb_locomotion"", ""window_reason"": ""PostTurnStabilization:orb_locomotion"", ""frame_index"": 48, ""pose_x"": 0.6327893238943145, ""pose_z"": 5.36707090534866, ""pose_yaw"": 1.862645149230957e-09, ""pose_pitch"": 0.0, ""delta_x"": 1.862645149230957e-09, ""delta_z"": 1.0, ""local_delta_x"": 0.0, ""local_delta_z"": 1.0, ""delta_yaw"": 0.0, ""delta_pitch"": 0.0, ""movement_magnitude"": 1.0, ""rotation_magnitude"": 0.0, ""pose_confidence"": 1.0}"
Experiment001,51,1785815173.6464596,47,37,43,0.9845167445018888,depth,225280,0.9845167445018888,physmem_keep,30 36 37 44 45 46 47 48 49,stableworld_tri_9,9,1,6,99.23007059842348,,,,,0.9845167445018888,,,,Walk,1.4142135623730951,0.607403719159647,,KEEP,0.673755407333374,,,,depth,0.9845167445018888,0.9845167445018888,"{""frame_id"": 51, ""current_frame_id"": 47, ""similarity"": 0.9845167445018888, ""similarity_type"": ""depth"", ""matching_points"": 225280, ""confidence"": 0.9845167445018888, ""decision"": ""physmem_keep"", ""memory_state"": [30, 36, 37, 44, 45, 46, 47, 48, 49], ""memory_id"": ""stableworld_tri_9"", ""memory_size"": 9, ""replace_count"": 1, ""keep_count"": 6, ""runtime"": 99.23007059842348, ""pose_event"": """", ""use_pose_memory"": true, ""view_intent"": ""None"", ""move_intent"": ""Walk"", ""has_view_motion"": false, ""has_move_motion"": true, ""action_explanation"": ""locomotion"", ""pose_delta_position"": 1.4142135623730951, ""view_state"": ""Novel View"", ""view_confidence"": 0.5, ""view_pose_distance"": 1.4142135623730951, ""view_yaw_delta"": 0.0, ""nearest_view_frame_id"": 44, ""memory_selection_mode"": ""orb_locomotion"", ""memory_selection_target"": null, ""memory_selection_anchor_type"": """", ""memory_selection_reason"": ""move=1.4142:Walk"", ""source_anchor_frame_id"": null, ""source_anchor_locked"": false, ""protected_anchor_ids"": """", ""loop_closure_detected"": false, ""turn_result"": """", ""policy_mode"": ""LocomotionPolicy"", ""allow_memory_query"": false, ""allow_hard_retrieve"": false, ""allow_soft_reuse"": false, ""query_result"": """", ""candidate_count"": 0, ""best_candidate_frame_id"": null, ""best_candidate_score"": 0.0, ""best_candidate_pose_distance"": 0.0, ""best_candidate_yaw_delta"": 0.0, ""best_candidate_frame_gap"": 0, ""target_window_ids"": """", ""retrieved_window_ids"": """", ""window_rank_reason"": """", ""trajectory_motion_state"": ""Progressing"", ""trajectory_direction"": ""forward"", ""trajectory_frames"": 7, ""trajectory_distance"": 7.724249111610462, ""trajectory_should_progress"": true, ""trajectory_confidence"": 1.0, ""revisit_gate_allow_retrieve"": false, ""revisit_gate_allow_soft_reuse"": false, ""revisit_gate_force_progress"": false, ""revisit_gate_protect_current"": false, ""revisit_gate_reason"": ""locomotion_only_orb_dominant"", ""selection_is_hard_retrieve"": false, ""selection_is_soft_reuse"": false, ""selection_is_progress"": false, ""action_mode"": ""Locomotion Only"", ""action_mode_confidence"": 1.0, ""action_mode_reason"": ""move=1.4142:Walk"", ""scheduler_path"": ""Locomotion Only->orb_locomotion"", ""turn_state"": ""PostTurnStabilization"", ""turn_confidence"": 0.5, ""turn_duration"": 2, ""turn_direction"": ""right"", ""turn_reason"": ""mouse_stopped_after_turn"", ""window_layout_type"": ""orb_locomotion"", ""window_reason"": ""PostTurnStabilization:orb_locomotion"", ""frame_index"": 51, ""pose_x"": -0.3672106742430403, ""pose_z"": 6.367070907211305, ""pose_yaw"": 1.862645149230957e-09, ""pose_pitch"": 0.0, ""delta_x"": -0.9999999981373549, ""delta_z"": 1.0000000018626451, ""local_delta_x"": -1.0, ""local_delta_z"": 1.0, ""delta_yaw"": 0.0, ""delta_pitch"": 0.0, ""movement_magnitude"": 1.4142135623730951, ""rotation_magnitude"": 0.0, ""pose_confidence"": 1.0}"
Experiment001,54,1785815175.6809058,50,37,46,0.9771397300064564,depth,225280,0.9771397300064564,physmem_insert,44 45 46 47 48 49 50 51 52,stableworld_tri_9,9,1,6,154.53790873289108,,,,,0.9771397300064564,,,,Walk,1.4142135623730951,0.547932964272124,,INSERT,0.6368798017501831,,,,depth,0.9771397300064564,0.9771397300064564,"{""frame_id"": 54, ""current_frame_id"": 50, ""similarity"": 0.9771397300064564, ""similarity_type"": ""depth"", ""matching_points"": 225280, ""confidence"": 0.9771397300064564, ""decision"": ""physmem_insert"", ""memory_state"": [44, 45, 46, 47, 48, 49, 50, 51, 52], ""memory_id"": ""stableworld_tri_9"", ""memory_size"": 9, ""replace_count"": 1, ""keep_count"": 6, ""runtime"": 154.53790873289108, ""pose_event"": """", ""use_pose_memory"": true, ""view_intent"": ""None"", ""move_intent"": ""Walk"", ""has_view_motion"": false, ""has_move_motion"": true, ""action_explanation"": ""locomotion"", ""pose_delta_position"": 1.4142135623730951, ""view_state"": ""Novel View"", ""view_confidence"": 0.5, ""view_pose_distance"": 1.4142135623730951, ""view_yaw_delta"": 0.0, ""nearest_view_frame_id"": 47, ""memory_selection_mode"": ""orb_locomotion"", ""memory_selection_target"": null, ""memory_selection_anchor_type"": """", ""memory_selection_reason"": ""move=1.4142:Walk"", ""source_anchor_frame_id"": null, ""source_anchor_locked"": false, ""protected_anchor_ids"": """", ""loop_closure_detected"": false, ""turn_result"": """", ""policy_mode"": ""LocomotionPolicy"", ""allow_memory_query"": false, ""allow_hard_retrieve"": false, ""allow_soft_reuse"": false, ""query_result"": """", ""candidate_count"": 0, ""best_candidate_frame_id"": null, ""best_candidate_score"": 0.0, ""best_candidate_pose_distance"": 0.0, ""best_candidate_yaw_delta"": 0.0, ""best_candidate_frame_gap"": 0, ""target_window_ids"": """", ""retrieved_window_ids"": """", ""window_rank_reason"": """", ""trajectory_motion_state"": ""Progressing"", ""trajectory_direction"": ""forward"", ""trajectory_frames"": 8, ""trajectory_distance"": 9.138462673983557, ""trajectory_should_progress"": true, ""trajectory_confidence"": 1.0, ""revisit_gate_allow_retrieve"": false, ""revisit_gate_allow_soft_reuse"": false, ""revisit_gate_force_progress"": false, ""revisit_gate_protect_current"": false, ""revisit_gate_reason"": ""locomotion_only_orb_dominant"", ""selection_is_hard_retrieve"": false, ""selection_is_soft_reuse"": false, ""selection_is_progress"": false, ""action_mode"": ""Locomotion Only"", ""action_mode_confidence"": 1.0, ""action_mode_reason"": ""move=1.4142:Walk"", ""scheduler_path"": ""Locomotion Only->orb_locomotion"", ""turn_state"": ""StableNewView"", ""turn_confidence"": 1.0, ""turn_duration"": 0, ""turn_direction"": ""right"", ""turn_reason"": ""stable"", ""window_layout_type"": ""orb_locomotion"", ""window_reason"": ""StableNewView:orb_locomotion"", ""frame_index"": 54, ""pose_x"": 0.6327893276196048, ""pose_z"": 7.36707090534866, ""pose_yaw"": 1.862645149230957e-09, ""pose_pitch"": 0.0, ""delta_x"": 1.0000000018626451, ""delta_z"": 0.9999999981373549, ""local_delta_x"": 1.0, ""local_delta_z"": 1.0, ""delta_yaw"": 0.0, ""delta_pitch"": 0.0, ""movement_magnitude"": 1.4142135623730951, ""rotation_magnitude"": 0.0, ""pose_confidence"": 1.0}"
Experiment001,57,1785815177.6692195,53,46,49,0.9733552820980549,depth,225280,0.9733552820980549,physmem_keep,44 45 46 50 51 52 53 54 55,stableworld_tri_9,9,1,6,74.64330410584807,,,,,0.9733552820980549,,,,Left,0.7453560147132695,0.5719507894435825,,KEEP,0.569848895072937,,,,depth,0.9733552820980549,0.9733552820980549,"{""frame_id"": 57, ""current_frame_id"": 53, ""similarity"": 0.9733552820980549, ""similarity_type"": ""depth"", ""matching_points"": 225280, ""confidence"": 0.9733552820980549, ""decision"": ""physmem_keep"", ""memory_state"": [44, 45, 46, 50, 51, 52, 53, 54, 55], ""memory_id"": ""stableworld_tri_9"", ""memory_size"": 9, ""replace_count"": 1, ""keep_count"": 6, ""runtime"": 74.64330410584807, ""pose_event"": """", ""use_pose_memory"": true, ""view_intent"": ""None"", ""move_intent"": ""Left"", ""has_view_motion"": false, ""has_move_motion"": true, ""action_explanation"": ""lateral_motion"", ""pose_delta_position"": 0.3333333432674408, ""view_state"": ""Known View"", ""view_confidence"": 0.8039215627838583, ""view_pose_distance"": 0.3333333432674408, ""view_yaw_delta"": 0.0, ""nearest_view_frame_id"": 50, ""memory_selection_mode"": ""orb_locomotion"", ""memory_selection_target"": null, ""memory_selection_anchor_type"": """", ""memory_selection_reason"": ""move=0.3333:Left"", ""source_anchor_frame_id"": null, ""source_anchor_locked"": false, ""protected_anchor_ids"": """", ""loop_closure_detected"": false, ""turn_result"": """", ""policy_mode"": ""LocomotionPolicy"", ""allow_memory_query"": false, ""allow_hard_retrieve"": false, ""allow_soft_reuse"": false, ""query_result"": """", ""candidate_count"": 0, ""best_candidate_frame_id"": null, ""best_candidate_score"": 0.0, ""best_candidate_pose_distance"": 0.0, ""best_candidate_yaw_delta"": 0.0, ""best_candidate_frame_gap"": 0, ""target_window_ids"": """", ""retrieved_window_ids"": """", ""window_rank_reason"": """", ""trajectory_motion_state"": ""Starting"", ""trajectory_direction"": ""left"", ""trajectory_frames"": 1, ""trajectory_distance"": 0.3333333432674408, ""trajectory_should_progress"": false, ""trajectory_confidence"": 0.75, ""revisit_gate_allow_retrieve"": false, ""revisit_gate_allow_soft_reuse"": false, ""revisit_gate_force_progress"": false, ""revisit_gate_protect_current"": false, ""revisit_gate_reason"": ""locomotion_only_orb_dominant"", ""selection_is_hard_retrieve"": false, ""selection_is_soft_reuse"": false, ""selection_is_progress"": false, ""action_mode"": ""Locomotion Only"", ""action_mode_confidence"": 0.3333333432674408, ""action_mode_reason"": ""move=0.3333:Left"", ""scheduler_path"": ""Locomotion Only->orb_locomotion"", ""turn_state"": ""StableNewView"", ""turn_confidence"": 1.0, ""turn_duration"": 0, ""turn_direction"": ""right"", ""turn_reason"": ""stable"", ""window_layout_type"": ""orb_locomotion"", ""window_reason"": ""StableNewView:orb_locomotion"", ""frame_index"": 57, ""pose_x"": 0.29945598435216403, ""pose_z"": 7.367070905969542, ""pose_yaw"": 1.862645149230957e-09, ""pose_pitch"": 0.0, ""delta_x"": -0.3333333432674408, ""delta_z"": 6.208817349140361e-10, ""local_delta_x"": -0.3333333432674408, ""local_delta_z"": 0.0, ""delta_yaw"": 0.0, ""delta_pitch"": 0.0, ""movement_magnitude"": 0.3333333432674408, ""rotation_magnitude"": 0.0, ""pose_confidence"": 1.0}"
Experiment001,60,1785815179.42962,56,46,52,0.9625896327197552,depth,225280,0.9625896327197552,physmem_keep,44 45 46 53 54 55 56 57 58,stableworld_tri_9,9,1,6,73.27300123870373,,,,,0.9625896327197552,,,,Viewpoint Locomotion,0.3333333432674408,0.5232250161359386,,KEEP,0.5457518100738525,,,,depth,0.9625896327197552,0.9625896327197552,"{""frame_id"": 60, ""current_frame_id"": 56, ""similarity"": 0.9625896327197552, ""similarity_type"": ""depth"", ""matching_points"": 225280, ""confidence"": 0.9625896327197552, ""decision"": ""physmem_keep"", ""memory_state"": [44, 45, 46, 53, 54, 55, 56, 57, 58], ""memory_id"": ""stableworld_tri_9"", ""memory_size"": 9, ""replace_count"": 1, ""keep_count"": 6, ""runtime"": 73.27300123870373, ""pose_event"": """", ""use_pose_memory"": true, ""view_intent"": ""Turn Left"", ""move_intent"": ""Right"", ""has_view_motion"": true, ""has_move_motion"": true, ""action_explanation"": ""viewpoint_locomotion"", ""pose_delta_position"": 0.3333333432674408, ""view_state"": ""Known View"", ""view_confidence"": 0.8551556252072205, ""view_pose_distance"": 0.019962293690683336, ""view_yaw_delta"": 0.1197916641831398, ""nearest_view_frame_id"": 50, ""memory_selection_mode"": ""protect_current"", ""memory_selection_target"": null, ""memory_selection_anchor_type"": """", ""memory_selection_reason"": ""move=0.3333:view=0.1198:Viewpoint Locomotion"", ""source_anchor_frame_id"": 46, ""source_anchor_locked"": true, ""protected_anchor_ids"": ""46"", ""loop_closure_detected"": false, ""turn_result"": ""TurnStart"", ""policy_mode"": ""TurnStartPolicy"", ""allow_memory_query"": false, ""allow_hard_retrieve"": false, ""allow_soft_reuse"": false, ""query_result"": """", ""candidate_count"": 0, ""best_candidate_frame_id"": null, ""best_candidate_score"": 0.0, ""best_candidate_pose_distance"": 0.0, ""best_candidate_yaw_delta"": 0.0, ""best_candidate_frame_gap"": 0, ""target_window_ids"": """", ""retrieved_window_ids"": """", ""window_rank_reason"": """", ""trajectory_motion_state"": ""Starting"", ""trajectory_direction"": ""right"", ""trajectory_frames"": 1, ""trajectory_distance"": 0.3333333432674408, ""trajectory_should_progress"": false, ""trajectory_confidence"": 0.75, ""revisit_gate_allow_retrieve"": false, ""revisit_gate_allow_soft_reuse"": false, ""revisit_gate_force_progress"": false, ""revisit_gate_protect_current"": false, ""revisit_gate_reason"": ""known_view_blocked_by_motion:0.3333"", ""selection_is_hard_retrieve"": false, ""selection_is_soft_reuse"": false, ""selection_is_progress"": false, ""action_mode"": ""Viewpoint Locomotion"", ""action_mode_confidence"": 0.3333333432674408, ""action_mode_reason"": ""move=0.3333:view=0.1198:Viewpoint Locomotion"", ""scheduler_path"": ""Viewpoint Locomotion->protect_current"", ""turn_state"": ""TurnStart"", ""turn_confidence"": 1.0, ""turn_duration"": 1, ""turn_direction"": ""left"", ""turn_reason"": ""rotation=0.1198"", ""window_layout_type"": ""protect_current"", ""window_reason"": ""TurnStart:protect_current"", ""frame_index"": 60, ""pose_x"": 0.6321915879204952, ""pose_z"": 7.387024247841716, ""pose_yaw"": -0.11979166232049465, ""pose_pitch"": 0.0, ""delta_x"": 0.3327356035683312, ""delta_z"": 0.019953341872174398, ""local_delta_x"": 0.3333333432674408, ""local_delta_z"": 0.0, ""delta_yaw"": -0.1197916641831398, ""delta_pitch"": 0.0, ""movement_magnitude"": 0.3333333432674408, ""rotation_magnitude"": 0.1197916641831398, ""pose_confidence"": 1.0}"
Experiment001,63,1785815181.3757148,59,46,55,0.961994681507349,depth,225280,0.961994681507349,physmem_insert,46 53 54 55 56 57 58 59 60,stableworld_tri_9,9,1,7,181.59099807962775,,,,,0.961994681507349,,,,Turn Left,0.1796875,0.5159617186638996,,INSERT,0.5459437370300293,,,,depth,0.961994681507349,0.961994681507349,"{""frame_id"": 63, ""current_frame_id"": 59, ""similarity"": 0.961994681507349, ""similarity_type"": ""depth"", ""matching_points"": 225280, ""confidence"": 0.961994681507349, ""decision"": ""physmem_insert"", ""memory_state"": [46, 53, 54, 55, 56, 57, 58, 59, 60], ""memory_id"": ""stableworld_tri_9"", ""memory_size"": 9, ""replace_count"": 1, ""keep_count"": 7, ""runtime"": 181.59099807962775, ""pose_event"": """", ""use_pose_memory"": true, ""view_intent"": ""Turn Left"", ""move_intent"": ""None"", ""has_view_motion"": true, ""has_move_motion"": false, ""action_explanation"": ""viewpoint_change"", ""pose_delta_position"": 0.0, ""view_state"": ""View Transition"", ""view_confidence"": 0.5989583333333334, ""view_pose_distance"": 0.0, ""view_yaw_delta"": 0.1796875, ""nearest_view_frame_id"": 56, ""memory_selection_mode"": ""turn_transition"", ""memory_selection_target"": null, ""memory_selection_anchor_type"": """", ""memory_selection_reason"": ""rotation=0.1797"", ""source_anchor_frame_id"": 46, ""source_anchor_locked"": true, ""protected_anchor_ids"": ""46"", ""loop_closure_detected"": false, ""turn_result"": ""UnstableTransition"", ""policy_mode"": ""ViewTransitionPolicy"", ""allow_memory_query"": false, ""allow_hard_retrieve"": false, ""allow_soft_reuse"": false, ""query_result"": """", ""candidate_count"": 0, ""best_candidate_frame_id"": null, ""best_candidate_score"": 0.0, ""best_candidate_pose_distance"": 0.0, ""best_candidate_yaw_delta"": 0.0, ""best_candidate_frame_gap"": 0, ""target_window_ids"": """", ""retrieved_window_ids"": """", ""window_rank_reason"": """", ""trajectory_motion_state"": ""Idle"", ""trajectory_direction"": ""none"", ""trajectory_frames"": 0, ""trajectory_distance"": 0.0, ""trajectory_should_progress"": false, ""trajectory_confidence"": 0.0, ""revisit_gate_allow_retrieve"": false, ""revisit_gate_allow_soft_reuse"": false, ""revisit_gate_force_progress"": false, ""revisit_gate_protect_current"": true, ""revisit_gate_reason"": ""view_transition"", ""selection_is_hard_retrieve"": false, ""selection_is_soft_reuse"": false, ""selection_is_progress"": false, ""action_mode"": ""View Rotation Only"", ""action_mode_confidence"": 0.998263888888889, ""action_mode_reason"": ""view=0.1797:Turn Left"", ""scheduler_path"": ""View Rotation Only->turn_transition"", ""turn_state"": ""TurnInProgress"", ""turn_confidence"": 1.0, ""turn_duration"": 2, ""turn_direction"": ""left"", ""turn_reason"": ""rotation=0.1797"", ""window_layout_type"": ""turn_transition"", ""window_reason"": ""TurnInProgress:turn_transition"", ""frame_index"": 63, ""pose_x"": 0.6321915879204952, ""pose_z"": 7.387024247841716, ""pose_yaw"": -0.29947916232049465, ""pose_pitch"": 0.0, ""delta_x"": 0.0, ""delta_z"": 0.0, ""local_delta_x"": 0.0, ""local_delta_z"": 0.0, ""delta_yaw"": -0.1796875, ""delta_pitch"": 0.0, ""movement_magnitude"": 0.0, ""rotation_magnitude"": 0.1796875, ""pose_confidence"": 1.0}"
Experiment001,66,1785815183.5305421,61,54,57,0.9615791067481041,depth,225280,0.9615791067481041,physmem_keep,46 53 54 58 59 60 61 62 63,stableworld_tri_9,9,1,6,123.29313019290566,,,,,0.9615791067481041,,,,Viewpoint Locomotion,0.6666666865348816,0.628773321020634,,KEEP,0.7502148747444153,,,,depth,0.9615791067481041,0.9615791067481041,"{""frame_id"": 66, ""current_frame_id"": 61, ""similarity"": 0.9615791067481041, ""similarity_type"": ""depth"", ""matching_points"": 225280, ""confidence"": 0.9615791067481041, ""decision"": ""physmem_keep"", ""memory_state"": [46, 53, 54, 58, 59, 60, 61, 62, 63], ""memory_id"": ""stableworld_tri_9"", ""memory_size"": 9, ""replace_count"": 1, ""keep_count"": 6, ""runtime"": 123.29313019290566, ""pose_event"": """", ""use_pose_memory"": true, ""view_intent"": ""Turn Right"", ""move_intent"": ""Left"", ""has_view_motion"": true, ""has_move_motion"": true, ""action_explanation"": ""viewpoint_locomotion"", ""pose_delta_position"": 0.6666666865348816, ""view_state"": ""Revisit"", ""view_confidence"": 0.4259897595402765, ""view_pose_distance"": 0.3476225062076498, ""view_yaw_delta"": 0.2395833320915699, ""nearest_view_frame_id"": 53, ""memory_selection_mode"": ""turn_transition"", ""memory_selection_target"": null, ""memory_selection_anchor_type"": """", ""memory_selection_reason"": ""rotation=0.0599"", ""source_anchor_frame_id"": 46, ""source_anchor_locked"": true, ""protected_anchor_ids"": ""46"", ""loop_closure_detected"": false, ""turn_result"": ""UnstableTransition"", ""policy_mode"": ""ViewTransitionPolicy"", ""allow_memory_query"": false, ""allow_hard_retrieve"": false, ""allow_soft_reuse"": false, ""query_result"": """", ""candidate_count"": 0, ""best_candidate_frame_id"": null, ""best_candidate_score"": 0.0, ""best_candidate_pose_distance"": 0.0, ""best_candidate_yaw_delta"": 0.0, ""best_candidate_frame_gap"": 0, ""target_window_ids"": """", ""retrieved_window_ids"": """", ""window_rank_reason"": """", ""trajectory_motion_state"": ""Starting"", ""trajectory_direction"": ""left"", ""trajectory_frames"": 1, ""trajectory_distance"": 0.6666666865348816, ""trajectory_should_progress"": false, ""trajectory_confidence"": 0.75, ""revisit_gate_allow_retrieve"": false, ""revisit_gate_allow_soft_reuse"": false, ""revisit_gate_force_progress"": false, ""revisit_gate_protect_current"": false, ""revisit_gate_reason"": ""revisit_blocked_by_motion:0.6667"", ""selection_is_hard_retrieve"": false, ""selection_is_soft_reuse"": false, ""selection_is_progress"": false, ""action_mode"": ""Viewpoint Locomotion"", ""action_mode_confidence"": 0.6666666865348816, ""action_mode_reason"": ""move=0.6667:view=0.0599:Viewpoint Locomotion"", ""scheduler_path"": ""Viewpoint Locomotion->turn_transition"", ""turn_state"": ""TurnInProgress"", ""turn_confidence"": 0.7486979011446238, ""turn_duration"": 3, ""turn_direction"": ""right"", ""turn_reason"": ""rotation=0.0599"", ""window_layout_type"": ""turn_transition"", ""window_reason"": ""TurnInProgress:turn_transition"", ""frame_index"": 66, ""pose_x"": -0.010405645784525741, ""pose_z"": 7.209504485082601, ""pose_yaw"": -0.23958333022892475, ""pose_pitch"": 0.0, ""delta_x"": -0.642597233705021, ""delta_z"": -0.17751976275911557, ""local_delta_x"": -0.6666666865348816, ""local_delta_z"": 0.0, ""delta_yaw"": 0.0598958320915699, ""delta_pitch"": 0.0, ""movement_magnitude"": 0.6666666865348816, ""rotation_magnitude"": 0.0598958320915699, ""pose_confidence"": 1.0}"
Experiment001,69,1785815185.321383,64,54,60,0.9589301198720932,depth,225280,0.9589301198720932,physmem_insert,46 58 59 60 61 62 63 64 65,stableworld_tri_9,9,1,7,186.11765699461102,,,,,0.9589301198720932,,,,Viewpoint Locomotion,0.7453560147132695,0.585887230413594,,INSERT,0.7174851298332214,,,,depth,0.9589301198720932,0.9589301198720932,"{""frame_id"": 69, ""current_frame_id"": 64, ""similarity"": 0.9589301198720932, ""similarity_type"": ""depth"", ""matching_points"": 225280, ""confidence"": 0.9589301198720932, ""decision"": ""physmem_insert"", ""memory_state"": [46, 58, 59, 60, 61, 62, 63, 64, 65], ""memory_id"": ""stableworld_tri_9"", ""memory_size"": 9, ""replace_count"": 1, ""keep_count"": 7, ""runtime"": 186.11765699461102, ""pose_event"": """", ""use_pose_memory"": true, ""view_intent"": ""Turn Left"", ""move_intent"": ""Right"", ""has_view_motion"": true, ""has_move_motion"": true, ""action_explanation"": ""viewpoint_locomotion"", ""pose_delta_position"": 0.3333333432674408, ""view_state"": ""Revisit"", ""view_confidence"": 0.5256722305105771, ""view_pose_distance"": 0.0697505881274062, ""view_yaw_delta"": 0.2994791641831398, ""nearest_view_frame_id"": 53, ""memory_selection_mode"": ""turn_transition"", ""memory_selection_target"": null, ""memory_selection_anchor_type"": """", ""memory_selection_reason"": ""rotation=0.0599"", ""source_anchor_frame_id"": 46, ""source_anchor_locked"": true, ""protected_anchor_ids"": ""46"", ""loop_closure_detected"": false, ""turn_result"": ""UnstableTransition"", ""policy_mode"": ""ViewTransitionPolicy"", ""allow_memory_query"": false, ""allow_hard_retrieve"": false, ""allow_soft_reuse"": false, ""query_result"": """", ""candidate_count"": 0, ""best_candidate_frame_id"": null, ""best_candidate_score"": 0.0, ""best_candidate_pose_distance"": 0.0, ""best_candidate_yaw_delta"": 0.0, ""best_candidate_frame_gap"": 0, ""target_window_ids"": """", ""retrieved_window_ids"": """", ""window_rank_reason"": """", ""trajectory_motion_state"": ""Starting"", ""trajectory_direction"": ""right"", ""trajectory_frames"": 1, ""trajectory_distance"": 0.3333333432674408, ""trajectory_should_progress"": false, ""trajectory_confidence"": 0.75, ""revisit_gate_allow_retrieve"": false, ""revisit_gate_allow_soft_reuse"": false, ""revisit_gate_force_progress"": false, ""revisit_gate_protect_current"": false, ""revisit_gate_reason"": ""revisit_blocked_by_motion:0.3333"", ""selection_is_hard_retrieve"": false, ""selection_is_soft_reuse"": false, ""selection_is_progress"": false, ""action_mode"": ""Viewpoint Locomotion"", ""action_mode_confidence"": 0.3333333432674408, ""action_mode_reason"": ""move=0.3333:view=0.0599:Viewpoint Locomotion"", ""scheduler_path"": ""Viewpoint Locomotion->turn_transition"", ""turn_state"": ""TurnInProgress"", ""turn_confidence"": 0.7486979011446238, ""turn_duration"": 4, ""turn_direction"": ""left"", ""turn_reason"": ""rotation=0.0599"", ""window_layout_type"": ""turn_transition"", ""window_reason"": ""TurnInProgress:turn_transition"", ""frame_index"": 69, ""pose_x"": 0.31089297106798475, ""pose_z"": 7.298264366462158, ""pose_yaw"": -0.29947916232049465, ""pose_pitch"": 0.0, ""delta_x"": 0.3212986168525105, ""delta_z"": 0.08875988137955779, ""local_delta_x"": 0.3333333432674408, ""local_delta_z"": 0.0, ""delta_yaw"": -0.0598958320915699, ""delta_pitch"": 0.0, ""movement_magnitude"": 0.3333333432674408, ""rotation_magnitude"": 0.0598958320915699, ""pose_confidence"": 1.0}"
Experiment001,72,1785815187.467459,66,59,62,0.9101855158805847,depth,225280,0.9101855158805847,physmem_insert,46 60 61 62 63 64 65 66 67,stableworld_tri_9,9,1,7,196.09823590144515,,,,,0.9101855158805847,,,,Viewpoint Locomotion,0.7453560147132695,0.5460498180867803,,INSERT,0.6446062922477722,,,,depth,0.9101855158805847,0.9101855158805847,"{""frame_id"": 72, ""current_frame_id"": 66, ""similarity"": 0.9101855158805847, ""similarity_type"": ""depth"", ""matching_points"": 225280, ""confidence"": 0.9101855158805847, ""decision"": ""physmem_insert"", ""memory_state"": [46, 60, 61, 62, 63, 64, 65, 66, 67], ""memory_id"": ""stableworld_tri_9"", ""memory_size"": 9, ""replace_count"": 1, ""keep_count"": 7, ""runtime"": 196.09823590144515, ""pose_event"": """", ""use_pose_memory"": true, ""view_intent"": ""Turn Left"", ""move_intent"": ""Right"", ""has_view_motion"": true, ""has_move_motion"": true, ""action_explanation"": ""viewpoint_locomotion"", ""pose_delta_position"": 0.3333333432674408, ""view_state"": ""Revisit"", ""view_confidence"": 0.6444299012182546, ""view_pose_distance"": 0.01996229369068248, ""view_yaw_delta"": 0.2395833320915699, ""nearest_view_frame_id"": 56, ""memory_selection_mode"": ""turn_transition"", ""memory_selection_target"": null, ""memory_selection_anchor_type"": """", ""memory_selection_reason"": ""rotation=0.0599"", ""source_anchor_frame_id"": 46, ""source_anchor_locked"": true, ""protected_anchor_ids"": ""46"", ""loop_closure_detected"": false, ""turn_result"": ""UnstableTransition"", ""policy_mode"": ""ViewTransitionPolicy"", ""allow_memory_query"": false, ""allow_hard_retrieve"": false, ""allow_soft_reuse"": false, ""query_result"": """", ""candidate_count"": 0, ""best_candidate_frame_id"": null, ""best_candidate_score"": 0.0, ""best_candidate_pose_distance"": 0.0, ""best_candidate_yaw_delta"": 0.0, ""best_candidate_frame_gap"": 0, ""target_window_ids"": """", ""retrieved_window_ids"": """", ""window_rank_reason"": """", ""trajectory_motion_state"": ""Progressing"", ""trajectory_direction"": ""right"", ""trajectory_frames"": 2, ""trajectory_distance"": 0.6666666865348816, ""trajectory_should_progress"": true, ""trajectory_confidence"": 1.0, ""revisit_gate_allow_retrieve"": false, ""revisit_gate_allow_soft_reuse"": false, ""revisit_gate_force_progress"": true, ""revisit_gate_protect_current"": false, ""revisit_gate_reason"": ""hybrid_right_progress"", ""selection_is_hard_retrieve"": false, ""selection_is_soft_reuse"": false, ""selection_is_progress"": false, ""action_mode"": ""Viewpoint Locomotion"", ""action_mode_confidence"": 0.3333333432674408, ""action_mode_reason"": ""move=0.3333:view=0.0599:Viewpoint Locomotion"", ""scheduler_path"": ""Viewpoint Locomotion->turn_transition"", ""turn_state"": ""TurnInProgress"", ""turn_confidence"": 0.7486979011446238, ""turn_duration"": 5, ""turn_direction"": ""left"", ""turn_reason"": ""rotation=0.0599"", ""window_layout_type"": ""turn_transition"", ""window_reason"": ""TurnInProgress:turn_transition"", ""frame_index"": 72, ""pose_x"": 0.6263022603063699, ""pose_z"": 7.4060980253817466, ""pose_yaw"": -0.35937499441206455, ""pose_pitch"": 0.0, ""delta_x"": 0.3154092892383852, ""delta_z"": 0.10783365891958879, ""local_delta_x"": 0.3333333432674408, ""local_delta_z"": 0.0, ""delta_yaw"": -0.0598958320915699, ""delta_pitch"": 0.0, ""movement_magnitude"": 0.3333333432674408, ""rotation_magnitude"": 0.0598958320915699, ""pose_confidence"": 1.0}"
Experiment001,75,1785815189.4827163,68,61,64,0.9287367835640907,depth,225280,0.9287367835640907,physmem_keep,46 60 61 65 66 67 68 69 70,stableworld_tri_9,9,1,6,141.60895021632314,,,,,0.9287367835640907,,,,Turn Right,0.1796875,0.6023108388575097,,KEEP,0.7378345727920532,,,,depth,0.9287367835640907,0.9287367835640907,"{""frame_id"": 75, ""current_frame_id"": 68, ""similarity"": 0.9287367835640907, ""similarity_type"": ""depth"", ""matching_points"": 225280, ""confidence"": 0.9287367835640907, ""decision"": ""physmem_keep"", ""memory_state"": [46, 60, 61, 65, 66, 67, 68, 69, 70], ""memory_id"": ""stableworld_tri_9"", ""memory_size"": 9, ""replace_count"": 1, ""keep_count"": 6, ""runtime"": 141.60895021632314, ""pose_event"": """", ""use_pose_memory"": true, ""view_intent"": ""Turn Right"", ""move_intent"": ""None"", ""has_view_motion"": true, ""has_move_motion"": false, ""action_explanation"": ""viewpoint_change"", ""pose_delta_position"": 0.0, ""view_state"": ""View Transition"", ""view_confidence"": 0.5989583333333334, ""view_pose_distance"": 0.0, ""view_yaw_delta"": 0.1796875, ""nearest_view_frame_id"": 66, ""memory_selection_mode"": ""turn_transition"", ""memory_selection_target"": null, ""memory_selection_anchor_type"": """", ""memory_selection_reason"": ""rotation=0.1797"", ""source_anchor_frame_id"": 46, ""source_anchor_locked"": true, ""protected_anchor_ids"": ""46"", ""loop_closure_detected"": false, ""turn_result"": ""UnstableTransition"", ""policy_mode"": ""ViewTransitionPolicy"", ""allow_memory_query"": false, ""allow_hard_retrieve"": false, ""allow_soft_reuse"": false, ""query_result"": """", ""candidate_count"": 0, ""best_candidate_frame_id"": null, ""best_candidate_score"": 0.0, ""best_candidate_pose_distance"": 0.0, ""best_candidate_yaw_delta"": 0.0, ""best_candidate_frame_gap"": 0, ""target_window_ids"": """", ""retrieved_window_ids"": """", ""window_rank_reason"": """", ""trajectory_motion_state"": ""Idle"", ""trajectory_direction"": ""none"", ""trajectory_frames"": 0, ""trajectory_distance"": 0.0, ""trajectory_should_progress"": false, ""trajectory_confidence"": 0.0, ""revisit_gate_allow_retrieve"": false, ""revisit_gate_allow_soft_reuse"": false, ""revisit_gate_force_progress"": false, ""revisit_gate_protect_current"": true, ""revisit_gate_reason"": ""view_transition"", ""selection_is_hard_retrieve"": false, ""selection_is_soft_reuse"": false, ""selection_is_progress"": false, ""action_mode"": ""View Rotation Only"", ""action_mode_confidence"": 0.998263888888889, ""action_mode_reason"": ""view=0.1797:Turn Right"", ""scheduler_path"": ""View Rotation Only->turn_transition"", ""turn_state"": ""TurnInProgress"", ""turn_confidence"": 1.0, ""turn_duration"": 6, ""turn_direction"": ""right"", ""turn_reason"": ""rotation=0.1797"", ""window_layout_type"": ""turn_transition"", ""window_reason"": ""TurnInProgress:turn_transition"", ""frame_index"": 75, ""pose_x"": 0.6263022603063699, ""pose_z"": 7.4060980253817466, ""pose_yaw"": -0.17968749441206455, ""pose_pitch"": 0.0, ""delta_x"": 0.0, ""delta_z"": 0.0, ""local_delta_x"": 0.0, ""local_delta_z"": 0.0, ""delta_yaw"": 0.1796875, ""delta_pitch"": 0.0, ""movement_magnitude"": 0.0, ""rotation_magnitude"": 0.1796875, ""pose_confidence"": 1.0}"
Experiment001,78,1785815191.4938989,71,61,67,0.8784244135022163,depth,225280,0.8784244135022163,physmem_insert,46 65 66 67 68 69 70 71 72,stableworld_tri_9,9,1,7,136.92634273320436,,,,,0.8784244135022163,,,,Turn Right,0.1796875,0.511247313180828,,INSERT,0.6004984974861145,,,,depth,0.8784244135022163,0.8784244135022163,"{""frame_id"": 78, ""current_frame_id"": 71, ""similarity"": 0.8784244135022163, ""similarity_type"": ""depth"", ""matching_points"": 225280, ""confidence"": 0.8784244135022163, ""decision"": ""physmem_insert"", ""memory_state"": [46, 65, 66, 67, 68, 69, 70, 71, 72], ""memory_id"": ""stableworld_tri_9"", ""memory_size"": 9, ""replace_count"": 1, ""keep_count"": 7, ""runtime"": 136.92634273320436, ""pose_event"": """", ""use_pose_memory"": true, ""view_intent"": ""Turn Right"", ""move_intent"": ""None"", ""has_view_motion"": true, ""has_move_motion"": false, ""action_explanation"": ""viewpoint_change"", ""pose_delta_position"": 0.0, ""view_state"": ""View Transition"", ""view_confidence"": 0.5989583333333334, ""view_pose_distance"": 0.0, ""view_yaw_delta"": 0.359375, ""nearest_view_frame_id"": 66, ""memory_selection_mode"": ""turn_transition"", ""memory_selection_target"": null, ""memory_selection_anchor_type"": """", ""memory_selection_reason"": ""rotation=0.1797"", ""source_anchor_frame_id"": 46, ""source_anchor_locked"": true, ""protected_anchor_ids"": ""46"", ""loop_closure_detected"": false, ""turn_result"": ""UnstableTransition"", ""policy_mode"": ""ViewTransitionPolicy"", ""allow_memory_query"": false, ""allow_hard_retrieve"": false, ""allow_soft_reuse"": false, ""query_result"": """", ""candidate_count"": 0, ""best_candidate_frame_id"": null, ""best_candidate_score"": 0.0, ""best_candidate_pose_distance"": 0.0, ""best_candidate_yaw_delta"": 0.0, ""best_candidate_frame_gap"": 0, ""target_window_ids"": """", ""retrieved_window_ids"": """", ""window_rank_reason"": """", ""trajectory_motion_state"": ""Idle"", ""trajectory_direction"": ""none"", ""trajectory_frames"": 0, ""trajectory_distance"": 0.0, ""trajectory_should_progress"": false, ""trajectory_confidence"": 0.0, ""revisit_gate_allow_retrieve"": false, ""revisit_gate_allow_soft_reuse"": false, ""revisit_gate_force_progress"": false, ""revisit_gate_protect_current"": true, ""revisit_gate_reason"": ""view_transition"", ""selection_is_hard_retrieve"": false, ""selection_is_soft_reuse"": false, ""selection_is_progress"": false, ""action_mode"": ""View Rotation Only"", ""action_mode_confidence"": 0.998263888888889, ""action_mode_reason"": ""view=0.1797:Turn Right"", ""scheduler_path"": ""View Rotation Only->turn_transition"", ""turn_state"": ""TurnInProgress"", ""turn_confidence"": 1.0, ""turn_duration"": 7, ""turn_direction"": ""right"", ""turn_reason"": ""rotation=0.1797"", ""window_layout_type"": ""turn_transition"", ""window_reason"": ""TurnInProgress:turn_transition"", ""frame_index"": 78, ""pose_x"": 0.6263022603063699, ""pose_z"": 7.4060980253817466, ""pose_yaw"": 5.587935447692871e-09, ""pose_pitch"": 0.0, ""delta_x"": 0.0, ""delta_z"": 0.0, ""local_delta_x"": 0.0, ""local_delta_z"": 0.0, ""delta_yaw"": 0.1796875, ""delta_pitch"": 0.0, ""movement_magnitude"": 0.0, ""rotation_magnitude"": 0.1796875, ""pose_confidence"": 1.0}"
Experiment001,81,1785815193.5553987,73,66,69,0.950845368206501,depth,225280,0.950845368206501,physmem_keep,46 65 66 70 71 72 73 74 75,stableworld_tri_9,9,1,6,184.05416328459978,,,,,0.950845368206501,,,,Viewpoint Locomotion,0.7453560147132695,0.5840937384218514,,KEEP,0.6057876944541931,,,,depth,0.950845368206501,0.950845368206501,"{""frame_id"": 81, ""current_frame_id"": 73, ""similarity"": 0.950845368206501, ""similarity_type"": ""depth"", ""matching_points"": 225280, ""confidence"": 0.950845368206501, ""decision"": ""physmem_keep"", ""memory_state"": [46, 65, 66, 70, 71, 72, 73, 74, 75], ""memory_id"": ""stableworld_tri_9"", ""memory_size"": 9, ""replace_count"": 1, ""keep_count"": 6, ""runtime"": 184.05416328459978, ""pose_event"": """", ""use_pose_memory"": true, ""view_intent"": ""Turn Left"", ""move_intent"": ""Backward"", ""has_view_motion"": true, ""has_move_motion"": true, ""action_explanation"": ""viewpoint_locomotion"", ""pose_delta_position"": 0.33333334326744085, ""view_state"": ""Revisit"", ""view_confidence"": 0.7466416865158421, ""view_pose_distance"": 0.29423948713757336, ""view_yaw_delta"": 0.0400390587747097, ""nearest_view_frame_id"": 50, ""memory_selection_mode"": ""turn_transition"", ""memory_selection_target"": null, ""memory_selection_anchor_type"": """", ""memory_selection_reason"": ""rotation=0.0400"", ""source_anchor_frame_id"": 46, ""source_anchor_locked"": true, ""protected_anchor_ids"": ""46"", ""loop_closure_detected"": false, ""turn_result"": ""UnstableTransition"", ""policy_mode"": ""ViewTransitionPolicy"", ""allow_memory_query"": false, ""allow_hard_retrieve"": false, ""allow_soft_reuse"": false, ""query_result"": """", ""candidate_count"": 0, ""best_candidate_frame_id"": null, ""best_candidate_score"": 0.0, ""best_candidate_pose_distance"": 0.0, ""best_candidate_yaw_delta"": 0.0, ""best_candidate_frame_gap"": 0, ""target_window_ids"": """", ""retrieved_window_ids"": """", ""window_rank_reason"": """", ""trajectory_motion_state"": ""Starting"", ""trajectory_direction"": ""backward"", ""trajectory_frames"": 1, ""trajectory_distance"": 0.3333333432674408, ""trajectory_should_progress"": false, ""trajectory_confidence"": 0.75, ""revisit_gate_allow_retrieve"": false, ""revisit_gate_allow_soft_reuse"": false, ""revisit_gate_force_progress"": false, ""revisit_gate_protect_current"": false, ""revisit_gate_reason"": ""revisit_blocked_by_motion:0.3333"", ""selection_is_hard_retrieve"": false, ""selection_is_soft_reuse"": false, ""selection_is_progress"": false, ""action_mode"": ""Viewpoint Locomotion"", ""action_mode_confidence"": 0.33333334326744085, ""action_mode_reason"": ""move=0.3333:view=0.0400:Viewpoint Locomotion"", ""scheduler_path"": ""Viewpoint Locomotion->turn_transition"", ""turn_state"": ""TurnInProgress"", ""turn_confidence"": 0.50048828125, ""turn_duration"": 8, ""turn_direction"": ""left"", ""turn_reason"": ""rotation=0.0400"", ""window_layout_type"": ""turn_transition"", ""window_reason"": ""TurnInProgress:turn_transition"", ""frame_index"": 81, ""pose_x"": 0.6329749899874267, ""pose_z"": 7.072831476786702, ""pose_yaw"": -0.04003905691206455, ""pose_pitch"": 0.0, ""delta_x"": 0.006672729681056797, ""delta_z"": -0.3332665485950444, ""local_delta_x"": 0.0, ""local_delta_z"": -0.3333333432674408, ""delta_yaw"": -0.0400390625, ""delta_pitch"": 0.0, ""movement_magnitude"": 0.33333334326744085, ""rotation_magnitude"": 0.0400390625, ""pose_confidence"": 1.0}"
Experiment001,84,1785815195.1658986,76,66,72,0.9590537920594215,depth,225280,0.9590537920594215,physmem_keep,46 65 66 73 74 75 76 77 78,stableworld_tri_9,9,1,6,72.92525796219707,,,,,0.9590537920594215,,,,Viewpoint Locomotion,1.0,0.5602869884416275,,KEEP,0.5605993270874023,,,,depth,0.9590537920594215,0.9590537920594215,"{""frame_id"": 84, ""current_frame_id"": 76, ""similarity"": 0.9590537920594215, ""similarity_type"": ""depth"", ""matching_points"": 225280, ""confidence"": 0.9590537920594215, ""decision"": ""physmem_keep"", ""memory_state"": [46, 65, 66, 73, 74, 75, 76, 77, 78], ""memory_id"": ""stableworld_tri_9"", ""memory_size"": 9, ""replace_count"": 1, ""keep_count"": 6, ""runtime"": 72.92525796219707, ""pose_event"": """", ""use_pose_memory"": true, ""view_intent"": ""Turn Right"", ""move_intent"": ""Walk"", ""has_view_motion"": true, ""has_move_motion"": true, ""action_explanation"": ""viewpoint_locomotion"", ""pose_delta_position"": 1.0, ""view_state"": ""Known View"", ""view_confidence"": 0.20853758754293916, ""view_pose_distance"": 0.666666656732559, ""view_yaw_delta"": 0.359375, ""nearest_view_frame_id"": 66, ""memory_selection_mode"": ""turn_transition"", ""memory_selection_target"": null, ""memory_selection_anchor_type"": """", ""memory_selection_reason"": ""rotation=0.0400"", ""source_anchor_frame_id"": 46, ""source_anchor_locked"": true, ""protected_anchor_ids"": ""46"", ""loop_closure_detected"": false, ""turn_result"": ""UnstableTransition"", ""policy_mode"": ""ViewTransitionPolicy"", ""allow_memory_query"": false, ""allow_hard_retrieve"": false, ""allow_soft_reuse"": false, ""query_result"": """", ""candidate_count"": 0, ""best_candidate_frame_id"": null, ""best_candidate_score"": 0.0, ""best_candidate_pose_distance"": 0.0, ""best_candidate_yaw_delta"": 0.0, ""best_candidate_frame_gap"": 0, ""target_window_ids"": """", ""retrieved_window_ids"": """", ""window_rank_reason"": """", ""trajectory_motion_state"": ""Starting"", ""trajectory_direction"": ""forward"", ""trajectory_frames"": 1, ""trajectory_distance"": 1.0, ""trajectory_should_progress"": false, ""trajectory_confidence"": 0.75, ""revisit_gate_allow_retrieve"": false, ""revisit_gate_allow_soft_reuse"": false, ""revisit_gate_force_progress"": false, ""revisit_gate_protect_current"": false, ""revisit_gate_reason"": ""known_view_blocked_by_motion:1.0000"", ""selection_is_hard_retrieve"": false, ""selection_is_soft_reuse"": false, ""selection_is_progress"": false, ""action_mode"": ""Viewpoint Locomotion"", ""action_mode_confidence"": 1.0, ""action_mode_reason"": ""move=1.0000:view=0.0400:Viewpoint Locomotion"", ""scheduler_path"": ""Viewpoint Locomotion->turn_transition"", ""turn_state"": ""TurnInProgress"", ""turn_confidence"": 0.50048828125, ""turn_duration"": 9, ""turn_direction"": ""right"", ""turn_reason"": ""rotation=0.0400"", ""window_layout_type"": ""turn_transition"", ""window_reason"": ""TurnInProgress:turn_transition"", ""frame_index"": 84, ""pose_x"": 0.6129568015408449, ""pose_z"": 8.072631092775485, ""pose_yaw"": 5.587935447692871e-09, ""pose_pitch"": 0.0, ""delta_x"": -0.020018188446581885, ""delta_z"": 0.9997996159887826, ""local_delta_x"": 0.0, ""local_delta_z"": 1.0, ""delta_yaw"": 0.0400390625, ""delta_pitch"": 0.0, ""movement_magnitude"": 1.0, ""rotation_magnitude"": 0.0400390625, ""pose_confidence"": 1.0}"
Experiment001,87,1785815197.3967347,79,66,75,0.9413985908031464,depth,225280,0.9413985908031464,physmem_keep,46 65 66 76 77 78 79 80 81,stableworld_tri_9,9,1,6,69.55060316249728,,,,,0.9413985908031464,,,,Walk,1.201850436175566,0.5808463419233685,,KEEP,0.5968637466430664,,,,depth,0.9413985908031464,0.9413985908031464,"{""frame_id"": 87, ""current_frame_id"": 79, ""similarity"": 0.9413985908031464, ""similarity_type"": ""depth"", ""matching_points"": 225280, ""confidence"": 0.9413985908031464, ""decision"": ""physmem_keep"", ""memory_state"": [46, 65, 66, 76, 77, 78, 79, 80, 81], ""memory_id"": ""stableworld_tri_9"", ""memory_size"": 9, ""replace_count"": 1, ""keep_count"": 6, ""runtime"": 69.55060316249728, ""pose_event"": """", ""use_pose_memory"": true, ""view_intent"": ""None"", ""move_intent"": ""Walk"", ""has_view_motion"": false, ""has_move_motion"": true, ""action_explanation"": ""locomotion"", ""pose_delta_position"": 1.2018504361755658, ""view_state"": ""Novel View"", ""view_confidence"": 0.5, ""view_pose_distance"": 1.2018504361755658, ""view_yaw_delta"": 0.0, ""nearest_view_frame_id"": 76, ""memory_selection_mode"": ""orb_locomotion"", ""memory_selection_target"": null, ""memory_selection_anchor_type"": """", ""memory_selection_reason"": ""move=1.2019:Walk"", ""source_anchor_frame_id"": null, ""source_anchor_locked"": false, ""protected_anchor_ids"": """", ""loop_closure_detected"": false, ""turn_result"": """", ""policy_mode"": ""LocomotionPolicy"", ""allow_memory_query"": false, ""allow_hard_retrieve"": false, ""allow_soft_reuse"": false, ""query_result"": """", ""candidate_count"": 0, ""best_candidate_frame_id"": null, ""best_candidate_score"": 0.0, ""best_candidate_pose_distance"": 0.0, ""best_candidate_yaw_delta"": 0.0, ""best_candidate_frame_gap"": 0, ""target_window_ids"": """", ""retrieved_window_ids"": """", ""window_rank_reason"": """", ""trajectory_motion_state"": ""Progressing"", ""trajectory_direction"": ""forward"", ""trajectory_frames"": 2, ""trajectory_distance"": 2.201850436175566, ""trajectory_should_progress"": true, ""trajectory_confidence"": 1.0, ""revisit_gate_allow_retrieve"": false, ""revisit_gate_allow_soft_reuse"": false, ""revisit_gate_force_progress"": false, ""revisit_gate_protect_current"": false, ""revisit_gate_reason"": ""locomotion_only_orb_dominant"", ""selection_is_hard_retrieve"": false, ""selection_is_soft_reuse"": false, ""selection_is_progress"": false, ""action_mode"": ""Locomotion Only"", ""action_mode_confidence"": 1.0, ""action_mode_reason"": ""move=1.2019:Walk"", ""scheduler_path"": ""Locomotion Only->orb_locomotion"", ""turn_state"": ""PostTurnStabilization"", ""turn_confidence"": 1.0, ""turn_duration"": 1, ""turn_direction"": ""right"", ""turn_reason"": ""mouse_stopped_after_turn"", ""window_layout_type"": ""orb_locomotion"", ""window_reason"": ""PostTurnStabilization:orb_locomotion"", ""frame_index"": 87, ""pose_x"": -0.05370987940610128, ""pose_z"": 9.072631096500775, ""pose_yaw"": 5.587935447692871e-09, ""pose_pitch"": 0.0, ""delta_x"": -0.6666666809469461, ""delta_z"": 1.0000000037252903, ""local_delta_x"": -0.6666666865348816, ""local_delta_z"": 1.0, ""delta_yaw"": 0.0, ""delta_pitch"": 0.0, ""movement_magnitude"": 1.2018504361755658, ""rotation_magnitude"": 0.0, ""pose_confidence"": 1.0}"
Experiment001,90,1785815199.3137884,82,66,78,0.8942635133862495,depth,225280,0.8942635133862495,physmem_insert,76 77 78 79 80 81 82 83 84,stableworld_tri_9,9,1,6,51.57971289008856,,,,,0.8942635133862495,,,,Walk,1.2472191421996568,0.5123024067891231,,INSERT,0.5436522364616394,,,,depth,0.8942635133862495,0.8942635133862495,"{""frame_id"": 90, ""current_frame_id"": 82, ""similarity"": 0.8942635133862495, ""similarity_type"": ""depth"", ""matching_points"": 225280, ""confidence"": 0.8942635133862495, ""decision"": ""physmem_insert"", ""memory_state"": [76, 77, 78, 79, 80, 81, 82, 83, 84], ""memory_id"": ""stableworld_tri_9"", ""memory_size"": 9, ""replace_count"": 1, ""keep_count"": 6, ""runtime"": 51.57971289008856, ""pose_event"": """", ""use_pose_memory"": true, ""view_intent"": ""None"", ""move_intent"": ""Walk"", ""has_view_motion"": false, ""has_move_motion"": true, ""action_explanation"": ""locomotion"", ""pose_delta_position"": 1.0540925565309005, ""view_state"": ""Novel View"", ""view_confidence"": 0.5, ""view_pose_distance"": 1.0540925565309005, ""view_yaw_delta"": 0.0, ""nearest_view_frame_id"": 79, ""memory_selection_mode"": ""orb_locomotion"", ""memory_selection_target"": null, ""memory_selection_anchor_type"": """", ""memory_selection_reason"": ""move=1.0541:Walk"", ""source_anchor_frame_id"": null, ""source_anchor_locked"": false, ""protected_anchor_ids"": """", ""loop_closure_detected"": false, ""turn_result"": """", ""policy_mode"": ""LocomotionPolicy"", ""allow_memory_query"": false, ""allow_hard_retrieve"": false, ""allow_soft_reuse"": false, ""query_result"": """", ""candidate_count"": 0, ""best_candidate_frame_id"": null, ""best_candidate_score"": 0.0, ""best_candidate_pose_distance"": 0.0, ""best_candidate_yaw_delta"": 0.0, ""best_candidate_frame_gap"": 0, ""target_window_ids"": """", ""retrieved_window_ids"": """", ""window_rank_reason"": """", ""trajectory_motion_state"": ""Progressing"", ""trajectory_direction"": ""forward"", ""trajectory_frames"": 3, ""trajectory_distance"": 3.2559429927064665, ""trajectory_should_progress"": true, ""trajectory_confidence"": 1.0, ""revisit_gate_allow_retrieve"": false, ""revisit_gate_allow_soft_reuse"": false, ""revisit_gate_force_progress"": false, ""revisit_gate_protect_current"": false, ""revisit_gate_reason"": ""locomotion_only_orb_dominant"", ""selection_is_hard_retrieve"": false, ""selection_is_soft_reuse"": false, ""selection_is_progress"": false, ""action_mode"": ""Locomotion Only"", ""action_mode_confidence"": 1.0, ""action_mode_reason"": ""move=1.0541:Walk"", ""scheduler_path"": ""Locomotion Only->orb_locomotion"", ""turn_state"": ""PostTurnStabilization"", ""turn_confidence"": 0.5, ""turn_duration"": 2, ""turn_direction"": ""right"", ""turn_reason"": ""mouse_stopped_after_turn"", ""window_layout_type"": ""orb_locomotion"", ""window_reason"": ""PostTurnStabilization:orb_locomotion"", ""frame_index"": 90, ""pose_x"": 0.27962346944927496, ""pose_z"": 10.07263109463813, ""pose_yaw"": 5.587935447692871e-09, ""pose_pitch"": 0.0, ""delta_x"": 0.33333334885537624, ""delta_z"": 0.9999999981373549, ""local_delta_x"": 0.3333333432674408, ""local_delta_z"": 1.0, ""delta_yaw"": 0.0, ""delta_pitch"": 0.0, ""movement_magnitude"": 1.0540925565309005, ""rotation_magnitude"": 0.0, ""pose_confidence"": 1.0}"
Experiment001,93,1785815201.043755,85,78,81,0.9405812099575996,depth,225280,0.9405812099575996,physmem_insert,76 78 80 81 82 83 84 85 86,stableworld_tri_9,9,1,7,82.2886978276074,,,,,0.9405812099575996,,,,Viewpoint Locomotion,1.0540925565309005,0.6093927655382445,,INSERT,0.7071937322616577,,,,depth,0.9405812099575996,0.9405812099575996,"{""frame_id"": 93, ""current_frame_id"": 85, ""similarity"": 0.9405812099575996, ""similarity_type"": ""depth"", ""matching_points"": 225280, ""confidence"": 0.9405812099575996, ""decision"": ""physmem_insert"", ""memory_state"": [76, 78, 80, 81, 82, 83, 84, 85, 86], ""memory_id"": ""stableworld_tri_9"", ""memory_size"": 9, ""replace_count"": 1, ""keep_count"": 7, ""runtime"": 82.2886978276074, ""pose_event"": """", ""use_pose_memory"": true, ""view_intent"": ""Turn Left"", ""move_intent"": ""Walk"", ""has_view_motion"": true, ""has_move_motion"": true, ""action_explanation"": ""viewpoint_locomotion"", ""pose_delta_position"": 1.0540925565309005, ""view_state"": ""Novel View"", ""view_confidence"": 0.5, ""view_pose_distance"": 1.0540925565309, ""view_yaw_delta"": 0.080078125, ""nearest_view_frame_id"": 82, ""memory_selection_mode"": ""protect_current"", ""memory_selection_target"": null, ""memory_selection_anchor_type"": """", ""memory_selection_reason"": ""move=1.0541:view=0.0801:Viewpoint Locomotion"", ""source_anchor_frame_id"": 78, ""source_anchor_locked"": true, ""protected_anchor_ids"": ""78"", ""loop_closure_detected"": false, ""turn_result"": ""TurnStart"", ""policy_mode"": ""TurnStartPolicy"", ""allow_memory_query"": false, ""allow_hard_retrieve"": false, ""allow_soft_reuse"": false, ""query_result"": """", ""candidate_count"": 0, ""best_candidate_frame_id"": null, ""best_candidate_score"": 0.0, ""best_candidate_pose_distance"": 0.0, ""best_candidate_yaw_delta"": 0.0, ""best_candidate_frame_gap"": 0, ""target_window_ids"": """", ""retrieved_window_ids"": """", ""window_rank_reason"": """", ""trajectory_motion_state"": ""Progressing"", ""trajectory_direction"": ""forward"", ""trajectory_frames"": 4, ""trajectory_distance"": 4.310035549237367, ""trajectory_should_progress"": true, ""trajectory_confidence"": 1.0, ""revisit_gate_allow_retrieve"": false, ""revisit_gate_allow_soft_reuse"": false, ""revisit_gate_force_progress"": true, ""revisit_gate_protect_current"": false, ""revisit_gate_reason"": ""hybrid_forward_progress"", ""selection_is_hard_retrieve"": false, ""selection_is_soft_reuse"": false, ""selection_is_progress"": false, ""action_mode"": ""Viewpoint Locomotion"", ""action_mode_confidence"": 1.0, ""action_mode_reason"": ""move=1.0541:view=0.0801:Viewpoint Locomotion"", ""scheduler_path"": ""Viewpoint Locomotion->protect_current"", ""turn_state"": ""TurnStart"", ""turn_confidence"": 1.0, ""turn_duration"": 1, ""turn_direction"": ""left"", ""turn_reason"": ""rotation=0.0801"", ""window_layout_type"": ""protect_current"", ""window_reason"": ""TurnStart:protect_current"", ""frame_index"": 93, ""pose_x"": 0.5726613008949158, ""pose_z"": 11.085172425683675, ""pose_yaw"": -0.08007811941206455, ""pose_pitch"": 0.0, ""delta_x"": 0.2930378314456409, ""delta_z"": 1.0125413310455458, ""local_delta_x"": 0.3333333432674408, ""local_delta_z"": 1.0, ""delta_yaw"": -0.080078125, ""delta_pitch"": 0.0, ""movement_magnitude"": 1.0540925565309005, ""rotation_magnitude"": 0.080078125, ""pose_confidence"": 1.0}"
Experiment001,96,1785815203.125156,87,80,83,0.9563957937061787,depth,225280,0.9563957937061787,physmem_insert,78 81 82 83 84 85 86 87 88,stableworld_tri_9,9,1,7,201.4670562930405,,,,,0.9563957937061787,,,,Viewpoint Locomotion,1.0,0.595955239548442,,INSERT,0.6250371932983398,,,,depth,0.9563957937061787,0.9563957937061787,"{""frame_id"": 96, ""current_frame_id"": 87, ""similarity"": 0.9563957937061787, ""similarity_type"": ""depth"", ""matching_points"": 225280, ""confidence"": 0.9563957937061787, ""decision"": ""physmem_insert"", ""memory_state"": [78, 81, 82, 83, 84, 85, 86, 87, 88], ""memory_id"": ""stableworld_tri_9"", ""memory_size"": 9, ""replace_count"": 1, ""keep_count"": 7, ""runtime"": 201.4670562930405, ""pose_event"": """", ""use_pose_memory"": true, ""view_intent"": ""Turn Right"", ""move_intent"": ""Walk"", ""has_view_motion"": true, ""has_move_motion"": true, ""action_explanation"": ""viewpoint_locomotion"", ""pose_delta_position"": 1.0, ""view_state"": ""Novel View"", ""view_confidence"": 0.5, ""view_pose_distance"": 0.9999999999999993, ""view_yaw_delta"": 0.080078125, ""nearest_view_frame_id"": 85, ""key_anchor_frame_id"": 87, ""key_anchor_type"": ""forward_anchor"", ""key_anchor_reason"": ""hybrid_forward_progress"", ""memory_selection_mode"": ""turn_transition"", ""memory_selection_target"": null, ""memory_selection_anchor_type"": """", ""memory_selection_reason"": ""rotation=0.0801"", ""source_anchor_frame_id"": 78, ""source_anchor_locked"": true, ""protected_anchor_ids"": ""78"", ""loop_closure_detected"": false, ""turn_result"": ""UnstableTransition"", ""policy_mode"": ""ViewTransitionPolicy"", ""allow_memory_query"": false, ""allow_hard_retrieve"": false, ""allow_soft_reuse"": false, ""query_result"": """", ""candidate_count"": 0, ""best_candidate_frame_id"": null, ""best_candidate_score"": 0.0, ""best_candidate_pose_distance"": 0.0, ""best_candidate_yaw_delta"": 0.0, ""best_candidate_frame_gap"": 0, ""target_window_ids"": """", ""retrieved_window_ids"": """", ""window_rank_reason"": """", ""trajectory_motion_state"": ""Progressing"", ""trajectory_direction"": ""forward"", ""trajectory_frames"": 5, ""trajectory_distance"": 5.310035549237367, ""trajectory_should_progress"": true, ""trajectory_confidence"": 1.0, ""revisit_gate_allow_retrieve"": false, ""revisit_gate_allow_soft_reuse"": false, ""revisit_gate_force_progress"": true, ""revisit_gate_protect_current"": false, ""revisit_gate_reason"": ""hybrid_forward_progress"", ""selection_is_hard_retrieve"": false, ""selection_is_soft_reuse"": false, ""selection_is_progress"": false, ""action_mode"": ""Viewpoint Locomotion"", ""action_mode_confidence"": 1.0, ""action_mode_reason"": ""move=1.0000:view=0.0801:Viewpoint Locomotion"", ""scheduler_path"": ""Viewpoint Locomotion->turn_transition"", ""turn_state"": ""TurnInProgress"", ""turn_confidence"": 1.0, ""turn_duration"": 2, ""turn_direction"": ""right"", ""turn_reason"": ""rotation=0.0801"", ""window_layout_type"": ""turn_transition"", ""window_reason"": ""TurnInProgress:turn_transition"", ""frame_index"": 96, ""pose_x"": 0.5326329410680916, ""pose_z"": 12.084370969722633, ""pose_yaw"": 5.587935447692871e-09, ""pose_pitch"": 0.0, ""delta_x"": -0.040028359826824275, ""delta_z"": 0.9991985440389584, ""local_delta_x"": 0.0, ""local_delta_z"": 1.0, ""delta_yaw"": 0.080078125, ""delta_pitch"": 0.0, ""movement_magnitude"": 1.0, ""rotation_magnitude"": 0.080078125, ""pose_confidence"": 1.0}"
Experiment001,99,1785815205.18666,89,82,85,0.9265872165560722,depth,225280,0.9265872165560722,physmem_keep,78 81 82 86 87 88 89 90 91,stableworld_tri_9,9,1,6,184.7851830534637,,,,,0.9265872165560722,,,,Walk,1.0540925565309005,0.5866427736390296,,KEEP,0.5820680260658264,,,,depth,0.9265872165560722,0.9265872165560722,"{""frame_id"": 99, ""current_frame_id"": 89, ""similarity"": 0.9265872165560722, ""similarity_type"": ""depth"", ""matching_points"": 225280, ""confidence"": 0.9265872165560722, ""decision"": ""physmem_keep"", ""memory_state"": [78, 81, 82, 86, 87, 88, 89, 90, 91], ""memory_id"": ""stableworld_tri_9"", ""memory_size"": 9, ""replace_count"": 1, ""keep_count"": 6, ""runtime"": 184.7851830534637, ""pose_event"": """", ""use_pose_memory"": true, ""view_intent"": ""None"", ""move_intent"": ""Walk"", ""has_view_motion"": false, ""has_move_motion"": true, ""action_explanation"": ""locomotion"", ""pose_delta_position"": 1.0540925565309005, ""view_state"": ""Novel View"", ""view_confidence"": 0.5, ""view_pose_distance"": 1.0540925565309005, ""view_yaw_delta"": 0.0, ""nearest_view_frame_id"": 87, ""memory_selection_mode"": ""orb_locomotion"", ""memory_selection_target"": null, ""memory_selection_anchor_type"": """", ""memory_selection_reason"": ""move=1.0541:Walk"", ""source_anchor_frame_id"": null, ""source_anchor_locked"": false, ""protected_anchor_ids"": """", ""loop_closure_detected"": false, ""turn_result"": """", ""policy_mode"": ""LocomotionPolicy"", ""allow_memory_query"": false, ""allow_hard_retrieve"": false, ""allow_soft_reuse"": false, ""query_result"": """", ""candidate_count"": 0, ""best_candidate_frame_id"": null, ""best_candidate_score"": 0.0, ""best_candidate_pose_distance"": 0.0, ""best_candidate_yaw_delta"": 0.0, ""best_candidate_frame_gap"": 0, ""target_window_ids"": """", ""retrieved_window_ids"": """", ""window_rank_reason"": """", ""trajectory_motion_state"": ""Progressing"", ""trajectory_direction"": ""forward"", ""trajectory_frames"": 6, ""trajectory_distance"": 6.364128105768267, ""trajectory_should_progress"": true, ""trajectory_confidence"": 1.0, ""revisit_gate_allow_retrieve"": false, ""revisit_gate_allow_soft_reuse"": false, ""revisit_gate_force_progress"": false, ""revisit_gate_protect_current"": false, ""revisit_gate_reason"": ""locomotion_only_orb_dominant"", ""selection_is_hard_retrieve"": false, ""selection_is_soft_reuse"": false, ""selection_is_progress"": false, ""action_mode"": ""Locomotion Only"", ""action_mode_confidence"": 1.0, ""action_mode_reason"": ""move=1.0541:Walk"", ""scheduler_path"": ""Locomotion Only->orb_locomotion"", ""turn_state"": ""PostTurnStabilization"", ""turn_confidence"": 1.0, ""turn_duration"": 1, ""turn_direction"": ""right"", ""turn_reason"": ""mouse_stopped_after_turn"", ""window_layout_type"": ""orb_locomotion"", ""window_reason"": ""PostTurnStabilization:orb_locomotion"", ""frame_index"": 99, ""pose_x"": 0.1992996033885862, ""pose_z"": 13.084370971585278, ""pose_yaw"": 5.587935447692871e-09, ""pose_pitch"": 0.0, ""delta_x"": -0.33333333767950535, ""delta_z"": 1.0000000018626451, ""local_delta_x"": -0.3333333432674408, ""local_delta_z"": 1.0, ""delta_yaw"": 0.0, ""delta_pitch"": 0.0, ""movement_magnitude"": 1.0540925565309005, ""rotation_magnitude"": 0.0, ""pose_confidence"": 1.0}"
Experiment001,102,1785815207.2534373,92,82,88,0.933670736849308,depth,225280,0.933670736849308,physmem_insert,86 87 88 89 90 91 92 93 94,stableworld_tri_9,9,1,6,160.70555383339524,,,,,0.933670736849308,,,,Walk,1.2472191421996568,0.5295148043416673,,INSERT,0.5627865195274353,,,,depth,0.933670736849308,0.933670736849308,"{""frame_id"": 102, ""current_frame_id"": 92, ""similarity"": 0.933670736849308, ""similarity_type"": ""depth"", ""matching_points"": 225280, ""confidence"": 0.933670736849308, ""decision"": ""physmem_insert"", ""memory_state"": [86, 87, 88, 89, 90, 91, 92, 93, 94], ""memory_id"": ""stableworld_tri_9"", ""memory_size"": 9, ""replace_count"": 1, ""keep_count"": 6, ""runtime"": 160.70555383339524, ""pose_event"": """", ""use_pose_memory"": true, ""view_intent"": ""None"", ""move_intent"": ""Walk"", ""has_view_motion"": false, ""has_move_motion"": true, ""action_explanation"": ""locomotion"", ""pose_delta_position"": 1.0540925565309005, ""view_state"": ""Novel View"", ""view_confidence"": 0.5, ""view_pose_distance"": 1.0540925565309005, ""view_yaw_delta"": 0.0, ""nearest_view_frame_id"": 89, ""memory_selection_mode"": ""orb_locomotion"", ""memory_selection_target"": null, ""memory_selection_anchor_type"": """", ""memory_selection_reason"": ""move=1.0541:Walk"", ""source_anchor_frame_id"": null, ""source_anchor_locked"": false, ""protected_anchor_ids"": """", ""loop_closure_detected"": false, ""turn_result"": """", ""policy_mode"": ""LocomotionPolicy"", ""allow_memory_query"": false, ""allow_hard_retrieve"": false, ""allow_soft_reuse"": false, ""query_result"": """", ""candidate_count"": 0, ""best_candidate_frame_id"": null, ""best_candidate_score"": 0.0, ""best_candidate_pose_distance"": 0.0, ""best_candidate_yaw_delta"": 0.0, ""best_candidate_frame_gap"": 0, ""target_window_ids"": """", ""retrieved_window_ids"": """", ""window_rank_reason"": """", ""trajectory_motion_state"": ""Progressing"", ""trajectory_direction"": ""forward"", ""trajectory_frames"": 7, ""trajectory_distance"": 7.418220662299167, ""trajectory_should_progress"": true, ""trajectory_confidence"": 1.0, ""revisit_gate_allow_retrieve"": false, ""revisit_gate_allow_soft_reuse"": false, ""revisit_gate_force_progress"": false, ""revisit_gate_protect_current"": false, ""revisit_gate_reason"": ""locomotion_only_orb_dominant"", ""selection_is_hard_retrieve"": false, ""selection_is_soft_reuse"": false, ""selection_is_progress"": false, ""action_mode"": ""Locomotion Only"", ""action_mode_confidence"": 1.0, ""action_mode_reason"": ""move=1.0541:Walk"", ""scheduler_path"": ""Locomotion Only->orb_locomotion"", ""turn_state"": ""PostTurnStabilization"", ""turn_confidence"": 0.5, ""turn_duration"": 2, ""turn_direction"": ""right"", ""turn_reason"": ""mouse_stopped_after_turn"", ""window_layout_type"": ""orb_locomotion"", ""window_reason"": ""PostTurnStabilization:orb_locomotion"", ""frame_index"": 102, ""pose_x"": -0.13403373429091914, ""pose_z"": 14.084370973447923, ""pose_yaw"": 5.587935447692871e-09, ""pose_pitch"": 0.0, ""delta_x"": -0.33333333767950535, ""delta_z"": 1.0000000018626451, ""local_delta_x"": -0.3333333432674408, ""local_delta_z"": 1.0, ""delta_yaw"": 0.0, ""delta_pitch"": 0.0, ""movement_magnitude"": 1.0540925565309005, ""rotation_magnitude"": 0.0, ""pose_confidence"": 1.0}"
Experiment001,105,1785815209.1076279,95,88,91,0.9781727939844131,depth,225280,0.9781727939844131,physmem_keep,86 87 88 92 93 94 95 96 97,stableworld_tri_9,9,1,6,74.07927606254816,,,,,0.9781727939844131,,,,Walk,1.0000000298023224,0.6185039336098774,,KEEP,0.7116402387619019,,,,depth,0.9781727939844131,0.9781727939844131,"{""frame_id"": 105, ""current_frame_id"": 95, ""similarity"": 0.9781727939844131, ""similarity_type"": ""depth"", ""matching_points"": 225280, ""confidence"": 0.9781727939844131, ""decision"": ""physmem_keep"", ""memory_state"": [86, 87, 88, 92, 93, 94, 95, 96, 97], ""memory_id"": ""stableworld_tri_9"", ""memory_size"": 9, ""replace_count"": 1, ""keep_count"": 6, ""runtime"": 74.07927606254816, ""pose_event"": """", ""use_pose_memory"": true, ""view_intent"": ""None"", ""move_intent"": ""Walk"", ""has_view_motion"": false, ""has_move_motion"": true, ""action_explanation"": ""locomotion"", ""pose_delta_position"": 0.7453560147132695, ""view_state"": ""Revisit"", ""view_confidence"": 0.5030959901911536, ""view_pose_distance"": 0.7453560147132695, ""view_yaw_delta"": 0.0, ""nearest_view_frame_id"": 92, ""memory_selection_mode"": ""orb_locomotion"", ""memory_selection_target"": null, ""memory_selection_anchor_type"": """", ""memory_selection_reason"": ""move=0.7454:Walk"", ""source_anchor_frame_id"": null, ""source_anchor_locked"": false, ""protected_anchor_ids"": """", ""loop_closure_detected"": false, ""turn_result"": """", ""policy_mode"": ""LocomotionPolicy"", ""allow_memory_query"": false, ""allow_hard_retrieve"": false, ""allow_soft_reuse"": false, ""query_result"": """", ""candidate_count"": 0, ""best_candidate_frame_id"": null, ""best_candidate_score"": 0.0, ""best_candidate_pose_distance"": 0.0, ""best_candidate_yaw_delta"": 0.0, ""best_candidate_frame_gap"": 0, ""target_window_ids"": """", ""retrieved_window_ids"": """", ""window_rank_reason"": """", ""trajectory_motion_state"": ""Progressing"", ""trajectory_direction"": ""forward"", ""trajectory_frames"": 8, ""trajectory_distance"": 8.163576677012436, ""trajectory_should_progress"": true, ""trajectory_confidence"": 1.0, ""revisit_gate_allow_retrieve"": false, ""revisit_gate_allow_soft_reuse"": false, ""revisit_gate_force_progress"": false, ""revisit_gate_protect_current"": false, ""revisit_gate_reason"": ""locomotion_only_orb_dominant"", ""selection_is_hard_retrieve"": false, ""selection_is_soft_reuse"": false, ""selection_is_progress"": false, ""action_mode"": ""Locomotion Only"", ""action_mode_confidence"": 0.7453560147132695, ""action_mode_reason"": ""move=0.7454:Walk"", ""scheduler_path"": ""Locomotion Only->orb_locomotion"", ""turn_state"": ""StableNewView"", ""turn_confidence"": 1.0, ""turn_duration"": 0, ""turn_direction"": ""right"", ""turn_reason"": ""stable"", ""window_layout_type"": ""orb_locomotion"", ""window_reason"": ""StableNewView:orb_locomotion"", ""frame_index"": 105, ""pose_x"": 0.19929961270181207, ""pose_z"": 14.75103765812016, ""pose_yaw"": 5.587935447692871e-09, ""pose_pitch"": 0.0, ""delta_x"": 0.3333333469927312, ""delta_z"": 0.6666666846722364, ""local_delta_x"": 0.3333333432674408, ""local_delta_z"": 0.6666666865348816, ""delta_yaw"": 0.0, ""delta_pitch"": 0.0, ""movement_magnitude"": 0.7453560147132695, ""rotation_magnitude"": 0.0, ""pose_confidence"": 1.0}"
Experiment001,108,1785815211.0174172,98,88,94,0.9715515803545713,depth,225280,0.9715515803545713,physmem_keep,86 87 88 95 96 97 98 99 100,stableworld_tri_9,9,1,6,146.2336820550263,,,,,0.9715515803545713,,,,Right,0.7453560147132695,0.5829335679214455,,KEEP,0.5946658253669739,,,,depth,0.9715515803545713,0.9715515803545713,"{""frame_id"": 108, ""current_frame_id"": 98, ""similarity"": 0.9715515803545713, ""similarity_type"": ""depth"", ""matching_points"": 225280, ""confidence"": 0.9715515803545713, ""decision"": ""physmem_keep"", ""memory_state"": [86, 87, 88, 95, 96, 97, 98, 99, 100], ""memory_id"": ""stableworld_tri_9"", ""memory_size"": 9, ""replace_count"": 1, ""keep_count"": 6, ""runtime"": 146.2336820550263, ""pose_event"": """", ""use_pose_memory"": true, ""view_intent"": ""None"", ""move_intent"": ""Right"", ""has_view_motion"": false, ""has_move_motion"": true, ""action_explanation"": ""lateral_motion"", ""pose_delta_position"": 0.3333333432674408, ""view_state"": ""Revisit"", ""view_confidence"": 0.7777777711550394, ""view_pose_distance"": 0.3333333432674408, ""view_yaw_delta"": 0.0, ""nearest_view_frame_id"": 95, ""memory_selection_mode"": ""orb_locomotion"", ""memory_selection_target"": null, ""memory_selection_anchor_type"": """", ""memory_selection_reason"": ""move=0.3333:Right"", ""source_anchor_frame_id"": null, ""source_anchor_locked"": false, ""protected_anchor_ids"": """", ""loop_closure_detected"": false, ""turn_result"": """", ""policy_mode"": ""LocomotionPolicy"", ""allow_memory_query"": false, ""allow_hard_retrieve"": false, ""allow_soft_reuse"": false, ""query_result"": """", ""candidate_count"": 0, ""best_candidate_frame_id"": null, ""best_candidate_score"": 0.0, ""best_candidate_pose_distance"": 0.0, ""best_candidate_yaw_delta"": 0.0, ""best_candidate_frame_gap"": 0, ""target_window_ids"": """", ""retrieved_window_ids"": """", ""window_rank_reason"": """", ""trajectory_motion_state"": ""Starting"", ""trajectory_direction"": ""right"", ""trajectory_frames"": 1, ""trajectory_distance"": 0.3333333432674408, ""trajectory_should_progress"": false, ""trajectory_confidence"": 0.75, ""revisit_gate_allow_retrieve"": false, ""revisit_gate_allow_soft_reuse"": false, ""revisit_gate_force_progress"": false, ""revisit_gate_protect_current"": false, ""revisit_gate_reason"": ""locomotion_only_orb_dominant"", ""selection_is_hard_retrieve"": false, ""selection_is_soft_reuse"": false, ""selection_is_progress"": false, ""action_mode"": ""Locomotion Only"", ""action_mode_confidence"": 0.3333333432674408, ""action_mode_reason"": ""move=0.3333:Right"", ""scheduler_path"": ""Locomotion Only->orb_locomotion"", ""turn_state"": ""StableNewView"", ""turn_confidence"": 1.0, ""turn_duration"": 0, ""turn_direction"": ""right"", ""turn_reason"": ""stable"", ""window_layout_type"": ""orb_locomotion"", ""window_reason"": ""StableNewView:orb_locomotion"", ""frame_index"": 108, ""pose_x"": 0.5326329559692529, ""pose_z"": 14.751037656257514, ""pose_yaw"": 5.587935447692871e-09, ""pose_pitch"": 0.0, ""delta_x"": 0.3333333432674408, ""delta_z"": -1.8626452047421083e-09, ""local_delta_x"": 0.3333333432674408, ""local_delta_z"": 0.0, ""delta_yaw"": 0.0, ""delta_pitch"": 0.0, ""movement_magnitude"": 0.3333333432674408, ""rotation_magnitude"": 0.0, ""pose_confidence"": 1.0}"
Experiment001,111,1785815213.0454752,101,88,97,0.9763658214360476,depth,225280,0.9763658214360476,physmem_keep,86 87 88 98 99 100 101 102 103,stableworld_tri_9,9,1,6,75.5062629468739,,,,,0.9763658214360476,,,,Turn Left,0.1796875,0.5799503698782575,,KEEP,0.6309762597084045,,,,depth,0.9763658214360476,0.9763658214360476,"{""frame_id"": 111, ""current_frame_id"": 101, ""similarity"": 0.9763658214360476, ""similarity_type"": ""depth"", ""matching_points"": 225280, ""confidence"": 0.9763658214360476, ""decision"": ""physmem_keep"", ""memory_state"": [86, 87, 88, 98, 99, 100, 101, 102, 103], ""memory_id"": ""stableworld_tri_9"", ""memory_size"": 9, ""replace_count"": 1, ""keep_count"": 6, ""runtime"": 75.5062629468739, ""pose_event"": """", ""use_pose_memory"": true, ""view_intent"": ""Turn Left"", ""move_intent"": ""None"", ""has_view_motion"": true, ""has_move_motion"": false, ""action_explanation"": ""viewpoint_change"", ""pose_delta_position"": 0.0, ""view_state"": ""View Transition"", ""view_confidence"": 0.5989583333333334, ""view_pose_distance"": 0.0, ""view_yaw_delta"": 0.1796875, ""nearest_view_frame_id"": 98, ""memory_selection_mode"": ""protect_current"", ""memory_selection_target"": null, ""memory_selection_anchor_type"": """", ""memory_selection_reason"": ""view=0.1797:Turn Left"", ""source_anchor_frame_id"": 88, ""source_anchor_locked"": true, ""protected_anchor_ids"": ""88"", ""loop_closure_detected"": false, ""turn_result"": ""TurnStart"", ""policy_mode"": ""TurnStartPolicy"", ""allow_memory_query"": false, ""allow_hard_retrieve"": false, ""allow_soft_reuse"": false, ""query_result"": """", ""candidate_count"": 0, ""best_candidate_frame_id"": null, ""best_candidate_score"": 0.0, ""best_candidate_pose_distance"": 0.0, ""best_candidate_yaw_delta"": 0.0, ""best_candidate_frame_gap"": 0, ""target_window_ids"": """", ""retrieved_window_ids"": """", ""window_rank_reason"": """", ""trajectory_motion_state"": ""Idle"", ""trajectory_direction"": ""none"", ""trajectory_frames"": 0, ""trajectory_distance"": 0.0, ""trajectory_should_progress"": false, ""trajectory_confidence"": 0.0, ""revisit_gate_allow_retrieve"": false, ""revisit_gate_allow_soft_reuse"": false, ""revisit_gate_force_progress"": false, ""revisit_gate_protect_current"": true, ""revisit_gate_reason"": ""view_transition"", ""selection_is_hard_retrieve"": false, ""selection_is_soft_reuse"": false, ""selection_is_progress"": false, ""action_mode"": ""View Rotation Only"", ""action_mode_confidence"": 0.998263888888889, ""action_mode_reason"": ""view=0.1797:Turn Left"", ""scheduler_path"": ""View Rotation Only->protect_current"", ""turn_state"": ""TurnStart"", ""turn_confidence"": 1.0, ""turn_duration"": 1, ""turn_direction"": ""left"", ""turn_reason"": ""rotation=0.1797"", ""window_layout_type"": ""protect_current"", ""window_reason"": ""TurnStart:protect_current"", ""frame_index"": 111, ""pose_x"": 0.5326329559692529, ""pose_z"": 14.751037656257514, ""pose_yaw"": -0.17968749441206455, ""pose_pitch"": 0.0, ""delta_x"": 0.0, ""delta_z"": 0.0, ""local_delta_x"": 0.0, ""local_delta_z"": 0.0, ""delta_yaw"": -0.1796875, ""delta_pitch"": 0.0, ""movement_magnitude"": 0.0, ""rotation_magnitude"": 0.1796875, ""pose_confidence"": 1.0}"
Experiment001,114,1785815215.1297903,104,88,100,0.9793338235467672,depth,225280,0.9793338235467672,physmem_keep,86 87 88 101 102 103 104 105 106,stableworld_tri_9,9,1,6,65.98759815096855,,,,,0.9793338235467672,,,,Turn Left,0.1796875,0.5950340684422362,,KEEP,0.6931887865066528,,,,depth,0.9793338235467672,0.9793338235467672,"{""frame_id"": 114, ""current_frame_id"": 104, ""similarity"": 0.9793338235467672, ""similarity_type"": ""depth"", ""matching_points"": 225280, ""confidence"": 0.9793338235467672, ""decision"": ""physmem_keep"", ""memory_state"": [86, 87, 88, 101, 102, 103, 104, 105, 106], ""memory_id"": ""stableworld_tri_9"", ""memory_size"": 9, ""replace_count"": 1, ""keep_count"": 6, ""runtime"": 65.98759815096855, ""pose_event"": """", ""use_pose_memory"": true, ""view_intent"": ""Turn Left"", ""move_intent"": ""None"", ""has_view_motion"": true, ""has_move_motion"": false, ""action_explanation"": ""viewpoint_change"", ""pose_delta_position"": 0.0, ""view_state"": ""View Transition"", ""view_confidence"": 0.5989583333333334, ""view_pose_distance"": 0.0, ""view_yaw_delta"": 0.359375, ""nearest_view_frame_id"": 98, ""memory_selection_mode"": ""turn_transition"", ""memory_selection_target"": null, ""memory_selection_anchor_type"": """", ""memory_selection_reason"": ""rotation=0.1797"", ""source_anchor_frame_id"": 88, ""source_anchor_locked"": true, ""protected_anchor_ids"": ""88"", ""loop_closure_detected"": false, ""turn_result"": ""UnstableTransition"", ""policy_mode"": ""ViewTransitionPolicy"", ""allow_memory_query"": false, ""allow_hard_retrieve"": false, ""allow_soft_reuse"": false, ""query_result"": """", ""candidate_count"": 0, ""best_candidate_frame_id"": null, ""best_candidate_score"": 0.0, ""best_candidate_pose_distance"": 0.0, ""best_candidate_yaw_delta"": 0.0, ""best_candidate_frame_gap"": 0, ""target_window_ids"": """", ""retrieved_window_ids"": """", ""window_rank_reason"": """", ""trajectory_motion_state"": ""Idle"", ""trajectory_direction"": ""none"", ""trajectory_frames"": 0, ""trajectory_distance"": 0.0, ""trajectory_should_progress"": false, ""trajectory_confidence"": 0.0, ""revisit_gate_allow_retrieve"": false, ""revisit_gate_allow_soft_reuse"": false, ""revisit_gate_force_progress"": false, ""revisit_gate_protect_current"": true, ""revisit_gate_reason"": ""view_transition"", ""selection_is_hard_retrieve"": false, ""selection_is_soft_reuse"": false, ""selection_is_progress"": false, ""action_mode"": ""View Rotation Only"", ""action_mode_confidence"": 0.998263888888889, ""action_mode_reason"": ""view=0.1797:Turn Left"", ""scheduler_path"": ""View Rotation Only->turn_transition"", ""turn_state"": ""TurnInProgress"", ""turn_confidence"": 1.0, ""turn_duration"": 2, ""turn_direction"": ""left"", ""turn_reason"": ""rotation=0.1797"", ""window_layout_type"": ""turn_transition"", ""window_reason"": ""TurnInProgress:turn_transition"", ""frame_index"": 114, ""pose_x"": 0.5326329559692529, ""pose_z"": 14.751037656257514, ""pose_yaw"": -0.35937499441206455, ""pose_pitch"": 0.0, ""delta_x"": 0.0, ""delta_z"": 0.0, ""local_delta_x"": 0.0, ""local_delta_z"": 0.0, ""delta_yaw"": -0.1796875, ""delta_pitch"": 0.0, ""movement_magnitude"": 0.0, ""rotation_magnitude"": 0.1796875, ""pose_confidence"": 1.0}"
Experiment001,117,1785815216.8019726,107,88,103,0.9658724181354046,depth,225280,0.9658724181354046,physmem_insert,88 101 102 103 104 105 106 107 108,stableworld_tri_9,9,1,7,65.17549185082316,,,,,0.9658724181354046,,,,Viewpoint Locomotion,0.7453560147132695,0.5446509695831483,,INSERT,0.6251992583274841,,,,depth,0.9658724181354046,0.9658724181354046,"{""frame_id"": 117, ""current_frame_id"": 107, ""similarity"": 0.9658724181354046, ""similarity_type"": ""depth"", ""matching_points"": 225280, ""confidence"": 0.9658724181354046, ""decision"": ""physmem_insert"", ""memory_state"": [88, 101, 102, 103, 104, 105, 106, 107, 108], ""memory_id"": ""stableworld_tri_9"", ""memory_size"": 9, ""replace_count"": 1, ""keep_count"": 7, ""runtime"": 65.17549185082316, ""pose_event"": """", ""use_pose_memory"": true, ""view_intent"": ""Turn Right"", ""move_intent"": ""Left"", ""has_view_motion"": true, ""has_move_motion"": true, ""action_explanation"": ""viewpoint_locomotion"", ""pose_delta_position"": 0.3333333432674408, ""view_state"": ""Revisit"", ""view_confidence"": 0.4992971676336348, ""view_pose_distance"": 0.10931317446005465, ""view_yaw_delta"": 0.2994791679084301, ""nearest_view_frame_id"": 95, ""memory_selection_mode"": ""turn_transition"", ""memory_selection_target"": null, ""memory_selection_anchor_type"": """", ""memory_selection_reason"": ""rotation=0.0599"", ""source_anchor_frame_id"": 88, ""source_anchor_locked"": true, ""protected_anchor_ids"": ""88"", ""loop_closure_detected"": false, ""turn_result"": ""UnstableTransition"", ""policy_mode"": ""ViewTransitionPolicy"", ""allow_memory_query"": false, ""allow_hard_retrieve"": false, ""allow_soft_reuse"": false, ""query_result"": """", ""candidate_count"": 0, ""best_candidate_frame_id"": null, ""best_candidate_score"": 0.0, ""best_candidate_pose_distance"": 0.0, ""best_candidate_yaw_delta"": 0.0, ""best_candidate_frame_gap"": 0, ""target_window_ids"": """", ""retrieved_window_ids"": """", ""window_rank_reason"": """", ""trajectory_motion_state"": ""Starting"", ""trajectory_direction"": ""left"", ""trajectory_frames"": 1, ""trajectory_distance"": 0.3333333432674408, ""trajectory_should_progress"": false, ""trajectory_confidence"": 0.75, ""revisit_gate_allow_retrieve"": false, ""revisit_gate_allow_soft_reuse"": false, ""revisit_gate_force_progress"": false, ""revisit_gate_protect_current"": false, ""revisit_gate_reason"": ""revisit_blocked_by_motion:0.3333"", ""selection_is_hard_retrieve"": false, ""selection_is_soft_reuse"": false, ""selection_is_progress"": false, ""action_mode"": ""Viewpoint Locomotion"", ""action_mode_confidence"": 0.3333333432674408, ""action_mode_reason"": ""move=0.3333:view=0.0599:Viewpoint Locomotion"", ""scheduler_path"": ""Viewpoint Locomotion->turn_transition"", ""turn_state"": ""TurnInProgress"", ""turn_confidence"": 0.7486979011446238, ""turn_duration"": 3, ""turn_direction"": ""right"", ""turn_reason"": ""rotation=0.0599"", ""window_layout_type"": ""turn_transition"", ""window_reason"": ""TurnInProgress:turn_transition"", ""frame_index"": 117, ""pose_x"": 0.21722366673086768, ""pose_z"": 14.643203997337926, ""pose_yaw"": -0.29947916232049465, ""pose_pitch"": 0.0, ""delta_x"": -0.3154092892383852, ""delta_z"": -0.10783365891958879, ""local_delta_x"": -0.3333333432674408, ""local_delta_z"": 0.0, ""delta_yaw"": 0.0598958320915699, ""delta_pitch"": 0.0, ""movement_magnitude"": 0.3333333432674408, ""rotation_magnitude"": 0.0598958320915699, ""pose_confidence"": 1.0}"
